Handle,Title,Body (HTML),Vendor,Product Category,Type,Tags,Published,Option1 Name,Option1 Value,Option1 Linked To,Option2 Name,Option2 Value,Option2 Linked To,Option3 Name,Option3 Value,Option3 Linked To,Variant SKU,Variant Grams,Variant Inventory Tracker,Variant Inventory Qty,Variant Inventory Policy,Variant Fulfillment Service,Variant Price,Variant Compare At Price,Variant Requires Shipping,Variant Taxable,Unit Price Total Measure,Unit Price Total Measure Unit,Unit Price Base Measure,Unit Price Base Measure Unit,Variant Barcode,Image Src,Image Position,Image Alt Text,Gift Card,SEO Title,SEO Description,Tranche d’âge (product.metafields.shopify.age-group),Options de fixation (product.metafields.shopify.attachment-options),Conception du bracelet (product.metafields.shopify.bracelet-design),Couleur (product.metafields.shopify.color-pattern),Conception de boucle d’oreille (product.metafields.shopify.earring-design),Tissu (product.metafields.shopify.fabric),Couleur de l’encre (product.metafields.shopify.ink-color),Matériau du bijou (product.metafields.shopify.jewelry-material),Type de bijoux (product.metafields.shopify.jewelry-type),Matériel (product.metafields.shopify.material),Couleur du stylo (product.metafields.shopify.pen-color),Conception de la pointe du stylo (product.metafields.shopify.pen-tip-design),Sexe cible (product.metafields.shopify.target-gender),Parfum des lingettes (product.metafields.shopify.wipe-fragrance),Variant Image,Variant Weight Unit,Variant Tax Code,Cost per item,Status
coffret-parure-coeur-bracelet-boucles-assorties-fait-main,Coffret Parure Cœur – Bracelet & Boucles assorties – Fait main,"<p>Parure Cœur faite main composée d’un bracelet réglable et d’une paire de créoles assorties.</p>
<p>Chaque pièce est entièrement réalisée à la main en pâte polymère, ce qui rend chaque modèle unique. Les petits cœurs sont façonnés avec soin, dans des teintes modernes et lumineuses, sublimées par de délicates touches dorées. Les créoles sont en acier inoxydable, résistants et adaptés à un usage quotidien.</p>
<p>Le bracelet est monté sur un lien réglable qui s’adapte facilement à tous les poignets, aussi bien pour une femme que pour une petite fille. Les créoles, légères et agréables à porter, apportent une touche tendance et féminine à l’ensemble.</p>
<p>Cette parure est idéale pour offrir ou se faire plaisir avec un bijou original, coloré et fait avec amour. Elle convient parfaitement pour un duo mère-fille ou simplement pour toutes celles qui aiment les accessoires doux et pétillants.</p>
<p>Conseils d’entretien : <br>Pour préserver la beauté de vos bijoux, évitez le contact avec l’eau, les produits ménagers, les crèmes et le parfum.</p>
<p>• Bracelet réglable (convient femme et enfant) <br>• Paire de créoles assorties <br>• Bijoux en pâte polymère faits main <br>• Créoles en acier inoxydable <br>• Chaque modèle est unique</p>",JOLANANAS,Apparel & Accessories > Jewelry > Jewelry Sets,"","",true,C,Coffret Cœur Citron (jaune),,,,,,,,,0.0,shopify,1,deny,manual,20.00,,true,true,,,,,,https://cdn.shopify.com/s/files/1/0908/5508/0263/files/IMG-8285.heic?v=1771422914,1,"",false,,,adultes; enfants,,,orange; rose; bleu; jaune,,,,polymere; acier-inoxydable,bijoux-pate-polymere,,,,feminin,,https://cdn.shopify.com/s/files/1/0908/5508/0263/files/IMG-8285.heic?v=1771422914,kg,,,active
coffret-parure-coeur-bracelet-boucles-assorties-fait-main,,,,,,,,,Coffret Cœur Bonbon (rose),,,,,,,,,0.0,shopify,1,deny,manual,20.00,,true,true,,,,,,https://cdn.shopify.com/s/files/1/0908/5508/0263/files/IMG-8283.heic?v=1771422970,2,"",,,,,,,,,,,,,,,,,,https://cdn.shopify.com/s/files/1/0908/5508/0263/files/IMG-8283.heic?v=1771422970,kg,,,
coffret-parure-coeur-bracelet-boucles-assorties-fait-main,,,,,,,,,Coffret Cœur Sunset (orange),,,,,,,,,0.0,shopify,1,deny,manual,20.00,,true,true,,,,,,https://cdn.shopify.com/s/files/1/0908/5508/0263/files/IMG-8281.heic?v=1771423010,3,"",,,,,,,,,,,,,,,,,,https://cdn.shopify.com/s/files/1/0908/5508/0263/files/IMG-8281.heic?v=1771423010,kg,,,
coffret-parure-coeur-bracelet-boucles-assorties-fait-main,,,,,,,,,Coffret Cœur Océan (bleu),,,,,,,,,0.0,shopify,1,deny,manual,20.00,,true,true,,,,,,https://cdn.shopify.com/s/files/1/0908/5508/0263/files/IMG-8284.heic?v=1771423052,4,"",,,,,,,,,,,,,,,,,,https://cdn.shopify.com/s/files/1/0908/5508/0263/files/IMG-8284.heic?v=1771423052,kg,,,
✨-marque-page-en-resine-piece-unique,✨ Marque-page en résine – Pièce unique,"<p><span>Ce marque-page en résine est une véritable pièce unique, à la fois pratique et décorative. Chaque création est réalisée à la main, avec des jeux de couleurs, de paillettes ou d’inclusions qui rendent chaque modèle différent.</span></p>
<p><span>Pensé comme un accessoire de lecture original, il apporte une touche brillante et élégante à tes livres, tout en faisant un joli cadeau fait main.</span></p>
<p><span>✨ Aucun marque-page ne ressemble à un autre.</span></p>
<p><span>Détails :</span></p>
<p> </p>
<ul>
<li><span>Marque-page en résine</span></li>
<li><span>Pièce unique</span></li>
<li><span>Création artisanale</span></li>
<li><span>Vendu à l’unité</span></li>
</ul>
<p>💛 De légères variations peuvent apparaître, preuve d’un travail entièrement fait à la main.<br><span></span></p>
<p> </p>",JOLANANAS,Office Supplies > Book Accessories > Bookmarks,Marque-page,"",true,Marque-page,Marque-page 🪶résine marron doré,,,,,,,,,0.0,shopify,1,deny,manual,9.50,,true,true,,,,,,https://cdn.shopify.com/s/files/1/0908/5508/0263/files/FullSizeRender.heic?v=1770189145,1,"",false,,,,,,,,,,,,,,,,,https://cdn.shopify.com/s/files/1/0908/5508/0263/files/FullSizeRender.heic?v=1770189145,kg,,,active
✨-marque-page-en-resine-piece-unique,,,,,,,,,Marque-page 🪶résine blanc/ feuille d’or,,,,,,,,,0.0,shopify,1,deny,manual,9.50,,true,true,,,,,,https://cdn.shopify.com/s/files/1/0908/5508/0263/files/FullSizeRender_41c6691d-5293-469a-9213-a298c396a623.heic?v=1770189350,2,"",,,,,,,,,,,,,,,,,,https://cdn.shopify.com/s/files/1/0908/5508/0263/files/FullSizeRender_41c6691d-5293-469a-9213-a298c396a623.heic?v=1770189350,kg,,,
✨-marque-page-en-resine-piece-unique,,,,,,,,,Marque-page 🪶fleurs séchées,,,,,,,,,0.0,shopify,1,deny,manual,9.50,,true,true,,,,,,https://cdn.shopify.com/s/files/1/0908/5508/0263/files/FullSizeRender_37a8bdc8-dca1-47c1-b24c-92d0e24b3a07.heic?v=1770189371,3,"",,,,,,,,,,,,,,,,,,https://cdn.shopify.com/s/files/1/0908/5508/0263/files/FullSizeRender_37a8bdc8-dca1-47c1-b24c-92d0e24b3a07.heic?v=1770189371,kg,,,
✨-marque-page-en-resine-piece-unique,,,,,,,,,Marque-page 🪶rose/bleu,,,,,,,,,0.0,shopify,1,deny,manual,9.50,,true,true,,,,,,https://cdn.shopify.com/s/files/1/0908/5508/0263/files/FullSizeRender_d519ed92-dd61-4c18-8e30-45243006cab9.heic?v=1770189433,4,"",,,,,,,,,,,,,,,,,,https://cdn.shopify.com/s/files/1/0908/5508/0263/files/FullSizeRender_d519ed92-dd61-4c18-8e30-45243006cab9.heic?v=1770189433,kg,,,
✨-marque-page-en-resine-piece-unique,,,,,,,,,Marque-page 🪶noir / feuille d’or,,,,,,,,,0.0,shopify,1,deny,manual,9.50,,true,true,,,,,,https://cdn.shopify.com/s/files/1/0908/5508/0263/files/FullSizeRender_58e46318-871e-430a-95ad-7d10db3c4a60.heic?v=1770189482,5,"",,,,,,,,,,,,,,,,,,https://cdn.shopify.com/s/files/1/0908/5508/0263/files/FullSizeRender_58e46318-871e-430a-95ad-7d10db3c4a60.heic?v=1770189482,kg,,,
✨-marque-page-en-resine-piece-unique,,,,,,,,,Marque-page 🪶rose/rouge,,,,,,,,,0.0,shopify,1,deny,manual,9.50,,true,true,,,,,,https://cdn.shopify.com/s/files/1/0908/5508/0263/files/FullSizeRender_9ffec457-b38e-4ef0-aa53-1e288f7bdebe.heic?v=1770189528,6,"",,,,,,,,,,,,,,,,,,https://cdn.shopify.com/s/files/1/0908/5508/0263/files/FullSizeRender_9ffec457-b38e-4ef0-aa53-1e288f7bdebe.heic?v=1770189528,kg,,,
✨-marque-page-en-resine-piece-unique,,,,,,,,,Marque-page 🪶léopard,,,,,,,,,0.0,shopify,1,deny,manual,9.50,,true,true,,,,,,https://cdn.shopify.com/s/files/1/0908/5508/0263/files/IMG-8032.heic?v=1770189575,7,"",,,,,,,,,,,,,,,,,,https://cdn.shopify.com/s/files/1/0908/5508/0263/files/IMG-8032.heic?v=1770189575,kg,,,
✨-marque-page-en-resine-piece-unique,,,,,,,,,Marque-page 🪶paillettes rose/bleu,,,,,,,,,0.0,shopify,1,deny,manual,9.50,,true,true,,,,,,https://cdn.shopify.com/s/files/1/0908/5508/0263/files/FullSizeRender_fe7f0d43-4710-4be9-a688-6219d8f9b739.heic?v=1770189653,8,"",,,,,,,,,,,,,,,,,,https://cdn.shopify.com/s/files/1/0908/5508/0263/files/FullSizeRender_fe7f0d43-4710-4be9-a688-6219d8f9b739.heic?v=1770189653,kg,,,
✨-marque-page-en-resine-piece-unique,,,,,,,,,Marque-page🪶 rose argent,,,,,,,,,0.0,shopify,1,deny,manual,9.50,,true,true,,,,,,https://cdn.shopify.com/s/files/1/0908/5508/0263/files/FullSizeRender_1ee32242-3113-4c3e-a394-4f586ac634c1.heic?v=1770189708,9,"",,,,,,,,,,,,,,,,,,https://cdn.shopify.com/s/files/1/0908/5508/0263/files/FullSizeRender_1ee32242-3113-4c3e-a394-4f586ac634c1.heic?v=1770189708,kg,,,
✨-marque-page-en-resine-piece-unique,,,,,,,,,Marque-page 🪶or/rose,,,,,,,,,0.0,shopify,1,deny,manual,9.50,,true,true,,,,,,https://cdn.shopify.com/s/files/1/0908/5508/0263/files/FullSizeRender_4d734b10-4bf9-4114-823c-3a769f5281cd.heic?v=1770189735,10,"",,,,,,,,,,,,,,,,,,https://cdn.shopify.com/s/files/1/0908/5508/0263/files/FullSizeRender_4d734b10-4bf9-4114-823c-3a769f5281cd.heic?v=1770189735,kg,,,
🌿-marque-page-en-bois-creation-artisanale,🌿 Marque-page en bois – Création artisanale,"<p><span>Apporte une touche de douceur à tes moments de lecture avec ce marque-page en bois, décoré avec soin et pensé comme un petit objet plaisir.</span></p>
<p><span>Chaque pièce est créée à la main, avec un design délicat et un message inspirant. Le nœud en tissu apporte une finition élégante et chaleureuse, idéale pour un cadeau attentionné ou pour se faire plaisir.</span></p>
<p><span>✨ Parfait pour accompagner tes lectures du quotidien ou offrir à une amoureuse des livres.</span></p>
<p><span>Détails :</span></p>
<p> </p>
<ul>
<li><span>Marque-page en bois</span></li>
<li><span>Nœud en tissu </span></li>
<li><span>Création artisanale</span></li>
<li><span>Vendu à l’unité</span></li>
</ul>
<p>💛 Chaque modèle peut présenter de légères variations, faisant tout son charme.<br><span></span></p>
<p> </p>",JOLANANAS,Office Supplies > Book Accessories > Bookmarks,Marque-page,"",true,Marque page,Marque-page bois 🎀 rose,,,,,,,,,0.0,shopify,2,deny,manual,9.50,,true,true,,,,,,https://cdn.shopify.com/s/files/1/0908/5508/0263/files/IMG-8018.heic?v=1770133392,1,"",false,,,,,,,,,,,,,,,,,https://cdn.shopify.com/s/files/1/0908/5508/0263/files/IMG-8018.heic?v=1770133392,kg,,,active
🌿-marque-page-en-bois-creation-artisanale,,,,,,,,,Marque-page bois noeud léopard,,,,,,,,,0.0,shopify,2,deny,manual,9.50,,true,true,,,,,,https://cdn.shopify.com/s/files/1/0908/5508/0263/files/IMG-8020.heic?v=1770133710,2,"",,,,,,,,,,,,,,,,,,https://cdn.shopify.com/s/files/1/0908/5508/0263/files/IMG-8020.heic?v=1770133710,kg,,,
creoles-en-acier-inoxydable,Créoles en acier inoxydable,"<h3 data-start=""249"" data-end=""309"">Créoles en acier inoxydable : Compatibles avec les pampilles.</h3>
<p><span>Intemporelles, élégantes et faciles à porter, les créoles en acier inoxydable sont des indispensables du quotidien. Leur design épuré s’adapte à tous les styles, du plus minimal au plus affirmé, et sublime aussi bien une tenue décontractée qu’un look plus habillé.</span></p>
<p>Légères et confortables, les créoles sont pensées pour être portées avec les pampilles, mais peuvent également être portées seules pour un rendu plus minimaliste. Leur fermoir clic sécurisé et leur finition soignée offrent un confort optimal au quotidien.<br><span></span></p>
<p>Durables et faciles à vivre, elles deviendront rapidement un essentiel de ta collection.<br><span></span></p>
<p>Détails :<br><span></span></p>
<p> </p>
<ul>
<li><span>Matériau : acier inoxydable</span></li>
<li><span>Fermoir : clic sécurisé</span></li>
<li><span>Couleurs : doré / argent / couleurs</span></li>
<li><span>Vendues par paire</span></li>
</ul>
<p>Ces créoles conviennent parfaitement aux personnes ayant une peau sensible ou des allergies aux métaux, et sont également adaptées aux enfants.<br><span></span></p>
<p> </p>
<p>Compatibles avec tous les types de pampilles.<br><span></span></p>
<p><span>⚠️ À noter : les créoles de petite taille ou les créoles colorées ne sont pas compatibles avec toutes les pampilles.</span></p>
<p>Conseils d’entretien :<br><span></span></p>
<p><span>Évitez tout contact prolongé avec des produits chimiques agressifs (chlore, parfum, produits ménagers).</span></p>
<p> </p>",JOLANANAS,Apparel & Accessories > Jewelry > Earrings,"","",true,Cœur,Créoles cœur ❤️ dorées ≈ 20 mm,,,,,,,,,0.0,shopify,6,deny,manual,8.00,,true,true,,,,,,https://cdn.shopify.com/s/files/1/0908/5508/0263/files/IMG-7927.heic?v=1770114781,1,"",false,,,tous-ages-1,,,argent; multicolore; or,solitaire,,,acier-inoxydable,bijoux,,,,unisexe-1,,https://cdn.shopify.com/s/files/1/0908/5508/0263/files/IMG-7927.heic?v=1770114781,kg,,,active
creoles-en-acier-inoxydable,,,,,,,,,Créoles torsadées ≈16mm,,,,,,,,,0.0,shopify,5,deny,manual,9.50,,true,true,,,,,,https://cdn.shopify.com/s/files/1/0908/5508/0263/files/IMG-7928.heic?v=1770115010,2,"",,,,,,,,,,,,,,,,,,https://cdn.shopify.com/s/files/1/0908/5508/0263/files/IMG-7928.heic?v=1770115010,kg,,,
creoles-en-acier-inoxydable,,,,,,,,,Créoles rectangulaires ≈ 17× 11mm,,,,,,,,,0.0,shopify,14,deny,manual,8.00,,true,true,,,,,,https://cdn.shopify.com/s/files/1/0908/5508/0263/files/IMG-7929.heic?v=1770115232,3,"",,,,,,,,,,,,,,,,,,https://cdn.shopify.com/s/files/1/0908/5508/0263/files/IMG-7929.heic?v=1770115232,kg,,,
creoles-en-acier-inoxydable,,,,,,,,,Créoles rondes dorées ≈ 18 mm,,,,,,,,,0.0,shopify,4,deny,manual,9.50,,true,true,,,,,,https://cdn.shopify.com/s/files/1/0908/5508/0263/files/IMG-7930.heic?v=1770115394,4,"",,,,,,,,,,,,,,,,,,https://cdn.shopify.com/s/files/1/0908/5508/0263/files/IMG-7930.heic?v=1770115394,kg,,,
creoles-en-acier-inoxydable,,,,,,,,,Créoles rondes dorées ≈ 15mm,,,,,,,,,0.0,shopify,17,deny,manual,8.00,,true,true,,,,,,https://cdn.shopify.com/s/files/1/0908/5508/0263/files/IMG-7931.heic?v=1770115540,5,"",,,,,,,,,,,,,,,,,,https://cdn.shopify.com/s/files/1/0908/5508/0263/files/IMG-7931.heic?v=1770115540,kg,,,
creoles-en-acier-inoxydable,,,,,,,,,Créoles rondes dorées ≈ 17mm,,,,,,,,,0.0,shopify,9,deny,manual,8.00,,true,true,,,,,,https://cdn.shopify.com/s/files/1/0908/5508/0263/files/IMG-7932.heic?v=1770115686,6,"",,,,,,,,,,,,,,,,,,https://cdn.shopify.com/s/files/1/0908/5508/0263/files/IMG-7932.heic?v=1770115686,kg,,,
creoles-en-acier-inoxydable,,,,,,,,,Créoles rondes dorées ≈ 13mm,,,,,,,,,0.0,shopify,27,deny,manual,8.00,,true,true,,,,,,https://cdn.shopify.com/s/files/1/0908/5508/0263/files/IMG-7933.heic?v=1770115836,7,"",,,,,,,,,,,,,,,,,,https://cdn.shopify.com/s/files/1/0908/5508/0263/files/IMG-7933.heic?v=1770115836,kg,,,
creoles-en-acier-inoxydable,,,,,,,,,Créoles martelées dorées ≈15mm,,,,,,,,,0.0,shopify,5,deny,manual,9.50,,true,true,,,,,,https://cdn.shopify.com/s/files/1/0908/5508/0263/files/IMG-7934.heic?v=1770116036,8,"",,,,,,,,,,,,,,,,,,https://cdn.shopify.com/s/files/1/0908/5508/0263/files/IMG-7934.heic?v=1770116036,kg,,,
creoles-en-acier-inoxydable,,,,,,,,,Créoles martelées dorées ≈22mm,,,,,,,,,0.0,shopify,4,deny,manual,12.00,,true,true,,,,,,https://cdn.shopify.com/s/files/1/0908/5508/0263/files/IMG-7935_bfa3caeb-4132-4409-89e8-4b5f807e4b5e.heic?v=1770116186,9,"",,,,,,,,,,,,,,,,,,https://cdn.shopify.com/s/files/1/0908/5508/0263/files/IMG-7935_bfa3caeb-4132-4409-89e8-4b5f807e4b5e.heic?v=1770116186,kg,,,
creoles-en-acier-inoxydable,,,,,,,,,Créoles martelées dorées ≈ 11 mm,,,,,,,,,0.0,shopify,10,deny,manual,8.00,,true,true,,,,,,https://cdn.shopify.com/s/files/1/0908/5508/0263/files/IMG-7936.heic?v=1770116334,10,"",,,,,,,,,,,,,,,,,,https://cdn.shopify.com/s/files/1/0908/5508/0263/files/IMG-7936.heic?v=1770116334,kg,,,
creoles-en-acier-inoxydable,,,,,,,,,Créoles rouge ≈12mm,,,,,,,,,0.0,shopify,5,deny,manual,8.00,,true,true,,,,,,https://cdn.shopify.com/s/files/1/0908/5508/0263/files/IMG-7937.heic?v=1770116591,11,"",,,,,,,,,,,,,,,,,,https://cdn.shopify.com/s/files/1/0908/5508/0263/files/IMG-7937.heic?v=1770116591,kg,,,
creoles-en-acier-inoxydable,,,,,,,,,Créoles violette  ≈12mm,,,,,,,,,0.0,shopify,3,deny,manual,8.00,,true,true,,,,,,https://cdn.shopify.com/s/files/1/0908/5508/0263/files/IMG-7938.heic?v=1770116695,12,"",,,,,,,,,,,,,,,,,,https://cdn.shopify.com/s/files/1/0908/5508/0263/files/IMG-7938.heic?v=1770116695,kg,,,
creoles-en-acier-inoxydable,,,,,,,,,Créoles blanche  ≈12mm,,,,,,,,,0.0,shopify,4,deny,manual,8.00,,true,true,,,,,,https://cdn.shopify.com/s/files/1/0908/5508/0263/files/IMG-7939.heic?v=1770116805,13,"",,,,,,,,,,,,,,,,,,https://cdn.shopify.com/s/files/1/0908/5508/0263/files/IMG-7939.heic?v=1770116805,kg,,,
creoles-en-acier-inoxydable,,,,,,,,,Créoles verte  ≈12mm,,,,,,,,,0.0,shopify,8,deny,manual,8.00,,true,true,,,,,,https://cdn.shopify.com/s/files/1/0908/5508/0263/files/IMG-7940.heic?v=1770116905,14,"",,,,,,,,,,,,,,,,,,https://cdn.shopify.com/s/files/1/0908/5508/0263/files/IMG-7940.heic?v=1770116905,kg,,,
creoles-en-acier-inoxydable,,,,,,,,,Créoles vert d’eau  ≈12mm,,,,,,,,,0.0,shopify,6,deny,manual,8.00,,true,true,,,,,,https://cdn.shopify.com/s/files/1/0908/5508/0263/files/IMG-7941.heic?v=1770116994,15,"",,,,,,,,,,,,,,,,,,https://cdn.shopify.com/s/files/1/0908/5508/0263/files/IMG-7941.heic?v=1770116994,kg,,,
creoles-en-acier-inoxydable,,,,,,,,,Créoles vert foncé,,,,,,,,,0.0,shopify,6,deny,manual,8.00,,true,true,,,,,,https://cdn.shopify.com/s/files/1/0908/5508/0263/files/IMG-7942.heic?v=1770117097,16,"",,,,,,,,,,,,,,,,,,https://cdn.shopify.com/s/files/1/0908/5508/0263/files/IMG-7942.heic?v=1770117097,kg,,,
creoles-en-acier-inoxydable,,,,,,,,,Créoles bleu clair  ≈12mm,,,,,,,,,0.0,shopify,7,deny,manual,8.00,,true,true,,,,,,https://cdn.shopify.com/s/files/1/0908/5508/0263/files/IMG-7943.heic?v=1770117186,17,"",,,,,,,,,,,,,,,,,,https://cdn.shopify.com/s/files/1/0908/5508/0263/files/IMG-7943.heic?v=1770117186,kg,,,
creoles-en-acier-inoxydable,,,,,,,,,Créoles bleu turquoise  ≈12mm,,,,,,,,,0.0,shopify,10,deny,manual,8.00,,true,true,,,,,,https://cdn.shopify.com/s/files/1/0908/5508/0263/files/IMG-7944.heic?v=1770117295,18,"",,,,,,,,,,,,,,,,,,https://cdn.shopify.com/s/files/1/0908/5508/0263/files/IMG-7944.heic?v=1770117295,kg,,,
creoles-en-acier-inoxydable,,,,,,,,,Créoles bleu  ≈12mm,,,,,,,,,0.0,shopify,6,deny,manual,8.00,,true,true,,,,,,https://cdn.shopify.com/s/files/1/0908/5508/0263/files/IMG-7945.heic?v=1770117369,19,"",,,,,,,,,,,,,,,,,,https://cdn.shopify.com/s/files/1/0908/5508/0263/files/IMG-7945.heic?v=1770117369,kg,,,
creoles-en-acier-inoxydable,,,,,,,,,Créoles bleu paon  ≈12mm,,,,,,,,,0.0,shopify,7,deny,manual,8.00,,true,true,,,,,,https://cdn.shopify.com/s/files/1/0908/5508/0263/files/IMG-7959.heic?v=1770117539,20,"",,,,,,,,,,,,,,,,,,https://cdn.shopify.com/s/files/1/0908/5508/0263/files/IMG-7959.heic?v=1770117539,kg,,,
creoles-en-acier-inoxydable,,,,,,,,,Créoles rose clair  ≈12mm,,,,,,,,,0.0,shopify,9,deny,manual,8.00,,true,true,,,,,,https://cdn.shopify.com/s/files/1/0908/5508/0263/files/IMG-7946.heic?v=1770117641,21,"",,,,,,,,,,,,,,,,,,https://cdn.shopify.com/s/files/1/0908/5508/0263/files/IMG-7946.heic?v=1770117641,kg,,,
creoles-en-acier-inoxydable,,,,,,,,,Créoles rose fuchsia ≈12mm,,,,,,,,,0.0,shopify,9,deny,manual,8.00,,true,true,,,,,,https://cdn.shopify.com/s/files/1/0908/5508/0263/files/IMG-7947.heic?v=1770117684,22,"",,,,,,,,,,,,,,,,,,https://cdn.shopify.com/s/files/1/0908/5508/0263/files/IMG-7947.heic?v=1770117684,kg,,,
creoles-en-acier-inoxydable,,,,,,,,,Créoles lilas  ≈12mm,,,,,,,,,0.0,shopify,4,deny,manual,8.00,,true,true,,,,,,https://cdn.shopify.com/s/files/1/0908/5508/0263/files/IMG-7948.heic?v=1770117751,23,"",,,,,,,,,,,,,,,,,,https://cdn.shopify.com/s/files/1/0908/5508/0263/files/IMG-7948.heic?v=1770117751,kg,,,
creoles-en-acier-inoxydable,,,,,,,,,Créoles jaune  ≈12mm,,,,,,,,,0.0,shopify,13,deny,manual,8.00,,true,true,,,,,,https://cdn.shopify.com/s/files/1/0908/5508/0263/files/IMG-7950.heic?v=1770118013,24,"",,,,,,,,,,,,,,,,,,https://cdn.shopify.com/s/files/1/0908/5508/0263/files/IMG-7950.heic?v=1770118013,kg,,,
creoles-en-acier-inoxydable,,,,,,,,,Créoles moutarde  ≈12mm,,,,,,,,,0.0,shopify,6,deny,manual,8.00,,true,true,,,,,,https://cdn.shopify.com/s/files/1/0908/5508/0263/files/IMG-7949.heic?v=1770118051,25,"",,,,,,,,,,,,,,,,,,https://cdn.shopify.com/s/files/1/0908/5508/0263/files/IMG-7949.heic?v=1770118051,kg,,,
creoles-en-acier-inoxydable,,,,,,,,,Créoles orange  ≈12mm,,,,,,,,,0.0,shopify,5,deny,manual,8.00,,true,true,,,,,,https://cdn.shopify.com/s/files/1/0908/5508/0263/files/IMG-7951.heic?v=1770118087,26,"",,,,,,,,,,,,,,,,,,https://cdn.shopify.com/s/files/1/0908/5508/0263/files/IMG-7951.heic?v=1770118087,kg,,,
creoles-en-acier-inoxydable,,,,,,,,,Créoles Argentées  ≈16mm,,,,,,,,,0.0,shopify,12,deny,manual,8.00,,true,true,,,,,,https://cdn.shopify.com/s/files/1/0908/5508/0263/files/IMG-7952.heic?v=1770118144,27,"",,,,,,,,,,,,,,,,,,https://cdn.shopify.com/s/files/1/0908/5508/0263/files/IMG-7952.heic?v=1770118144,kg,,,
creoles-en-acier-inoxydable,,,,,,,,,Créoles torsadées argentées ≈15mm,,,,,,,,,0.0,shopify,6,deny,manual,9.50,,true,true,,,,,,https://cdn.shopify.com/s/files/1/0908/5508/0263/files/IMG-7953.heic?v=1770118382,28,"",,,,,,,,,,,,,,,,,,https://cdn.shopify.com/s/files/1/0908/5508/0263/files/IMG-7953.heic?v=1770118382,kg,,,
creoles-en-acier-inoxydable,,,,,,,,,Créoles argentées ≈13mm,,,,,,,,,0.0,shopify,8,deny,manual,8.00,,true,true,,,,,,https://cdn.shopify.com/s/files/1/0908/5508/0263/files/IMG-7954.heic?v=1770118617,29,"",,,,,,,,,,,,,,,,,,https://cdn.shopify.com/s/files/1/0908/5508/0263/files/IMG-7954.heic?v=1770118617,kg,,,
creoles-en-acier-inoxydable,,,,,,,,,Créoles 🤍 argentées ≈20mm,,,,,,,,,0.0,shopify,10,deny,manual,8.00,,true,true,,,,,,https://cdn.shopify.com/s/files/1/0908/5508/0263/files/IMG-7955.heic?v=1770118685,30,"",,,,,,,,,,,,,,,,,,https://cdn.shopify.com/s/files/1/0908/5508/0263/files/IMG-7955.heic?v=1770118685,kg,,,
creoles-en-acier-inoxydable,,,,,,,,,Créoles rectangle argentées ≈ 17x11mm,,,,,,,,,0.0,shopify,10,deny,manual,8.00,,true,true,,,,,,https://cdn.shopify.com/s/files/1/0908/5508/0263/files/IMG-7956.heic?v=1770118850,31,"",,,,,,,,,,,,,,,,,,https://cdn.shopify.com/s/files/1/0908/5508/0263/files/IMG-7956.heic?v=1770118850,kg,,,
creoles-en-acier-inoxydable,,,,,,,,,Créoles argentées ≈12mm,,,,,,,,,0.0,shopify,8,deny,manual,8.00,,true,true,,,,,,https://cdn.shopify.com/s/files/1/0908/5508/0263/files/IMG-7963.heic?v=1770119420,32,"",,,,,,,,,,,,,,,,,,https://cdn.shopify.com/s/files/1/0908/5508/0263/files/IMG-7963.heic?v=1770119420,kg,,,
creoles-en-acier-inoxydable,,,,,,,,,Créoles argentées carré ≈11x11mm,,,,,,,,,0.0,shopify,4,deny,manual,8.00,,true,true,,,,,,https://cdn.shopify.com/s/files/1/0908/5508/0263/files/IMG-7965.heic?v=1770119613,33,"",,,,,,,,,,,,,,,,,,https://cdn.shopify.com/s/files/1/0908/5508/0263/files/IMG-7965.heic?v=1770119613,kg,,,
creoles-en-acier-inoxydable,,,,,,,,,Créoles triangle argentées ≈11mm,,,,,,,,,0.0,shopify,4,deny,manual,8.00,,true,true,,,,,,https://cdn.shopify.com/s/files/1/0908/5508/0263/files/IMG-7966.heic?v=1770119842,34,"",,,,,,,,,,,,,,,,,,https://cdn.shopify.com/s/files/1/0908/5508/0263/files/IMG-7966.heic?v=1770119842,kg,,,
creoles-en-acier-inoxydable,,,,,,,,,Créoles torsadées argentées ≈14mm,,,,,,,,,0.0,shopify,6,deny,manual,9.50,,true,true,,,,,,https://cdn.shopify.com/s/files/1/0908/5508/0263/files/IMG-7967.heic?v=1770119942,35,"",,,,,,,,,,,,,,,,,,https://cdn.shopify.com/s/files/1/0908/5508/0263/files/IMG-7967.heic?v=1770119942,kg,,,
creoles-en-acier-inoxydable,,,,,,,,,Créoles triangle dorées ≈11mm,,,,,,,,,0.0,shopify,5,deny,manual,8.00,,true,true,,,,,,https://cdn.shopify.com/s/files/1/0908/5508/0263/files/IMG-7969.heic?v=1770120070,36,"",,,,,,,,,,,,,,,,,,https://cdn.shopify.com/s/files/1/0908/5508/0263/files/IMG-7969.heic?v=1770120070,kg,,,
creoles-en-acier-inoxydable,,,,,,,,,Créoles carré dorées ≈11x11mm,,,,,,,,,0.0,shopify,1,deny,manual,8.00,,true,true,,,,,,https://cdn.shopify.com/s/files/1/0908/5508/0263/files/IMG-7968.heic?v=1770120146,37,"",,,,,,,,,,,,,,,,,,https://cdn.shopify.com/s/files/1/0908/5508/0263/files/IMG-7968.heic?v=1770120146,kg,,,
reve-paillete,Rêve Pailletés,"<p>Rêve pailletées ✨ </p>
<p><br>Chaque pièce est fabriquée à la main en pâte polymère, certaine sont recouverte de résine.</p>
<p class=""p1""><span class=""s1"">Un matériau très délicat, léger et confortable.</span></p>
<p class=""p1""><span class=""s1"">En raison de la nature artisanale de mes produits, aucun produit ne peut être recréé exactement à l'identique. Vous obtiendrez toujours un modèle fait main unique qui correspond à votre style.</span></p>
<p class=""p1""><span class=""s1"">Conseils d'entretien : à conserver dans un endroit propre et sec. Tenir à l'écart des huiles, crèmes, parfums, etc. Ne pas porter dans l'eau. Peut se briser en cas de chute ou de torsion. Pour nettoyer la pâte polymère, frottez doucement avec un chiffon doux.</span></p>
<p class=""p1""><span> </span><span>Créoles non incluses.</span></p>
<p><span>Les créoles peuvent être choisies et commandées séparément afin de personnaliser votre bijou.</span></p>",JOLANANAS,,"","",true,Rêve pailletées,Rêve pailletées grise holographique,,,,,,,,,0.0,shopify,1,deny,manual,8.00,,true,true,,,,,,https://cdn.shopify.com/s/files/1/0908/5508/0263/files/40A28351-AFA1-4213-A282-0E406FC2388A.jpg?v=1766962701,1,"",false,,,,,,,,,,,,,,,,,https://cdn.shopify.com/s/files/1/0908/5508/0263/files/40A28351-AFA1-4213-A282-0E406FC2388A.jpg?v=1766962701,kg,,,active
reve-paillete,,,,,,,,,Rêve pailletées grise holographique ⚫️,,,,,,,,,0.0,shopify,1,deny,manual,8.00,,true,true,,,,,,https://cdn.shopify.com/s/files/1/0908/5508/0263/files/0BC7C2F9-2E86-4C68-A1A7-78669BCBAF61.jpg?v=1766962909,2,"",,,,,,,,,,,,,,,,,,https://cdn.shopify.com/s/files/1/0908/5508/0263/files/0BC7C2F9-2E86-4C68-A1A7-78669BCBAF61.jpg?v=1766962909,kg,,,
reve-paillete,,,,,,,,,Rêve pailletées grise,,,,,,,,,0.0,shopify,1,deny,manual,8.00,,true,true,,,,,,https://cdn.shopify.com/s/files/1/0908/5508/0263/files/DB9062E9-8B9E-4F1C-A82B-670841CC3D6B.jpg?v=1766962979,3,"",,,,,,,,,,,,,,,,,,https://cdn.shopify.com/s/files/1/0908/5508/0263/files/DB9062E9-8B9E-4F1C-A82B-670841CC3D6B.jpg?v=1766962979,kg,,,
reve-paillete,,,,,,,,,Rêve pailletées grise holographique & noir,,,,,,,,,0.0,shopify,1,deny,manual,8.00,,true,true,,,,,,https://cdn.shopify.com/s/files/1/0908/5508/0263/files/700809B6-7AA7-4059-9591-768C90BCEB5B.jpg?v=1766963033,4,"",,,,,,,,,,,,,,,,,,https://cdn.shopify.com/s/files/1/0908/5508/0263/files/700809B6-7AA7-4059-9591-768C90BCEB5B.jpg?v=1766963033,kg,,,
reve-paillete,,,,,,,,,Rêve pailletées champagne & noir,,,,,,,,,0.0,shopify,1,deny,manual,8.00,,true,true,,,,,,https://cdn.shopify.com/s/files/1/0908/5508/0263/files/70D0DA9F-338C-4E8A-89F5-39D8F32738A5.jpg?v=1766963148,5,"",,,,,,,,,,,,,,,,,,https://cdn.shopify.com/s/files/1/0908/5508/0263/files/70D0DA9F-338C-4E8A-89F5-39D8F32738A5.jpg?v=1766963148,kg,,,
reve-paillete,,,,,,,,,Rêve pailletées champagne & noir ▪️,,,,,,,,,0.0,shopify,1,deny,manual,8.00,,true,true,,,,,,https://cdn.shopify.com/s/files/1/0908/5508/0263/files/93B7FFF0-782D-4F76-BF1E-0D7A9D24174D.jpg?v=1766963218,6,"",,,,,,,,,,,,,,,,,,https://cdn.shopify.com/s/files/1/0908/5508/0263/files/93B7FFF0-782D-4F76-BF1E-0D7A9D24174D.jpg?v=1766963218,kg,,,
reve-paillete,,,,,,,,,Rêve pailletées or,,,,,,,,,0.0,shopify,1,deny,manual,8.00,,true,true,,,,,,https://cdn.shopify.com/s/files/1/0908/5508/0263/files/344F9893-FBA9-4EBD-AF23-EA8BDCA319E2.jpg?v=1766963347,7,"",,,,,,,,,,,,,,,,,,https://cdn.shopify.com/s/files/1/0908/5508/0263/files/344F9893-FBA9-4EBD-AF23-EA8BDCA319E2.jpg?v=1766963347,kg,,,
reve-paillete,,,,,,,,,Rêve pailletées gold,,,,,,,,,0.0,shopify,1,deny,manual,8.00,,true,true,,,,,,https://cdn.shopify.com/s/files/1/0908/5508/0263/files/D746B929-F442-4759-A57E-E4590EFC6447.jpg?v=1766963428,8,"",,,,,,,,,,,,,,,,,,https://cdn.shopify.com/s/files/1/0908/5508/0263/files/D746B929-F442-4759-A57E-E4590EFC6447.jpg?v=1766963428,kg,,,
reve-paillete,,,,,,,,,Rêve pailletées violet,,,,,,,,,0.0,shopify,1,deny,manual,8.00,,true,true,,,,,,https://cdn.shopify.com/s/files/1/0908/5508/0263/files/233074C2-3E67-475F-BB6C-12F71070EF8F.jpg?v=1766963542,9,"",,,,,,,,,,,,,,,,,,https://cdn.shopify.com/s/files/1/0908/5508/0263/files/233074C2-3E67-475F-BB6C-12F71070EF8F.jpg?v=1766963542,kg,,,
reve-paillete,,,,,,,,,Rêve pailletées 🎀 turquoise,,,,,,,,,0.0,shopify,1,deny,manual,8.00,,true,true,,,,,,https://cdn.shopify.com/s/files/1/0908/5508/0263/files/8359721B-3536-4F77-B810-86DB3562EB40.jpg?v=1766963601,10,"",,,,,,,,,,,,,,,,,,https://cdn.shopify.com/s/files/1/0908/5508/0263/files/8359721B-3536-4F77-B810-86DB3562EB40.jpg?v=1766963601,kg,,,
reve-paillete,,,,,,,,,Rêve pailletées rouge,,,,,,,,,0.0,shopify,1,deny,manual,8.00,,true,true,,,,,,https://cdn.shopify.com/s/files/1/0908/5508/0263/files/EA517663-9C5D-4970-99D5-D111AC5FEFF7.jpg?v=1766963692,11,"",,,,,,,,,,,,,,,,,,https://cdn.shopify.com/s/files/1/0908/5508/0263/files/EA517663-9C5D-4970-99D5-D111AC5FEFF7.jpg?v=1766963692,kg,,,
reve-paillete,,,,,,,,,Rêve pailletées rose,,,,,,,,,0.0,shopify,1,deny,manual,8.00,,true,true,,,,,,https://cdn.shopify.com/s/files/1/0908/5508/0263/files/9654B5C1-15BA-4771-9A65-642E2D986B29.jpg?v=1766963774,12,"",,,,,,,,,,,,,,,,,,https://cdn.shopify.com/s/files/1/0908/5508/0263/files/9654B5C1-15BA-4771-9A65-642E2D986B29.jpg?v=1766963774,kg,,,
reve-paillete,,,,,,,,,Rêve pailletées bleu,,,,,,,,,0.0,shopify,1,deny,manual,8.00,,true,true,,,,,,https://cdn.shopify.com/s/files/1/0908/5508/0263/files/CF8DCB11-61A0-4B10-8755-F5C59CEC5197.jpg?v=1766963824,13,"",,,,,,,,,,,,,,,,,,https://cdn.shopify.com/s/files/1/0908/5508/0263/files/CF8DCB11-61A0-4B10-8755-F5C59CEC5197.jpg?v=1766963824,kg,,,
reve-paillete,,,,,,,,,Rêve pailletées violet 🟣,,,,,,,,,0.0,shopify,1,deny,manual,8.00,,true,true,,,,,,https://cdn.shopify.com/s/files/1/0908/5508/0263/files/1EEDD418-57CF-4A4A-8319-B6DC9FB689BB.jpg?v=1766963885,14,"",,,,,,,,,,,,,,,,,,https://cdn.shopify.com/s/files/1/0908/5508/0263/files/1EEDD418-57CF-4A4A-8319-B6DC9FB689BB.jpg?v=1766963885,kg,,,
reve-paillete,,,,,,,,,Rêve pailletées bleu 🟦,,,,,,,,,0.0,shopify,1,deny,manual,8.00,,true,true,,,,,,https://cdn.shopify.com/s/files/1/0908/5508/0263/files/9E00F999-CC87-4415-8D70-5A7760C63461.jpg?v=1766963980,15,"",,,,,,,,,,,,,,,,,,https://cdn.shopify.com/s/files/1/0908/5508/0263/files/9E00F999-CC87-4415-8D70-5A7760C63461.jpg?v=1766963980,kg,,,
reve-paillete,,,,,,,,,Rêve pailletées rouge ♥️,,,,,,,,,0.0,shopify,1,deny,manual,8.00,,true,true,,,,,,https://cdn.shopify.com/s/files/1/0908/5508/0263/files/74FBDB9C-B65A-4083-9FFA-D56A7499C32D.jpg?v=1766964039,16,"",,,,,,,,,,,,,,,,,,https://cdn.shopify.com/s/files/1/0908/5508/0263/files/74FBDB9C-B65A-4083-9FFA-D56A7499C32D.jpg?v=1766964039,kg,,,
reve-paillete,,,,,,,,,Rêve pailletés ✨ 🔴,,,,,,,,,0.0,shopify,1,deny,manual,8.00,,true,true,,,,,,https://cdn.shopify.com/s/files/1/0908/5508/0263/files/32811638-FBF7-4DA1-92C7-F9A0B69F8DCC.jpg?v=1767544073,17,"",,,,,,,,,,,,,,,,,,https://cdn.shopify.com/s/files/1/0908/5508/0263/files/32811638-FBF7-4DA1-92C7-F9A0B69F8DCC.jpg?v=1767544073,kg,,,
reve-paillete,,,,,,,,,Rêve Pailletées ✨ turquoise,,,,,,,,,0.0,shopify,1,deny,manual,8.00,,true,true,,,,,,https://cdn.shopify.com/s/files/1/0908/5508/0263/files/F457915C-4E6A-4ABB-AD1D-8A6D592B0CC6.jpg?v=1767544147,18,"",,,,,,,,,,,,,,,,,,https://cdn.shopify.com/s/files/1/0908/5508/0263/files/F457915C-4E6A-4ABB-AD1D-8A6D592B0CC6.jpg?v=1767544147,kg,,,
reve-paillete,,,,,,,,,Rêve Pailletées ✨ rouge,,,,,,,,,0.0,shopify,1,deny,manual,8.00,,true,true,,,,,,https://cdn.shopify.com/s/files/1/0908/5508/0263/files/0F970495-953E-42E6-97DE-C9B0299A45E5.jpg?v=1767544199,19,"",,,,,,,,,,,,,,,,,,https://cdn.shopify.com/s/files/1/0908/5508/0263/files/0F970495-953E-42E6-97DE-C9B0299A45E5.jpg?v=1767544199,kg,,,
reve-paillete,,,,,,,,,Rêve Pailletées ✨ 🌸,,,,,,,,,0.0,shopify,1,deny,manual,8.00,,true,true,,,,,,https://cdn.shopify.com/s/files/1/0908/5508/0263/files/E2AEBB46-0968-4DD5-8F77-7AB68D3D40AE.jpg?v=1767544290,20,"",,,,,,,,,,,,,,,,,,https://cdn.shopify.com/s/files/1/0908/5508/0263/files/E2AEBB46-0968-4DD5-8F77-7AB68D3D40AE.jpg?v=1767544290,kg,,,
reve-paillete,,,,,,,,,Rêve Pailletées ✨ violine,,,,,,,,,0.0,shopify,1,deny,manual,8.00,,true,true,,,,,,https://cdn.shopify.com/s/files/1/0908/5508/0263/files/50135330-0A0E-4375-84A1-E679B4786D43.jpg?v=1767544347,21,"",,,,,,,,,,,,,,,,,,https://cdn.shopify.com/s/files/1/0908/5508/0263/files/50135330-0A0E-4375-84A1-E679B4786D43.jpg?v=1767544347,kg,,,
reve-paillete,,,,,,,,,Rêve pailletées ✨ turquoise holographique,,,,,,,,,0.0,shopify,1,deny,manual,8.00,,true,true,,,,,,https://cdn.shopify.com/s/files/1/0908/5508/0263/files/F6A93F49-9D66-408D-AA9A-B085DE76C521.jpg?v=1767544438,22,"",,,,,,,,,,,,,,,,,,https://cdn.shopify.com/s/files/1/0908/5508/0263/files/F6A93F49-9D66-408D-AA9A-B085DE76C521.jpg?v=1767544438,kg,,,
reve-paillete,,,,,,,,,Rêve pailletées ✨ 🎀 bleu,,,,,,,,,0.0,shopify,1,deny,manual,8.00,,true,true,,,,,,https://cdn.shopify.com/s/files/1/0908/5508/0263/files/F8BD56B9-30BE-48D0-A98A-456941647D85.jpg?v=1767544532,23,"",,,,,,,,,,,,,,,,,,https://cdn.shopify.com/s/files/1/0908/5508/0263/files/F8BD56B9-30BE-48D0-A98A-456941647D85.jpg?v=1767544532,kg,,,
bracelet-capybara,Bracelet Capybara,<p>Bracelet Capybara réglable coulissant ou élastique.</p>,JOLANANAS,Apparel & Accessories > Jewelry > Bracelets,"","",true,C,Vert (réglable),,,,,,,,,0.0,shopify,2,deny,manual,4.00,,true,true,,,,,,https://cdn.shopify.com/s/files/1/0908/5508/0263/files/3CD6C048-8922-417D-B10B-6EE2009E92D1.jpg?v=1766439983,1,"",false,,,enfants; tous-ages-1,,perle; autre,animal; multicolore,,,,autre,bijouterie-dimitation,,,,unisexe-1,,https://cdn.shopify.com/s/files/1/0908/5508/0263/files/3CD6C048-8922-417D-B10B-6EE2009E92D1.jpg?v=1766439983,kg,,,active
bracelet-capybara,,,,,,,,,Bleu (réglable),,,,,,,,,0.0,shopify,1,deny,manual,4.00,,true,true,,,,,,https://cdn.shopify.com/s/files/1/0908/5508/0263/files/C9A5EADA-4F7B-4F3F-8774-91CF1A50A064.jpg?v=1766440056,2,"",,,,,,,,,,,,,,,,,,https://cdn.shopify.com/s/files/1/0908/5508/0263/files/C9A5EADA-4F7B-4F3F-8774-91CF1A50A064.jpg?v=1766440056,kg,,,
bracelet-capybara,,,,,,,,,Bleu / rose (réglable),,,,,,,,,0.0,shopify,2,deny,manual,4.00,,true,true,,,,,,https://cdn.shopify.com/s/files/1/0908/5508/0263/files/E518ADFB-191F-4533-B794-4008FF2B45E4.jpg?v=1766440139,3,"",,,,,,,,,,,,,,,,,,https://cdn.shopify.com/s/files/1/0908/5508/0263/files/4A7EB3F9-5AE6-4F20-A184-CD7D782F3CE8.jpg?v=1766440184,kg,,,
bracelet-capybara,,,,,,,,,Fushia (réglable),,,,,,,,,0.0,shopify,1,deny,manual,4.00,,true,true,,,,,,https://cdn.shopify.com/s/files/1/0908/5508/0263/files/4A7EB3F9-5AE6-4F20-A184-CD7D782F3CE8.jpg?v=1766440184,4,"",,,,,,,,,,,,,,,,,,https://cdn.shopify.com/s/files/1/0908/5508/0263/files/E518ADFB-191F-4533-B794-4008FF2B45E4.jpg?v=1766440139,kg,,,
bracelet-capybara,,,,,,,,,Jaune (réglable),,,,,,,,,0.0,shopify,2,deny,manual,4.00,,true,true,,,,,,https://cdn.shopify.com/s/files/1/0908/5508/0263/files/878230F6-8493-4778-956E-F494A428604F.jpg?v=1766440301,5,"",,,,,,,,,,,,,,,,,,https://cdn.shopify.com/s/files/1/0908/5508/0263/files/878230F6-8493-4778-956E-F494A428604F.jpg?v=1766440301,kg,,,
bracelet-capybara,,,,,,,,,Prune (réglable),,,,,,,,,0.0,shopify,2,deny,manual,4.00,,true,true,,,,,,https://cdn.shopify.com/s/files/1/0908/5508/0263/files/3456F155-D1BD-4B50-AC43-967B84842209.jpg?v=1766440353,6,"",,,,,,,,,,,,,,,,,,https://cdn.shopify.com/s/files/1/0908/5508/0263/files/3456F155-D1BD-4B50-AC43-967B84842209.jpg?v=1766440353,kg,,,
bracelet-capybara,,,,,,,,,Turquoise (élastique),,,,,,,,,0.0,shopify,2,deny,manual,3.00,,true,true,,,,,,https://cdn.shopify.com/s/files/1/0908/5508/0263/files/B12CAACF-A0CE-4133-9C25-BDF3CF619C42.jpg?v=1766440437,7,"",,,,,,,,,,,,,,,,,,https://cdn.shopify.com/s/files/1/0908/5508/0263/files/B12CAACF-A0CE-4133-9C25-BDF3CF619C42.jpg?v=1766440437,kg,,,
bracelet-capybara,,,,,,,,,Orange (élastique),,,,,,,,,0.0,shopify,2,deny,manual,3.00,,true,true,,,,,,https://cdn.shopify.com/s/files/1/0908/5508/0263/files/BCC4AC51-E072-40DD-A595-F4D071F75B20.jpg?v=1766440488,8,"",,,,,,,,,,,,,,,,,,https://cdn.shopify.com/s/files/1/0908/5508/0263/files/BCC4AC51-E072-40DD-A595-F4D071F75B20.jpg?v=1766440488,kg,,,
bracelet-capybara,,,,,,,,,Rose (élastique),,,,,,,,,0.0,shopify,1,deny,manual,3.00,,true,true,,,,,,https://cdn.shopify.com/s/files/1/0908/5508/0263/files/0E8E24B3-7559-4CA5-9BB2-8EE64DD7B134.jpg?v=1766440545,9,"",,,,,,,,,,,,,,,,,,https://cdn.shopify.com/s/files/1/0908/5508/0263/files/0E8E24B3-7559-4CA5-9BB2-8EE64DD7B134.jpg?v=1766440545,kg,,,
bracelet-capybara,,,,,,,,,Bleu clair (élastique),,,,,,,,,0.0,shopify,2,deny,manual,3.00,,true,true,,,,,,https://cdn.shopify.com/s/files/1/0908/5508/0263/files/A958D2CF-4EFE-4E44-AF79-4AEB1669ED55.jpg?v=1766440581,10,"",,,,,,,,,,,,,,,,,,https://cdn.shopify.com/s/files/1/0908/5508/0263/files/A958D2CF-4EFE-4E44-AF79-4AEB1669ED55.jpg?v=1766440581,kg,,,
bracelet-capybara,,,,,,,,,Violet (élastique),,,,,,,,,0.0,shopify,1,deny,manual,3.00,,true,true,,,,,,https://cdn.shopify.com/s/files/1/0908/5508/0263/files/E7AB373E-3326-4327-B77B-75426F4DB8C6.jpg?v=1766440648,11,"",,,,,,,,,,,,,,,,,,https://cdn.shopify.com/s/files/1/0908/5508/0263/files/E7AB373E-3326-4327-B77B-75426F4DB8C6.jpg?v=1766440648,kg,,,
bracelet-capybara,,,,,,,,,Bordeaux (élastique),,,,,,,,,0.0,shopify,2,deny,manual,3.00,,true,true,,,,,,https://cdn.shopify.com/s/files/1/0908/5508/0263/files/D0A34F9D-BDC1-402A-9EE7-651B57465500.jpg?v=1766440753,12,"",,,,,,,,,,,,,,,,,,https://cdn.shopify.com/s/files/1/0908/5508/0263/files/D0A34F9D-BDC1-402A-9EE7-651B57465500.jpg?v=1766440753,kg,,,
bracelet-capybara,,,,,,,,,🩷 élastique,,,,,,,,,0.0,shopify,1,deny,manual,3.00,,true,true,,,,,,https://cdn.shopify.com/s/files/1/0908/5508/0263/files/925021BF-5A7C-4C93-B3BC-041E80850C8D.jpg?v=1766440807,13,"",,,,,,,,,,,,,,,,,,https://cdn.shopify.com/s/files/1/0908/5508/0263/files/925021BF-5A7C-4C93-B3BC-041E80850C8D.jpg?v=1766440807,kg,,,
bracelet-capybara,,,,,,,,,Bleu (élastique ),,,,,,,,,0.0,shopify,1,deny,manual,3.00,,true,true,,,,,,https://cdn.shopify.com/s/files/1/0908/5508/0263/files/18EE0B6F-665D-4F83-BDDE-7B6D9615634E.jpg?v=1766440899,14,"",,,,,,,,,,,,,,,,,,https://cdn.shopify.com/s/files/1/0908/5508/0263/files/18EE0B6F-665D-4F83-BDDE-7B6D9615634E.jpg?v=1766440899,kg,,,
bracelet-capybara,,,,,,,,,🧡 élastique,,,,,,,,,0.0,shopify,1,deny,manual,3.00,,true,true,,,,,,https://cdn.shopify.com/s/files/1/0908/5508/0263/files/D1A02FE9-0C87-427D-8B0C-E98D4B0E0A49.jpg?v=1766440967,15,"",,,,,,,,,,,,,,,,,,https://cdn.shopify.com/s/files/1/0908/5508/0263/files/D1A02FE9-0C87-427D-8B0C-E98D4B0E0A49.jpg?v=1766440967,kg,,,
bracelet-capybara,,,,,,,,,Bordeaux / Fushia (élastique),,,,,,,,,0.0,shopify,1,deny,manual,3.00,,true,true,,,,,,https://cdn.shopify.com/s/files/1/0908/5508/0263/files/E4E1525C-8B6A-46ED-968D-9BB8FBCD92C5.jpg?v=1766441036,16,"",,,,,,,,,,,,,,,,,,https://cdn.shopify.com/s/files/1/0908/5508/0263/files/E4E1525C-8B6A-46ED-968D-9BB8FBCD92C5.jpg?v=1766441036,kg,,,
bracelet-capybara,,,,,,,,,💜 (élastique),,,,,,,,,0.0,shopify,1,deny,manual,3.00,,true,true,,,,,,https://cdn.shopify.com/s/files/1/0908/5508/0263/files/8BA2689A-A35B-44BB-85C7-09BBE375C479.jpg?v=1766441078,17,"",,,,,,,,,,,,,,,,,,https://cdn.shopify.com/s/files/1/0908/5508/0263/files/8BA2689A-A35B-44BB-85C7-09BBE375C479.jpg?v=1766441078,kg,,,
bracelet-🌸-et-perle,Bracelet 🌸 et perle,<p>Bracelet fleur et perle réglable coulissant</p>,JOLANANAS,Apparel & Accessories > Jewelry > Bracelets,"","",true,J,Violet,,,,,,,,,0.0,shopify,1,deny,manual,3.00,,true,true,,,,,,https://cdn.shopify.com/s/files/1/0908/5508/0263/files/CB6568C6-E971-4613-8304-1C960D9B4B0E.jpg?v=1766438737,1,"",false,,,tous-ages-1,,perle-1; perle,floral,,,,nylon,bijouterie-dimitation,,,,unisexe-1,,https://cdn.shopify.com/s/files/1/0908/5508/0263/files/CB6568C6-E971-4613-8304-1C960D9B4B0E.jpg?v=1766438737,kg,,,active
bracelet-🌸-et-perle,,,,,,,,,Kaki,,,,,,,,,0.0,shopify,1,deny,manual,3.00,,true,true,,,,,,https://cdn.shopify.com/s/files/1/0908/5508/0263/files/E66F1CC7-496E-421F-B545-BA459D88E955.jpg?v=1766438798,2,"",,,,,,,,,,,,,,,,,,https://cdn.shopify.com/s/files/1/0908/5508/0263/files/E66F1CC7-496E-421F-B545-BA459D88E955.jpg?v=1766438798,kg,,,
bracelet-🌸-et-perle,,,,,,,,,Blanc /rose,,,,,,,,,0.0,shopify,1,deny,manual,3.00,,true,true,,,,,,https://cdn.shopify.com/s/files/1/0908/5508/0263/files/9ED92305-E05A-480B-881D-BAE888DE2CB3.jpg?v=1766438844,3,"",,,,,,,,,,,,,,,,,,https://cdn.shopify.com/s/files/1/0908/5508/0263/files/9ED92305-E05A-480B-881D-BAE888DE2CB3.jpg?v=1766438844,kg,,,
bracelet-🌸-et-perle,,,,,,,,,Bleu /blanc,,,,,,,,,0.0,shopify,1,deny,manual,3.00,,true,true,,,,,,https://cdn.shopify.com/s/files/1/0908/5508/0263/files/E9956D63-115F-4323-B755-A11580B09B60.jpg?v=1766438918,4,"",,,,,,,,,,,,,,,,,,https://cdn.shopify.com/s/files/1/0908/5508/0263/files/E9956D63-115F-4323-B755-A11580B09B60.jpg?v=1766438918,kg,,,
bracelet-🌸-et-perle,,,,,,,,,Beige / multicolore,,,,,,,,,0.0,shopify,1,deny,manual,3.00,,true,true,,,,,,https://cdn.shopify.com/s/files/1/0908/5508/0263/files/0DAA7648-5184-447B-B453-B8E8C697BAD5.jpg?v=1766438997,5,"",,,,,,,,,,,,,,,,,,https://cdn.shopify.com/s/files/1/0908/5508/0263/files/0DAA7648-5184-447B-B453-B8E8C697BAD5.jpg?v=1766438997,kg,,,
bracelet-🌸-et-perle,,,,,,,,,Jaune /orange,,,,,,,,,0.0,shopify,1,deny,manual,3.00,,true,true,,,,,,https://cdn.shopify.com/s/files/1/0908/5508/0263/files/3BBDE651-2E7E-4A78-B331-95DF2D70DB1A.jpg?v=1766439063,6,"",,,,,,,,,,,,,,,,,,https://cdn.shopify.com/s/files/1/0908/5508/0263/files/3BBDE651-2E7E-4A78-B331-95DF2D70DB1A.jpg?v=1766439063,kg,,,
bracelet-🌸-et-perle,,,,,,,,,Turquoise /bleu,,,,,,,,,0.0,shopify,1,deny,manual,3.00,,true,true,,,,,,https://cdn.shopify.com/s/files/1/0908/5508/0263/files/5E2B2B81-7062-4B95-ADC8-594538F0734A.jpg?v=1766439143,7,"",,,,,,,,,,,,,,,,,,https://cdn.shopify.com/s/files/1/0908/5508/0263/files/5E2B2B81-7062-4B95-ADC8-594538F0734A.jpg?v=1766439143,kg,,,
bracelet-🌸-et-perle,,,,,,,,,Fushia / rose / blanc,,,,,,,,,0.0,shopify,1,deny,manual,3.00,,true,true,,,,,,https://cdn.shopify.com/s/files/1/0908/5508/0263/files/0F30D235-A21C-4C59-B135-C41CCAC10168.jpg?v=1766439216,8,"",,,,,,,,,,,,,,,,,,https://cdn.shopify.com/s/files/1/0908/5508/0263/files/0F30D235-A21C-4C59-B135-C41CCAC10168.jpg?v=1766439216,kg,,,
bracelet-🌸-et-perle,,,,,,,,,Rose / bleu / blanc,,,,,,,,,0.0,shopify,1,deny,manual,3.00,,true,true,,,,,,https://cdn.shopify.com/s/files/1/0908/5508/0263/files/45E35012-8E62-4C8E-89E7-3EFE34F338E5.jpg?v=1766439301,9,"",,,,,,,,,,,,,,,,,,https://cdn.shopify.com/s/files/1/0908/5508/0263/files/45E35012-8E62-4C8E-89E7-3EFE34F338E5.jpg?v=1766439301,kg,,,
bracelet-🌸-et-perle,,,,,,,,,Violet / bleu,,,,,,,,,0.0,shopify,1,deny,manual,3.00,,true,true,,,,,,https://cdn.shopify.com/s/files/1/0908/5508/0263/files/BE0171DC-81C7-4F35-BC02-8F8A982823C4.jpg?v=1766439353,10,"",,,,,,,,,,,,,,,,,,https://cdn.shopify.com/s/files/1/0908/5508/0263/files/BE0171DC-81C7-4F35-BC02-8F8A982823C4.jpg?v=1766439353,kg,,,
bracelet-🌸-et-perle,,,,,,,,,Jaune / multicolore,,,,,,,,,0.0,shopify,1,deny,manual,3.00,,true,true,,,,,,https://cdn.shopify.com/s/files/1/0908/5508/0263/files/007306A3-2604-445E-A061-F46659E6B56B.jpg?v=1766439400,11,"",,,,,,,,,,,,,,,,,,https://cdn.shopify.com/s/files/1/0908/5508/0263/files/007306A3-2604-445E-A061-F46659E6B56B.jpg?v=1766439400,kg,,,
bracelet-🌸-et-perle,,,,,,,,,Bleu / rose / blanc,,,,,,,,,0.0,shopify,1,deny,manual,3.00,,true,true,,,,,,https://cdn.shopify.com/s/files/1/0908/5508/0263/files/747E409A-B23A-454B-A4D6-1F88E15F82C3.jpg?v=1766439469,12,"",,,,,,,,,,,,,,,,,,https://cdn.shopify.com/s/files/1/0908/5508/0263/files/747E409A-B23A-454B-A4D6-1F88E15F82C3.jpg?v=1766439469,kg,,,
bracelet-reglable-coulissant-🌼,Bracelet réglable coulissant 🌼,<p>Bracelet réglable coulissant fleur et perle </p>,JOLANANAS,Apparel & Accessories > Jewelry > Bracelets,"","",true,H,Bleu,,,,,,,,,0.0,shopify,2,deny,manual,3.00,,true,true,,,,,,https://cdn.shopify.com/s/files/1/0908/5508/0263/files/3AA1F1DD-45C9-4E05-988D-C905D5E8C64D.jpg?v=1766437280,1,"",false,,,,,perle,multicolore,,,,nylon,,,,,,,https://cdn.shopify.com/s/files/1/0908/5508/0263/files/AA77A88B-08EC-49BC-9924-77786D26A036.jpg?v=1771323351,kg,,,active
bracelet-reglable-coulissant-🌼,,,,,,,,,Rose,,,,,,,,,0.0,shopify,2,deny,manual,3.00,,true,true,,,,,,https://cdn.shopify.com/s/files/1/0908/5508/0263/files/BB105D7A-9AA5-4F10-A72E-9388C2F60A06.jpg?v=1766437939,2,"",,,,,,,,,,,,,,,,,,https://cdn.shopify.com/s/files/1/0908/5508/0263/files/BB105D7A-9AA5-4F10-A72E-9388C2F60A06.jpg?v=1766437939,kg,,,
bracelet-reglable-coulissant-🌼,,,,,,,,,Blanc,,,,,,,,,0.0,shopify,2,deny,manual,3.00,,true,true,,,,,,https://cdn.shopify.com/s/files/1/0908/5508/0263/files/616DB47C-F7B1-452A-8957-B0AB310CEFE1.jpg?v=1766438211,3,"",,,,,,,,,,,,,,,,,,https://cdn.shopify.com/s/files/1/0908/5508/0263/files/616DB47C-F7B1-452A-8957-B0AB310CEFE1.jpg?v=1766438211,kg,,,
bracelet-reglable-coulissant-🌼,,,,,,,,,Violet,,,,,,,,,0.0,shopify,1,deny,manual,3.00,,true,true,,,,,,https://cdn.shopify.com/s/files/1/0908/5508/0263/files/708107D1-85B4-4BE2-8431-A768502651E7.jpg?v=1766438270,4,"",,,,,,,,,,,,,,,,,,https://cdn.shopify.com/s/files/1/0908/5508/0263/files/708107D1-85B4-4BE2-8431-A768502651E7.jpg?v=1766438270,kg,,,
bracelet-reglable-coulissant-🌼,,,,,,,,,Turquoise,,,,,,,,,0.0,shopify,2,deny,manual,3.00,,true,true,,,,,,https://cdn.shopify.com/s/files/1/0908/5508/0263/files/IMG-8214.heic?v=1771323210,5,"",,,,,,,,,,,,,,,,,,,kg,,,
bracelet-reglable-coulissant-🌼,,,,,,,,,Rose fluo,,,,,,,,,0.0,shopify,1,deny,manual,3.00,,true,true,,,,,,https://cdn.shopify.com/s/files/1/0908/5508/0263/files/AA77A88B-08EC-49BC-9924-77786D26A036.jpg?v=1771323351,6,"",,,,,,,,,,,,,,,,,,https://cdn.shopify.com/s/files/1/0908/5508/0263/files/IMG-8214.heic?v=1771323210,kg,,,
bracelet-reglable-⚽️,Bracelet réglable ⚽️,<p>Bracelet réglable foot ⚽️ </p>,JOLANANAS,Apparel & Accessories > Jewelry > Bracelets,"","",true,Title,Default Title,,,,,,,,,0.0,shopify,15,deny,manual,3.00,,true,true,,,,,,https://cdn.shopify.com/s/files/1/0908/5508/0263/files/7ECB3D01-8262-4247-A11E-486577711548.jpg?v=1766436922,1,"",false,,,,,perle,noir; blanc,,,,,,,,,,,,kg,,,active
carte-cadeau,Carte cadeau,"<p>Carte cadeaux</p>
<p>valable 6mois</p>",JOLANANAS,Gift Cards,"","",true,Montants,"10,00 €",,,,,,,,,0.0,,0,deny,gift_card,10.00,,false,false,,,,,,https://cdn.shopify.com/s/files/1/0908/5508/0263/files/IMG-8059.png?v=1770203214,1,"",true,,,,,,,,,,,,,,,,,https://cdn.shopify.com/s/files/1/0908/5508/0263/files/IMG-8059.png?v=1770203214,kg,,,active
carte-cadeau,,,,,,,,,"25,00 €",,,,,,,,,0.0,,0,deny,gift_card,25.00,,false,false,,,,,,https://cdn.shopify.com/s/files/1/0908/5508/0263/files/IMG-8062.png?v=1770203245,2,"",,,,,,,,,,,,,,,,,,https://cdn.shopify.com/s/files/1/0908/5508/0263/files/IMG-8062.png?v=1770203245,kg,,,
carte-cadeau,,,,,,,,,"50,00 €",,,,,,,,,0.0,,0,deny,gift_card,50.00,,false,false,,,,,,https://cdn.shopify.com/s/files/1/0908/5508/0263/files/IMG-8067.png?v=1770203295,3,"",,,,,,,,,,,,,,,,,,https://cdn.shopify.com/s/files/1/0908/5508/0263/files/IMG-8067.png?v=1770203295,kg,,,
carte-cadeau,,,,,,,,,"100,00 €",,,,,,,,,0.0,,0,deny,gift_card,100.00,,false,false,,,,,,https://cdn.shopify.com/s/files/1/0908/5508/0263/files/IMG-8072.png?v=1770203314,4,"",,,,,,,,,,,,,,,,,,https://cdn.shopify.com/s/files/1/0908/5508/0263/files/IMG-8072.png?v=1770203314,kg,,,
carte-cadeau,,,,,,,,,"15,00 €",,,,,,,,,0.0,,0,deny,gift_card,15.00,,false,false,,,,,,https://cdn.shopify.com/s/files/1/0908/5508/0263/files/IMG-8060.png?v=1770203337,5,"",,,,,,,,,,,,,,,,,,https://cdn.shopify.com/s/files/1/0908/5508/0263/files/IMG-8060.png?v=1770203337,kg,,,
carte-cadeau,,,,,,,,,"20,00 €",,,,,,,,,0.0,,0,deny,gift_card,20.00,,false,false,,,,,,https://cdn.shopify.com/s/files/1/0908/5508/0263/files/IMG-8061.png?v=1770203357,6,"",,,,,,,,,,,,,,,,,,https://cdn.shopify.com/s/files/1/0908/5508/0263/files/IMG-8061.png?v=1770203357,kg,,,
carte-cadeau,,,,,,,,,"30,00 €",,,,,,,,,0.0,,0,deny,gift_card,30.00,,false,false,,,,,,https://cdn.shopify.com/s/files/1/0908/5508/0263/files/IMG-8063.png?v=1770203379,7,"",,,,,,,,,,,,,,,,,,https://cdn.shopify.com/s/files/1/0908/5508/0263/files/IMG-8063.png?v=1770203379,kg,,,
carte-cadeau,,,,,,,,,"35,00 €",,,,,,,,,0.0,,0,deny,gift_card,35.00,,false,false,,,,,,https://cdn.shopify.com/s/files/1/0908/5508/0263/files/IMG-8057.png?v=1770203402,8,"",,,,,,,,,,,,,,,,,,https://cdn.shopify.com/s/files/1/0908/5508/0263/files/IMG-8057.png?v=1770203402,kg,,,
carte-cadeau,,,,,,,,,"40,00 €",,,,,,,,,0.0,,0,deny,gift_card,40.00,,false,false,,,,,,https://cdn.shopify.com/s/files/1/0908/5508/0263/files/IMG-8064.png?v=1770203426,9,"",,,,,,,,,,,,,,,,,,https://cdn.shopify.com/s/files/1/0908/5508/0263/files/IMG-8064.png?v=1770203426,kg,,,
carte-cadeau,,,,,,,,,"60,00 €",,,,,,,,,0.0,,0,deny,gift_card,60.00,,false,false,,,,,,https://cdn.shopify.com/s/files/1/0908/5508/0263/files/IMG-8068.png?v=1770203444,10,"",,,,,,,,,,,,,,,,,,https://cdn.shopify.com/s/files/1/0908/5508/0263/files/IMG-8068.png?v=1770203444,kg,,,
carte-cadeau,,,,,,,,,"70,00€",,,,,,,,,0.0,,0,deny,gift_card,70.00,,false,false,,,,,,https://cdn.shopify.com/s/files/1/0908/5508/0263/files/IMG-8069.png?v=1770203510,11,"",,,,,,,,,,,,,,,,,,https://cdn.shopify.com/s/files/1/0908/5508/0263/files/IMG-8069.png?v=1770203510,kg,,,
carte-cadeau,,,,,,,,,"80,00€",,,,,,,,,0.0,,0,deny,gift_card,80.00,,false,false,,,,,,https://cdn.shopify.com/s/files/1/0908/5508/0263/files/IMG-8070.png?v=1770203531,12,"",,,,,,,,,,,,,,,,,,https://cdn.shopify.com/s/files/1/0908/5508/0263/files/IMG-8070.png?v=1770203531,kg,,,
carte-cadeau,,,,,,,,,"90,00€",,,,,,,,,0.0,,0,deny,gift_card,90.00,,false,false,,,,,,https://cdn.shopify.com/s/files/1/0908/5508/0263/files/IMG-8071.png?v=1770203606,13,"",,,,,,,,,,,,,,,,,,https://cdn.shopify.com/s/files/1/0908/5508/0263/files/IMG-8071.png?v=1770203606,kg,,,
porte-badge-stitch-fruit-bleu-noel,Porte -badge stitch/fruit/bleu/noel,"<p><span>Un porte-badge trop mignon décoré avec perles ou perles en silicone.</span></p>
<p><span>Parfait pour personnaliser une blouse ou un badge professionnel avec une touche fun et colorée !</span></p>
<p><br><span></span></p>
<p><span>⭐ Caractéristiques</span></p>
<p> </p>
<ul>
<li><span>Perles et perles en silicone </span></li>
<li><span>Enrouleur rétractable</span></li>
<li><span>Idée cadeaux 🎁 </span></li>
<li><span>Fait main avec soin</span></li>
</ul>
<p> </p>",JOLANANAS,"Apparel & Accessories > Handbags, Wallets & Cases > Badge & Pass Holders","","",true,T,Porte badge noir Noël,,,,,,,,,0.0,shopify,1,deny,manual,4.00,,true,true,,,,,,https://cdn.shopify.com/s/files/1/0908/5508/0263/files/DFE508AA-B572-4676-812B-5808D6B43E06.jpg?v=1763379231,1,"",false,,,tous-ages-1,pince,,multicolore,,,,,,,,,unisexe-1,,https://cdn.shopify.com/s/files/1/0908/5508/0263/files/DFE508AA-B572-4676-812B-5808D6B43E06.jpg?v=1763379231,kg,,,active
porte-badge-stitch-fruit-bleu-noel,,,,,,,,,Porte badge rose stitch,,,,,,,,,0.0,shopify,1,deny,manual,4.00,,true,true,,,,,,,,,,,,,,,,,,,,,,,,,,https://cdn.shopify.com/s/files/1/0908/5508/0263/files/DFE508AA-B572-4676-812B-5808D6B43E06.jpg?v=1763379231,kg,,,
porte-badge-stitch-fruit-bleu-noel,,,,,,,,,Porte badge jaune fruits,,,,,,,,,0.0,shopify,1,deny,manual,4.00,,true,true,,,,,,,,,,,,,,,,,,,,,,,,,,https://cdn.shopify.com/s/files/1/0908/5508/0263/files/DFE508AA-B572-4676-812B-5808D6B43E06.jpg?v=1763379231,kg,,,
porte-badge-stitch-fruit-bleu-noel,,,,,,,,,Porte badge bleu,,,,,,,,,0.0,shopify,1,deny,manual,4.00,,true,true,,,,,,,,,,,,,,,,,,,,,,,,,,https://cdn.shopify.com/s/files/1/0908/5508/0263/files/DFE508AA-B572-4676-812B-5808D6B43E06.jpg?v=1763379231,kg,,,
porte-badge-theme-leopard-girly,PORTE-BADGE – Thème Léopard / Girly,"<p><span>Un porte-badge chic et tendance décoré de perles ou perles en silicone léopard, de cœurs et d’un pompon tout doux selon le modèle.</span></p>
<p><span>Parfait pour les fans de motifs animaux, d’accessoires girly ou pour offrir un cadeau original.</span></p>
<p><br><span></span></p>
<p><span>⭐ Caractéristiques</span></p>
<p> </p>
<ul>
<li><span>Motifs léopard, cœur, rouge &amp; noir</span></li>
<li><span>Enrouleur </span></li>
<li><span>Clip métallique</span></li>
<li><span>Accessoire professionnel stylé</span></li>
<li><span>Fabrication artisanale</span></li>
</ul>
<p> </p>",JOLANANAS,"Apparel & Accessories > Handbags, Wallets & Cases > Badge & Pass Holders","","",true,T,Porte badge noir motif 🐆,,,,,,,,,0.0,shopify,1,deny,manual,4.00,,true,true,,,,,,https://cdn.shopify.com/s/files/1/0908/5508/0263/files/A5BD8B11-7926-4E45-94FC-C26CF5B435B1.jpg?v=1763378959,1,"",false,,,tous-ages-1,pince,,multicolore,,,,,,,,,feminin,,https://cdn.shopify.com/s/files/1/0908/5508/0263/files/A5BD8B11-7926-4E45-94FC-C26CF5B435B1.jpg?v=1763378959,kg,,,active
porte-badge-theme-leopard-girly,,,,,,,,,Porte badge gris motif 🦓,,,,,,,,,0.0,shopify,1,deny,manual,4.00,,true,true,,,,,,,,,,,,,,,,,,,,,,,,,,https://cdn.shopify.com/s/files/1/0908/5508/0263/files/A5BD8B11-7926-4E45-94FC-C26CF5B435B1.jpg?v=1763378959,kg,,,
porte-badge-theme-leopard-girly,,,,,,,,,Porte badge blanc motif 🐆,,,,,,,,,0.0,shopify,1,deny,manual,4.00,,true,true,,,,,,,,,,,,,,,,,,,,,,,,,,https://cdn.shopify.com/s/files/1/0908/5508/0263/files/A5BD8B11-7926-4E45-94FC-C26CF5B435B1.jpg?v=1763378959,kg,,,
porte-badge-metiers-medical,PORTE-BADGE – métiers médical,"<p><span>Ce porte-badge est décoré avec une petite blouse médicale en silicone, parfaite pour les personnes du médical.</span></p>
<p><span>Il ajoute une touche mignonne et personnalisée à votre tenue professionnelle.</span></p>
<p><br><span></span></p>
<p><span>⭐ Caractéristiques</span></p>
<p> </p>
<ul>
<li><span>Perles ou perles silicone médicales</span></li>
<li><span>Enrouleur rétractable</span></li>
<li><span>Clip métal </span></li>
<li><span>Idéal cadeau de remerciement</span></li>
</ul>
<p> </p>",JOLANANAS,"Apparel & Accessories > Handbags, Wallets & Cases > Badge & Pass Holders","","",true,H,Porte badge violet,,,,,,,,,0.0,shopify,1,deny,manual,4.00,,true,true,,,,,,https://cdn.shopify.com/s/files/1/0908/5508/0263/files/C8F81223-5953-4CBA-A8F0-EB76A0FB8C1A.jpg?v=1763378777,1,"",false,,,tous-ages-1,prince,,multicolore,,,,,,,,,unisexe-1,,https://cdn.shopify.com/s/files/1/0908/5508/0263/files/C8F81223-5953-4CBA-A8F0-EB76A0FB8C1A.jpg?v=1763378777,kg,,,active
porte-badge-metiers-medical,,,,,,,,,Porte badge rose,,,,,,,,,0.0,shopify,1,deny,manual,4.00,,true,true,,,,,,,,,,,,,,,,,,,,,,,,,,https://cdn.shopify.com/s/files/1/0908/5508/0263/files/C8F81223-5953-4CBA-A8F0-EB76A0FB8C1A.jpg?v=1763378777,kg,,,
porte-badge-metiers-medical,,,,,,,,,Porte badge vert d’eau,,,,,,,,,0.0,shopify,1,deny,manual,4.00,,true,true,,,,,,,,,,,,,,,,,,,,,,,,,,https://cdn.shopify.com/s/files/1/0908/5508/0263/files/C8F81223-5953-4CBA-A8F0-EB76A0FB8C1A.jpg?v=1763378777,kg,,,
porte-cle-sapin-coeur-biche,Porte clé sapin/cœur/biche,"<p><span>Un porte-clé décoré de perles ou perles silicone et de petits éléments (cœur,sapin,biche)</span></p>
<p><span>Parfait comme petit cadeau, décoration de sac ou ajout dans un calendrier de l’avent !</span></p>
<p><span>⭐ Caractéristiques</span></p>
<p> </p>
<ul>
<li><span>Perles silicone thème Noël</span></li>
<li><span>Anneau + mousqueton </span></li>
<li><span>Pompon doux selon modèle</span></li>
<li><span>Idéal pour sac, clés, cartable</span></li>
</ul>
<p> </p>",JOLANANAS,Apparel & Accessories > Handbag & Wallet Accessories > Keychains,"","",true,H,Poste clé jaune / sapin,,,,,,,,,0.0,shopify,1,deny,manual,4.00,,true,true,,,,,,https://cdn.shopify.com/s/files/1/0908/5508/0263/files/4DFD88F8-3B91-4097-A5CA-5BFC6FBE5403.jpg?v=1763378540,1,"",false,,,,,,multicolore,,,,,,metal,,,unisexe-1,,https://cdn.shopify.com/s/files/1/0908/5508/0263/files/4DFD88F8-3B91-4097-A5CA-5BFC6FBE5403.jpg?v=1763378540,kg,,,active
porte-cle-sapin-coeur-biche,,,,,,,,,Porte clé doré / 💙,,,,,,,,,0.0,shopify,1,deny,manual,4.00,,true,true,,,,,,,,,,,,,,,,,,,,,,,,,,https://cdn.shopify.com/s/files/1/0908/5508/0263/files/4DFD88F8-3B91-4097-A5CA-5BFC6FBE5403.jpg?v=1763378540,kg,,,
porte-cle-sapin-coeur-biche,,,,,,,,,Porte clé doré / biche,,,,,,,,,0.0,shopify,1,deny,manual,4.00,,true,true,,,,,,,,,,,,,,,,,,,,,,,,,,https://cdn.shopify.com/s/files/1/0908/5508/0263/files/4DFD88F8-3B91-4097-A5CA-5BFC6FBE5403.jpg?v=1763378540,kg,,,
porte-cle-stitch,Porte clé stitch,"<p><span>Un porte-clé adorable inspiré de Stitch, disponible en bleu ou rose selon le modèle.</span></p>
<p><span>Décoré de perles ou perles silicone assorties, il est parfait pour enfants, ados et fans du personnage.</span></p>
<p><br><span></span></p>
<p><span>⭐ Caractéristiques</span></p>
<p> </p>
<ul>
<li><span>Perles ou perles silicone Stitch</span></li>
<li><span>Mousqueton </span></li>
<li><span>Plusieurs couleurs disponibles</span></li>
<li><span>Fait main</span></li>
</ul>
<p> </p>",JOLANANAS,Apparel & Accessories > Handbag & Wallet Accessories > Keychains,"","",true,T,Porte clé argent stitch bleu pompon rouge,,,,,,,,,0.0,shopify,1,deny,manual,4.00,,true,true,,,,,,https://cdn.shopify.com/s/files/1/0908/5508/0263/files/36F3AC2B-4A7E-4A19-9B52-EDE1FD0CF5BF.jpg?v=1763378229,1,"",false,,,,,,multicolore,,,,,,metal,,,feminin; unisexe,,https://cdn.shopify.com/s/files/1/0908/5508/0263/files/36F3AC2B-4A7E-4A19-9B52-EDE1FD0CF5BF.jpg?v=1763378229,kg,,,active
porte-cle-stitch,,,,,,,,,Porte clé stitch rose perle bleu et rose,,,,,,,,,0.0,shopify,1,deny,manual,4.00,,true,true,,,,,,,,,,,,,,,,,,,,,,,,,,https://cdn.shopify.com/s/files/1/0908/5508/0263/files/36F3AC2B-4A7E-4A19-9B52-EDE1FD0CF5BF.jpg?v=1763378229,kg,,,
porte-cle-stitch,,,,,,,,,Porte clé bleu stitch bleu,,,,,,,,,0.0,shopify,1,deny,manual,4.00,,true,true,,,,,,,,,,,,,,,,,,,,,,,,,,https://cdn.shopify.com/s/files/1/0908/5508/0263/files/36F3AC2B-4A7E-4A19-9B52-EDE1FD0CF5BF.jpg?v=1763378229,kg,,,
porte-cle-stitch,,,,,,,,,Porte clé doré stitch rose,,,,,,,,,0.0,shopify,1,deny,manual,4.00,,true,true,,,,,,,,,,,,,,,,,,,,,,,,,,https://cdn.shopify.com/s/files/1/0908/5508/0263/files/36F3AC2B-4A7E-4A19-9B52-EDE1FD0CF5BF.jpg?v=1763378229,kg,,,
porte-cle-leopard-girly,Porte-clé Léopard / Girly,"<p><span>Un porte-clé stylé décoré de perles ou perles silicone léopard, cœurs et pompons tout doux.</span></p>
<p><span>Le cadeau parfait pour une femme, une ado ou une fan de motifs animaliers.</span></p>
<p>⭐ Caractéristiques<br><span></span></p>
<p> </p>
<p> </p>
<ul>
<li><span>Motifs léopard, cœur, rouge/noir</span></li>
<li><span>Mousqueton métal doré / noir /gris</span></li>
<li><span>Perles ou perles silicone </span></li>
<li><span>Idéal pour sacs &amp; trousseaux</span></li>
</ul>",JOLANANAS,Apparel & Accessories > Handbag & Wallet Accessories > Keychains,"","",true,T,Porte clé gris pompon marron et perle  🐆,,,,,,,,,0.0,shopify,1,deny,manual,4.00,,true,true,,,,,,https://cdn.shopify.com/s/files/1/0908/5508/0263/files/F2E5EB8B-C27E-47F8-B11A-B22D0631A511.jpg?v=1763377916,1,"",false,,,,,,multicolore,,,,,,metal,,,feminin,,https://cdn.shopify.com/s/files/1/0908/5508/0263/files/F2E5EB8B-C27E-47F8-B11A-B22D0631A511.jpg?v=1763377916,kg,,,active
porte-cle-leopard-girly,,,,,,,,,Porte clé doré 🐆 xoxo,,,,,,,,,0.0,shopify,1,deny,manual,4.00,,true,true,,,,,,,,,,,,,,,,,,,,,,,,,,https://cdn.shopify.com/s/files/1/0908/5508/0263/files/F2E5EB8B-C27E-47F8-B11A-B22D0631A511.jpg?v=1763377916,kg,,,
porte-cle-leopard-girly,,,,,,,,,Porte clé noir cœur léopard et pompon,,,,,,,,,0.0,shopify,1,deny,manual,4.00,,true,true,,,,,,,,,,,,,,,,,,,,,,,,,,https://cdn.shopify.com/s/files/1/0908/5508/0263/files/F2E5EB8B-C27E-47F8-B11A-B22D0631A511.jpg?v=1763377916,kg,,,
porte-cle-leopard-girly,,,,,,,,,Porte clé doré ❤️ pompon rouge,,,,,,,,,0.0,shopify,1,deny,manual,4.00,,true,true,,,,,,,,,,,,,,,,,,,,,,,,,,https://cdn.shopify.com/s/files/1/0908/5508/0263/files/F2E5EB8B-C27E-47F8-B11A-B22D0631A511.jpg?v=1763377916,kg,,,
porte-cle-leopard-girly,,,,,,,,,Porte clé doré perles léopard mug 🐆,,,,,,,,,0.0,shopify,1,deny,manual,4.00,,true,true,,,,,,,,,,,,,,,,,,,,,,,,,,https://cdn.shopify.com/s/files/1/0908/5508/0263/files/F2E5EB8B-C27E-47F8-B11A-B22D0631A511.jpg?v=1763377916,kg,,,
stylo-metier-medical-🏥,Stylo métier médical 🏥,"<p><span>Un stylo spécialement pensé pour les professionnels : perles médicales, blouse, seringue… Une attention parfaite pour remercier quelqu’un.</span></p>
<p><span>⭐<span class=""Apple-converted-space""> </span></span><span>Caractéristiques</span></p>
<p> </p>
<ul>
<li><span>Perles en silicone thématiques</span></li>
<li><span>Stylo noir rechargeable</span></li>
<li><span>Très apprécié comme cadeau de remerciement</span></li>
<li><span>Création artisanale</span></li>
</ul>
<p> </p>
<p> </p>
<p><span>🎁<span class=""Apple-converted-space""> </span></span><span>Idéal pour: Cadeau</span> fin d’année • Stage • Soin infirmier…<br><span></span></p>
<p class=""p1""><span class=""s1"">👉 Deux recharges d’encre sont fournies avec chaque stylo.</span></p>
<p> </p>",JOLANANAS,Office Supplies > Office Instruments > Writing & Drawing Instruments > Pens & Pencils > Pens > Ballpoint Pens,"","",true,Mm,Pompon vert 💉 stylo blanc,,,,,,,,,0.0,shopify,1,deny,manual,4.00,,true,true,,,,,,https://cdn.shopify.com/s/files/1/0908/5508/0263/files/8225B091-C324-4B1B-ADDF-3A6C778A2EFA.jpg?v=1763377421,1,"",false,,,,,,,,,noir,,,,multicolore,moyen,,,https://cdn.shopify.com/s/files/1/0908/5508/0263/files/8225B091-C324-4B1B-ADDF-3A6C778A2EFA.jpg?v=1763377421,kg,,,active
stylo-metier-medical-🏥,,,,,,,,,Stylo violet croix medicale,,,,,,,,,0.0,shopify,1,deny,manual,4.00,,true,true,,,,,,,,,,,,,,,,,,,,,,,,,,https://cdn.shopify.com/s/files/1/0908/5508/0263/files/8225B091-C324-4B1B-ADDF-3A6C778A2EFA.jpg?v=1763377421,kg,,,
stylo-metier-medical-🏥,,,,,,,,,Blouse médicale rose stylo rose métallique,,,,,,,,,0.0,shopify,1,deny,manual,4.00,,true,true,,,,,,,,,,,,,,,,,,,,,,,,,,https://cdn.shopify.com/s/files/1/0908/5508/0263/files/8225B091-C324-4B1B-ADDF-3A6C778A2EFA.jpg?v=1763377421,kg,,,
stylo-metier-medical-🏥,,,,,,,,,Pompon rose 💉 stylo rose,,,,,,,,,0.0,shopify,1,deny,manual,4.00,,true,true,,,,,,,,,,,,,,,,,,,,,,,,,,https://cdn.shopify.com/s/files/1/0908/5508/0263/files/8225B091-C324-4B1B-ADDF-3A6C778A2EFA.jpg?v=1763377421,kg,,,
stylo-metier-medical-🏥,,,,,,,,,Blouse médicale violette stylo violet,,,,,,,,,0.0,shopify,1,deny,manual,4.00,,true,true,,,,,,,,,,,,,,,,,,,,,,,,,,https://cdn.shopify.com/s/files/1/0908/5508/0263/files/8225B091-C324-4B1B-ADDF-3A6C778A2EFA.jpg?v=1763377421,kg,,,
stylo-metier-medical-🏥,,,,,,,,,Croix médicale rouge stylo blanc,,,,,,,,,0.0,shopify,1,deny,manual,4.00,,true,true,,,,,,,,,,,,,,,,,,,,,,,,,,https://cdn.shopify.com/s/files/1/0908/5508/0263/files/8225B091-C324-4B1B-ADDF-3A6C778A2EFA.jpg?v=1763377421,kg,,,
stylo-pastel-cute,Stylo pastel /cute,"<p><span>Un stylo doux et coloré fait en perles et perles en silicone pastel : mignon, tendre et parfait pour illuminer une trousse ou un bureau.</span></p>
<p><span>⭐ </span><span>Caractéristiques :</span><br><span></span></p>
<p>Perles en silicone pastel<br>Stylo noir rechargeable</p>
<p>Création faite à la main <br>Look doux et mignon</p>
<p><span>🎁<span class=""Apple-converted-space""> </span></span><span>Idéal pour :</span>École • Collège • Bullet journal • Cadeau mignon • Papeterie cute<br><span></span></p>
<p class=""p1""><span class=""s1"">👉 Deux recharges d’encre sont fournies avec chaque stylo.</span></p>
<p> </p>",JOLANANAS,Office Supplies > Office Instruments > Writing & Drawing Instruments > Pens & Pencils > Pens > Ballpoint Pens,"","",true,G,Pompon rose et violet stylo noir,,,,,,,,,0.0,shopify,1,deny,manual,4.00,,true,true,,,,,,https://cdn.shopify.com/s/files/1/0908/5508/0263/files/153B627F-DA30-4DD8-823F-DC92603FBCEE.jpg?v=1763377029,1,"",false,,,,,,,,,noir,,,,multicolore,moyen,,,https://cdn.shopify.com/s/files/1/0908/5508/0263/files/153B627F-DA30-4DD8-823F-DC92603FBCEE.jpg?v=1763377029,kg,,,active
stylo-pastel-cute,,,,,,,,,Pompon vert et blanc stylo vert,,,,,,,,,0.0,shopify,1,deny,manual,4.00,,true,true,,,,,,,,,,,,,,,,,,,,,,,,,,https://cdn.shopify.com/s/files/1/0908/5508/0263/files/153B627F-DA30-4DD8-823F-DC92603FBCEE.jpg?v=1763377029,kg,,,
stylo-pastel-cute,,,,,,,,,Pompon violet rose stylo blanc,,,,,,,,,0.0,shopify,1,deny,manual,4.00,,true,true,,,,,,,,,,,,,,,,,,,,,,,,,,https://cdn.shopify.com/s/files/1/0908/5508/0263/files/153B627F-DA30-4DD8-823F-DC92603FBCEE.jpg?v=1763377029,kg,,,
stylo-pastel-cute,,,,,,,,,Perle motif fruit stylo jaune,,,,,,,,,0.0,shopify,1,deny,manual,4.00,,true,true,,,,,,,,,,,,,,,,,,,,,,,,,,https://cdn.shopify.com/s/files/1/0908/5508/0263/files/153B627F-DA30-4DD8-823F-DC92603FBCEE.jpg?v=1763377029,kg,,,
stylo-pastel-cute,,,,,,,,,Pompon rose stylo rose métallique,,,,,,,,,0.0,shopify,1,deny,manual,4.00,,true,true,,,,,,,,,,,,,,,,,,,,,,,,,,https://cdn.shopify.com/s/files/1/0908/5508/0263/files/153B627F-DA30-4DD8-823F-DC92603FBCEE.jpg?v=1763377029,kg,,,
stylo-pastel-cute,,,,,,,,,Cœur jaune pompon jaune stylo doré,,,,,,,,,0.0,shopify,1,deny,manual,4.00,,true,true,,,,,,,,,,,,,,,,,,,,,,,,,,https://cdn.shopify.com/s/files/1/0908/5508/0263/files/153B627F-DA30-4DD8-823F-DC92603FBCEE.jpg?v=1763377029,kg,,,
stylo-pastel-cute,,,,,,,,,Biche stylo rose métallique,,,,,,,,,0.0,shopify,1,deny,manual,4.00,,true,true,,,,,,,,,,,,,,,,,,,,,,,,,,https://cdn.shopify.com/s/files/1/0908/5508/0263/files/153B627F-DA30-4DD8-823F-DC92603FBCEE.jpg?v=1763377029,kg,,,
stylo-leopard-girly,Stylo léopard girly,"<p><span>Un stylo élégant et féminin avec perles ou perles silicone léopard, cœurs ou pompon. Le favori des ados et des fans de papeterie stylée !</span></p>
<p> </p>
<p><span>⭐<span class=""Apple-converted-space""> </span></span><span>Caractéristiques</span></p>
<p> </p>
<ul>
<li><span>Perles ou perles silicone motifs léopard / cœur</span></li>
<li><span>Pompon selon modèle</span></li>
<li><span>Stylo bille noir, rechargeable</span></li>
<li><span>Création artisanale</span></li>
<li><span>Style élégant et tendance</span></li>
</ul>
<p> </p>
<p> </p>
<p><span>🎁<span class=""Apple-converted-space""> </span></span><span>Idéal pour :</span>Cadeau femme • Bureau déco • Papeterie girly • Anniversaires<br><span></span></p>
<p class=""p1""><span class=""s1"">👉 Deux recharges d’encre sont fournies avec chaque stylo.</span></p>
<p> </p>",JOLANANAS,Office Supplies > Office Instruments > Writing & Drawing Instruments > Pens & Pencils > Pens > Ballpoint Pens,"","",true,G,Thermo  léopard cœur rouge stylo blanc,,,,,,,,,0.0,shopify,1,deny,manual,4.00,,true,true,,,,,,https://cdn.shopify.com/s/files/1/0908/5508/0263/files/6F76F8E9-FCE5-4814-9396-7A27D527E776.jpg?v=1763376520,1,"",false,,,,,,,,,noir,,,,multicolore,moyen,,,https://cdn.shopify.com/s/files/1/0908/5508/0263/files/6F76F8E9-FCE5-4814-9396-7A27D527E776.jpg?v=1763376520,kg,,,active
stylo-leopard-girly,,,,,,,,,Cœur léopard pompon noir stylo noir,,,,,,,,,0.0,shopify,1,deny,manual,4.00,,true,true,,,,,,,,,,,,,,,,,,,,,,,,,,https://cdn.shopify.com/s/files/1/0908/5508/0263/files/6F76F8E9-FCE5-4814-9396-7A27D527E776.jpg?v=1763376520,kg,,,
stylo-leopard-girly,,,,,,,,,Stylo or à strass léopard xoxo,,,,,,,,,0.0,shopify,1,deny,manual,4.00,,true,true,,,,,,,,,,,,,,,,,,,,,,,,,,https://cdn.shopify.com/s/files/1/0908/5508/0263/files/6F76F8E9-FCE5-4814-9396-7A27D527E776.jpg?v=1763376520,kg,,,
stylo-leopard-girly,,,,,,,,,Cœur orange stylo orange,,,,,,,,,0.0,shopify,1,deny,manual,4.00,,true,true,,,,,,,,,,,,,,,,,,,,,,,,,,https://cdn.shopify.com/s/files/1/0908/5508/0263/files/6F76F8E9-FCE5-4814-9396-7A27D527E776.jpg?v=1763376520,kg,,,
stylo-leopard-girly,,,,,,,,,Cœur léopard perle rouge et rose stylo noir,,,,,,,,,0.0,shopify,1,deny,manual,4.00,,true,true,,,,,,,,,,,,,,,,,,,,,,,,,,https://cdn.shopify.com/s/files/1/0908/5508/0263/files/6F76F8E9-FCE5-4814-9396-7A27D527E776.jpg?v=1763376520,kg,,,
stylo-leopard-girly,,,,,,,,,Stylo violet strass léopard pompon,,,,,,,,,0.0,shopify,1,deny,manual,4.00,,true,true,,,,,,,,,,,,,,,,,,,,,,,,,,https://cdn.shopify.com/s/files/1/0908/5508/0263/files/6F76F8E9-FCE5-4814-9396-7A27D527E776.jpg?v=1763376520,kg,,,
stylo-leopard-girly,,,,,,,,,Gros Cœur léopard stylo orange,,,,,,,,,0.0,shopify,1,deny,manual,4.00,,true,true,,,,,,,,,,,,,,,,,,,,,,,,,,https://cdn.shopify.com/s/files/1/0908/5508/0263/files/6F76F8E9-FCE5-4814-9396-7A27D527E776.jpg?v=1763376520,kg,,,
stylo-leopard-girly,,,,,,,,,Léopard et pompon stylo rose,,,,,,,,,0.0,shopify,1,deny,manual,4.00,,true,true,,,,,,,,,,,,,,,,,,,,,,,,,,https://cdn.shopify.com/s/files/1/0908/5508/0263/files/6F76F8E9-FCE5-4814-9396-7A27D527E776.jpg?v=1763376520,kg,,,
stylo-noel-🎅-🌲,Stylo Noël 🎅 🌲,"<p><span>Un stylo adorable sur le thème de Noël, décoré de perles ou perles en silicone et d’éléments festifs : sapin, renne, bonhomme de neige… Parfait comme petit cadeau de fin d’année !</span></p>
<p><span>⭐<span class=""Apple-converted-space""> </span></span><span>Caractéristique</span></p>
<ul>
<li><span>Motifs : sapin, renne, Père Noël, gourmandises…</span></li>
<li><span>Stylo bille noir, rechargeable</span></li>
<li><span>Création artisanale</span></li>
<li><span>Idéal cadeau petite attention</span></li>
</ul>
<p> </p>
<p> </p>
<p><span>🎁<span class=""Apple-converted-space""> </span></span><span>Idéal pour :</span>Cadeau scolaire • Secret Santa • Bureau • Étudiants • Papeterie de Noël<br><span></span></p>
<p class=""p1""><span class=""s1"">👉 Deux recharges d’encre sont fournies avec chaque stylo.</span></p>
<p> </p>",JOLANANAS,Office Supplies > Office Instruments > Writing & Drawing Instruments > Pens & Pencils > Pens > Ballpoint Pens,"","",false,N,Père Noël perle pompon rouge en haut stylo blanc,,,,,,,,,0.0,shopify,1,deny,manual,4.00,,true,true,,,,,,https://cdn.shopify.com/s/files/1/0908/5508/0263/files/81483BDC-6D20-4960-AEB8-E99A5F70D0C7.jpg?v=1763376011,1,"",false,,,,,,,,,noir,,,,multicolore,fin,,,https://cdn.shopify.com/s/files/1/0908/5508/0263/files/81483BDC-6D20-4960-AEB8-E99A5F70D0C7.jpg?v=1763376011,kg,,,draft
stylo-noel-🎅-🌲,,,,,,,,,⛄️ stylo gris,,,,,,,,,0.0,shopify,1,deny,manual,4.00,,true,true,,,,,,,,,,,,,,,,,,,,,,,,,,https://cdn.shopify.com/s/files/1/0908/5508/0263/files/81483BDC-6D20-4960-AEB8-E99A5F70D0C7.jpg?v=1763376011,kg,,,
stylo-noel-🎅-🌲,,,,,,,,,Gingerbread stylo gold,,,,,,,,,0.0,shopify,1,deny,manual,4.00,,true,true,,,,,,,,,,,,,,,,,,,,,,,,,,https://cdn.shopify.com/s/files/1/0908/5508/0263/files/81483BDC-6D20-4960-AEB8-E99A5F70D0C7.jpg?v=1763376011,kg,,,
stylo-noel-🎅-🌲,,,,,,,,,🎄 stylo vert,,,,,,,,,0.0,shopify,1,deny,manual,4.00,,true,true,,,,,,,,,,,,,,,,,,,,,,,,,,https://cdn.shopify.com/s/files/1/0908/5508/0263/files/81483BDC-6D20-4960-AEB8-E99A5F70D0C7.jpg?v=1763376011,kg,,,
stylo-noel-🎅-🌲,,,,,,,,,Père Noël  pompon blanc ⬆️ stylo blanc,,,,,,,,,0.0,shopify,1,deny,manual,4.00,,true,true,,,,,,,,,,,,,,,,,,,,,,,,,,https://cdn.shopify.com/s/files/1/0908/5508/0263/files/81483BDC-6D20-4960-AEB8-E99A5F70D0C7.jpg?v=1763376011,kg,,,
stylos-sport-🏀-🏈,Stylos sport 🏀  🏈 🥊,"<p><span>Un stylo fun et dynamique décoré de perles ou perles en silicone sport : gant de boxe, ballon, basket… Le cadeau parfait pour les fans de sport !</span></p>
<p>⭐ <span>Caractéristiques</span></p>
<p> </p>
<ul>
<li><span>Perles thème sport</span></li>
<li><span>Stylo rechargeable</span></li>
<li><span>Création artisanale</span></li>
<li><span>Plusieurs sports au choix</span></li>
</ul>
<p><span>🎁 </span><span>Idéal pour </span>Cadeau ado • Coach sportif • Fans de basket • Retour à l’école • Bureau fun</p>
<p><span>👉 Deux recharges d’encre sont fournies avec chaque stylo.</span></p>
<p> </p>
<p> </p>
<p> </p>
<p> </p>",JOLANANAS,Office Supplies > Office Instruments > Writing & Drawing Instruments > Pens & Pencils > Pens > Ballpoint Pens,"","",true,S,Basket 🏀 stylo orange,,,,,,,,,0.0,shopify,1,deny,manual,4.00,,true,true,,,,,,https://cdn.shopify.com/s/files/1/0908/5508/0263/files/C734169B-36B2-4E64-8D62-E2B0D991263F.jpg?v=1763375111,1,"",false,,,,,,,,,noir,,,,multicolore,fin,,,https://cdn.shopify.com/s/files/1/0908/5508/0263/files/C734169B-36B2-4E64-8D62-E2B0D991263F.jpg?v=1763375111,kg,,,active
stylos-sport-🏀-🏈,,,,,,,,,🥊 stylo gris,,,,,,,,,0.0,shopify,1,deny,manual,4.00,,true,true,,,,,,,,,,,,,,,,,,,,,,,,,,https://cdn.shopify.com/s/files/1/0908/5508/0263/files/C734169B-36B2-4E64-8D62-E2B0D991263F.jpg?v=1763375111,kg,,,
stylos-sport-🏀-🏈,,,,,,,,,🏀 stylo orange foncé perle blanche,,,,,,,,,0.0,shopify,1,deny,manual,4.00,,true,true,,,,,,,,,,,,,,,,,,,,,,,,,,https://cdn.shopify.com/s/files/1/0908/5508/0263/files/C734169B-36B2-4E64-8D62-E2B0D991263F.jpg?v=1763375111,kg,,,
stylos-sport-🏀-🏈,,,,,,,,,🥊 bleu stylo blanc,,,,,,,,,0.0,shopify,1,deny,manual,4.00,,true,true,,,,,,,,,,,,,,,,,,,,,,,,,,https://cdn.shopify.com/s/files/1/0908/5508/0263/files/C734169B-36B2-4E64-8D62-E2B0D991263F.jpg?v=1763375111,kg,,,
stylos-sport-🏀-🏈,,,,,,,,,🏈 stylo blanc,,,,,,,,,0.0,shopify,1,deny,manual,4.00,,true,true,,,,,,,,,,,,,,,,,,,,,,,,,,https://cdn.shopify.com/s/files/1/0908/5508/0263/files/C734169B-36B2-4E64-8D62-E2B0D991263F.jpg?v=1763375111,kg,,,
fleur-de-douche-lavable-eponge-bambou,Fleur de douche lavable éponge bambou,"<p><span> Fleurs de douche ultra-douces en éponge bambou, idéales pour une toilette agréable au quotidien.</span></p>
<p><span>Elles offrent une mousse légère, un toucher très doux, et conviennent parfaitement aux peaux sensibles, y compris celles des enfants.</span></p>
<p> </p>
<p><span>✨ Caractéristiques</span></p>
<ul>
<li><span>Matière : éponge bambou douce et absorbante</span></li>
<li><span>Forme : fleur généreuse, agréable en main</span></li>
<li><span>Avec boucle d’accroche pour un séchage rapide et accrocher n’importe où dans votre douche</span></li>
<li><span>Réutilisable &amp; écologique</span></li>
<li><span>Lavable </span></li>
</ul>
<p><span>💡 Avantages</span></p>
<p> </p>
<ul>
<li><span>Plus douce qu’une fleur de douche plastique</span></li>
<li><span>Respectueuse de la peau</span></li>
<li><span>Exfolie délicatement</span></li>
<li><span>Durable dans le temps</span></li>
</ul>
<p>Lavage en machine à 30 degrés dans un filet pas de sèche linge.</p>",JOLANANAS,Home & Garden > Linens & Bedding > Towels > Bath Towels & Washcloths > Washcloths,"","",true,T,Fleur de douche bambou rose,,,,,,,,,0.0,shopify,2,deny,manual,9.50,,true,true,,,,,,https://cdn.shopify.com/s/files/1/0908/5508/0263/files/C1474BA5-D067-4470-BEEB-0074B1EBD6C1.jpg?v=1763373761,1,"",false,,,,,,multicolore,,bambou,,,,,,,,,https://cdn.shopify.com/s/files/1/0908/5508/0263/files/C1474BA5-D067-4470-BEEB-0074B1EBD6C1.jpg?v=1763373761,kg,,,active
fleur-de-douche-lavable-eponge-bambou,,,,,,,,,Moutarde jaune,,,,,,,,,0.0,shopify,2,deny,manual,9.50,,true,true,,,,,,,,,,,,,,,,,,,,,,,,,,https://cdn.shopify.com/s/files/1/0908/5508/0263/files/C1474BA5-D067-4470-BEEB-0074B1EBD6C1.jpg?v=1763373761,kg,,,
fleur-de-douche-lavable-eponge-bambou,,,,,,,,,Bleu canard,,,,,,,,,0.0,shopify,2,deny,manual,9.50,,true,true,,,,,,,,,,,,,,,,,,,,,,,,,,https://cdn.shopify.com/s/files/1/0908/5508/0263/files/C1474BA5-D067-4470-BEEB-0074B1EBD6C1.jpg?v=1763373761,kg,,,
fleur-de-douche-lavable-eponge-bambou,,,,,,,,,Blanche,,,,,,,,,0.0,shopify,2,deny,manual,9.50,,true,true,,,,,,,,,,,,,,,,,,,,,,,,,,https://cdn.shopify.com/s/files/1/0908/5508/0263/files/C1474BA5-D067-4470-BEEB-0074B1EBD6C1.jpg?v=1763373761,kg,,,
fleur-de-douche-lavable-eponge-bambou,,,,,,,,,Rouge,,,,,,,,,0.0,shopify,1,deny,manual,9.50,,true,true,,,,,,,,,,,,,,,,,,,,,,,,,,https://cdn.shopify.com/s/files/1/0908/5508/0263/files/C1474BA5-D067-4470-BEEB-0074B1EBD6C1.jpg?v=1763373761,kg,,,
coton-demaquillant-ou-hygiene-bebe-eponge-bambou-coton,Coton démaquillant ou hygiène bebe éponge bambou /coton,"<p><span>Coton démaquillant ou idéal pour les soins de bébé . Idéal peaux sensible.</span></p>
<p><span>Chaque lingette est composée de :</span></p>
<p> </p>
<ul>
<li><span>Une face en tissu éponge de bambou ultra-doux, idéale pour nettoyer et démaquiller en douceur.</span></li>
<li><span>Une face en coton avec de superbes motifs colorés qui apportent une touche de pep’s à votre salle de bain.</span></li>
</ul>
<p>Elles remplacent les cotons jetables et conviennent aussi bien aux adultes qu’aux enfants et bébés.<br><span></span></p>
<p> </p>
<p><span><br>✨ Points forts :</span></p>
<p> </p>
<ul>
<li><span>Très douces, même pour les peaux sensibles</span></li>
<li><span>Réutilisables et lavables</span></li>
<li><span>Économique</span></li>
<li><span>Pratiques pour le visage, le démaquillage, ou la toilette bébé</span></li>
<li><span>Motifs variés et colorés</span></li>
</ul>
<p>📏 Format :<br><span></span></p>
<p> </p>
<p> </p>
<p>Environ 11x11<br><span></span></p>
<p>Lavage en machine à 30 degrés en filet pas de sèche linge.</p>
<p> </p>",JOLANANAS,Baby & Toddler > Diapering > Baby Wipes > Cloth Baby Wipes,"","",true,F,Rose point doré,,,,,,,,,0.0,shopify,5,deny,manual,2.00,,true,true,,,,,,https://cdn.shopify.com/s/files/1/0908/5508/0263/files/IMG-6141.jpg?v=1763372926,1,"",false,,,,,,multicolore,,,,,,bambou; coton,,,,non-parfume,https://cdn.shopify.com/s/files/1/0908/5508/0263/files/IMG-6141.jpg?v=1763372926,kg,,,active
coton-demaquillant-ou-hygiene-bebe-eponge-bambou-coton,,,,,,,,,Fleur bleu,,,,,,,,,0.0,shopify,8,deny,manual,2.00,,true,true,,,,,,https://cdn.shopify.com/s/files/1/0908/5508/0263/files/IMG-6142.jpg?v=1763373186,2,"",,,,,,,,,,,,,,,,,,https://cdn.shopify.com/s/files/1/0908/5508/0263/files/IMG-6141.jpg?v=1763372926,kg,,,
coton-demaquillant-ou-hygiene-bebe-eponge-bambou-coton,,,,,,,,,Ananas 🍍,,,,,,,,,0.0,shopify,9,deny,manual,2.00,,true,true,,,,,,,,,,,,,,,,,,,,,,,,,,https://cdn.shopify.com/s/files/1/0908/5508/0263/files/IMG-6141.jpg?v=1763372926,kg,,,
coton-demaquillant-ou-hygiene-bebe-eponge-bambou-coton,,,,,,,,,Forme Jaune et vert,,,,,,,,,0.0,shopify,8,deny,manual,2.00,,true,true,,,,,,,,,,,,,,,,,,,,,,,,,,https://cdn.shopify.com/s/files/1/0908/5508/0263/files/IMG-6141.jpg?v=1763372926,kg,,,
coton-demaquillant-ou-hygiene-bebe-eponge-bambou-coton,,,,,,,,,Blanche et noire forme géométrique,,,,,,,,,0.0,shopify,7,deny,manual,2.00,,true,true,,,,,,,,,,,,,,,,,,,,,,,,,,https://cdn.shopify.com/s/files/1/0908/5508/0263/files/IMG-6141.jpg?v=1763372926,kg,,,
mini-serviettes-visage-en-eponge-bambou-et-coton,Mini serviettes visage en éponge bambou et coton,"<p><span>Ces mini-serviettes visage sont parfaites pour une routine beauté douce et agréable au quotidien.</span></p>
<p><span>Elles sont composées :</span></p>
<p> </p>
<ul>
<li><span>D’un côté en tissu éponge bambou tout doux, idéal pour nettoyer, démaquiller ou rafraîchir délicatement la peau.</span></li>
<li><span>D’un côté en coton imprimé avec de jolis motifs (ananas, fleurs, géométriques, etc.), pour une touche colorée et élégante dans la salle de bain.</span></li>
</ul>
<p> </p>
<p> </p>
<p><span>⭐ Idéales pour :</span></p>
<p> </p>
<ul>
<li><span>Le démaquillage avec ou sans produits</span></li>
<li><span>Le nettoyage du visage matin et soir</span></li>
<li><span>Les peaux sensibles, y compris celles des enfants</span></li>
<li><span>Remplacer les cotons jetables</span></li>
</ul>
<p> </p>
<p> </p>
<p>✨ Avantages :</p>
<p> </p>
<ul>
<li><span>Ultra douces et agréables sur la peau</span></li>
<li><span>Lavables et réutilisables</span></li>
<li><span>Économiques et zéro déchet</span></li>
<li><span>Taille pratique et facile à emporter</span></li>
</ul>
<p>📏 Format :<br><span></span></p>
<p> </p>
<p> </p>
<p>Environ 18x18cm <br><span></span></p>
<p>Lavage en filet en machine à 30 degrés pas de sèche linge.</p>
<p> </p>",JOLANANAS,Health & Beauty > Personal Care > Cosmetics > Cosmetic Tools > Makeup Tools,"","",true,H,Ananas 🍍,,,,,,,,,0.0,shopify,2,deny,manual,4.00,,true,true,,,,,,https://cdn.shopify.com/s/files/1/0908/5508/0263/files/24C41A86-D891-4C3E-B583-ED88EAD58791.jpg?v=1763372034,1,"",false,,,,,,,,,,,,,,,,,https://cdn.shopify.com/s/files/1/0908/5508/0263/files/24C41A86-D891-4C3E-B583-ED88EAD58791.jpg?v=1763372034,kg,,,active
mini-serviettes-visage-en-eponge-bambou-et-coton,,,,,,,,,Forme géométrique blanche et noire,,,,,,,,,0.0,shopify,2,deny,manual,4.00,,true,true,,,,,,https://cdn.shopify.com/s/files/1/0908/5508/0263/files/EDEFA12D-F5D6-451F-BAC4-C38AD2480141.jpg?v=1763372200,2,"",,,,,,,,,,,,,,,,,,https://cdn.shopify.com/s/files/1/0908/5508/0263/files/24C41A86-D891-4C3E-B583-ED88EAD58791.jpg?v=1763372034,kg,,,
mini-serviettes-visage-en-eponge-bambou-et-coton,,,,,,,,,Fleur bleu et blanche,,,,,,,,,0.0,shopify,1,deny,manual,4.00,,true,true,,,,,,,,,,,,,,,,,,,,,,,,,,https://cdn.shopify.com/s/files/1/0908/5508/0263/files/24C41A86-D891-4C3E-B583-ED88EAD58791.jpg?v=1763372034,kg,,,
mini-serviettes-visage-en-eponge-bambou-et-coton,,,,,,,,,Verte et jaune avec motif,,,,,,,,,0.0,shopify,1,deny,manual,4.00,,true,true,,,,,,,,,,,,,,,,,,,,,,,,,,https://cdn.shopify.com/s/files/1/0908/5508/0263/files/24C41A86-D891-4C3E-B583-ED88EAD58791.jpg?v=1763372034,kg,,,
mini-serviettes-visage-en-eponge-bambou-et-coton,,,,,,,,,Rose point doré,,,,,,,,,0.0,shopify,1,deny,manual,4.00,,true,true,,,,,,,,,,,,,,,,,,,,,,,,,,https://cdn.shopify.com/s/files/1/0908/5508/0263/files/24C41A86-D891-4C3E-B583-ED88EAD58791.jpg?v=1763372034,kg,,,
chouchou-fait-main,Chouchou fait main,"<p><span>Un chouchou tout cousu à la main avec amour 💕</span></p>
<p><span>Il apporte une touche fun à toutes les coiffures.</span></p>
<p><span>Chaque modèle est unique, réalisé en petite quantité ✨</span></p>",JOLANANAS,Apparel & Accessories > Clothing Accessories > Hair Accessories,"","",true,C,Léopard doré,,,,,,,,,0.0,shopify,3,deny,manual,6.00,,true,true,,,,,,https://cdn.shopify.com/s/files/1/0908/5508/0263/files/46A240AD-C436-4210-8DDA-0E553E8C1EA0.jpg?v=1763370790,1,"",false,,,tous-ages-1,,,multicolore,,,,,,,,,feminin,,https://cdn.shopify.com/s/files/1/0908/5508/0263/files/46A240AD-C436-4210-8DDA-0E553E8C1EA0.jpg?v=1763370790,kg,,,active
chouchou-fait-main,,,,,,,,,Léopard classique,,,,,,,,,0.0,shopify,2,deny,manual,6.00,,true,true,,,,,,https://cdn.shopify.com/s/files/1/0908/5508/0263/files/B7EB76EB-E5F2-41D7-AC1D-1A379C4F343D.jpg?v=1763370871,2,"",,,,,,,,,,,,,,,,,,https://cdn.shopify.com/s/files/1/0908/5508/0263/files/B7EB76EB-E5F2-41D7-AC1D-1A379C4F343D.jpg?v=1763370871,kg,,,
chouchou-fait-main,,,,,,,,,Cœur rouge,,,,,,,,,0.0,shopify,2,deny,manual,6.00,,true,true,,,,,,https://cdn.shopify.com/s/files/1/0908/5508/0263/files/E9B906EB-41A2-43E4-B86F-76A445C958D5.jpg?v=1763370902,3,"",,,,,,,,,,,,,,,,,,https://cdn.shopify.com/s/files/1/0908/5508/0263/files/E9B906EB-41A2-43E4-B86F-76A445C958D5.jpg?v=1763370902,kg,,,
chouchou-fait-main,,,,,,,,,Blanc pailletée doré,,,,,,,,,0.0,shopify,2,deny,manual,6.00,,true,true,,,,,,https://cdn.shopify.com/s/files/1/0908/5508/0263/files/D43B1B3F-0BE1-453F-87BE-BAFB30650AF9.jpg?v=1763371010,4,"",,,,,,,,,,,,,,,,,,https://cdn.shopify.com/s/files/1/0908/5508/0263/files/D43B1B3F-0BE1-453F-87BE-BAFB30650AF9.jpg?v=1763371010,kg,,,
chouchou-fait-main,,,,,,,,,Stitch,,,,,,,,,0.0,shopify,1,deny,manual,6.00,,true,true,,,,,,https://cdn.shopify.com/s/files/1/0908/5508/0263/files/D0FA182F-A375-43BC-A836-FD809953A8EB.jpg?v=1763371052,5,"",,,,,,,,,,,,,,,,,,https://cdn.shopify.com/s/files/1/0908/5508/0263/files/D0FA182F-A375-43BC-A836-FD809953A8EB.jpg?v=1763371052,kg,,,
chouchou-fait-main,,,,,,,,,Rose léopard doré,,,,,,,,,0.0,shopify,2,deny,manual,6.00,,true,true,,,,,,https://cdn.shopify.com/s/files/1/0908/5508/0263/files/B88C1D7B-598C-4A99-9491-C972705DB4EB.jpg?v=1763371087,6,"",,,,,,,,,,,,,,,,,,https://cdn.shopify.com/s/files/1/0908/5508/0263/files/B88C1D7B-598C-4A99-9491-C972705DB4EB.jpg?v=1763371087,kg,,,
chouchou-fait-main,,,,,,,,,Basket bleu noire,,,,,,,,,0.0,shopify,1,deny,manual,6.00,,true,true,,,,,,https://cdn.shopify.com/s/files/1/0908/5508/0263/files/DA5A0353-9A8B-47BD-A878-827ADF1376FB.jpg?v=1763371119,7,"",,,,,,,,,,,,,,,,,,https://cdn.shopify.com/s/files/1/0908/5508/0263/files/DA5A0353-9A8B-47BD-A878-827ADF1376FB.jpg?v=1763371119,kg,,,
chouchou-fait-main,,,,,,,,,Visages linéaires noir et blanc,,,,,,,,,0.0,shopify,1,deny,manual,6.00,,true,true,,,,,,https://cdn.shopify.com/s/files/1/0908/5508/0263/files/D1FE2AC7-9716-4837-B524-3E0900246375.jpg?v=1763371148,8,"",,,,,,,,,,,,,,,,,,https://cdn.shopify.com/s/files/1/0908/5508/0263/files/D1FE2AC7-9716-4837-B524-3E0900246375.jpg?v=1763371148,kg,,,
chouchou-fait-main,,,,,,,,,Fleur bleu,,,,,,,,,0.0,shopify,2,deny,manual,6.00,,true,true,,,,,,https://cdn.shopify.com/s/files/1/0908/5508/0263/files/DF4BA28E-5567-460F-9FA5-5AD995831F19.jpg?v=1763371186,9,"",,,,,,,,,,,,,,,,,,https://cdn.shopify.com/s/files/1/0908/5508/0263/files/DF4BA28E-5567-460F-9FA5-5AD995831F19.jpg?v=1763371186,kg,,,
🎄bracelet-de-noel-🎅,🎄Bracelet de Noël 🎅,"<p><span>Plongez dans la magie des fêtes avec ce délicat bracelet de Noël. Minimaliste et plein de douceur, il apporte une touche festive sans en faire trop : parfait comme petit cadeau, pour un calendrier de l’Avent, un échange de présents ou pour compléter une tenue de fin d’année.</span></p>
<p> </p>
<p><span>Ajustable grâce à ses nœuds coulissants, il convient à tous les poignets. Disponible en plusieurs couleurs, dont le rouge traditionnel de Noël, il se porte aussi bien seul qu’en accumulation.</span></p>
<p>✨ Détails :</p>
<ul>
<li><span>Bracelet en cordon </span></li>
<li><span>Taille universelle – ajustable</span></li>
<li><span>Idée cadeau parfaite pour les fêtes</span></li>
</ul>
<p> </p>
<p><span>Un petit bijou simple, symbolique et chaleureux pour célébrer Noël avec style… ou pour glisser un peu de magie au poignet de vos proches. 🎁❤️</span></p>
<p> </p>",JOLANANAS,Apparel & Accessories > Jewelry > Bracelets,Bracelet,"",false,N,Père Noël perle rouge doré,,,,,,,,,0.0,shopify,1,deny,manual,2.50,,true,true,,,,,,https://cdn.shopify.com/s/files/1/0908/5508/0263/files/1C0D71EE-AA0C-496D-8230-D990D751081F.jpg?v=1763369315,1,"",false,,,tous-ages-1,,corde,rouge; vert,,,,autre,bijouterie-dimitation,,,,unisexe-1,,https://cdn.shopify.com/s/files/1/0908/5508/0263/files/1C0D71EE-AA0C-496D-8230-D990D751081F.jpg?v=1763369315,kg,,,draft
🎄bracelet-de-noel-🎅,,,,,,,,,Tasse chocolat perle verte,,,,,,,,,0.0,shopify,1,deny,manual,2.50,,true,true,,,,,,,,,,,,,,,,,,,,,,,,,,https://cdn.shopify.com/s/files/1/0908/5508/0263/files/1C0D71EE-AA0C-496D-8230-D990D751081F.jpg?v=1763369315,kg,,,
🎄bracelet-de-noel-🎅,,,,,,,,,Chat perle rouge noir blanche,,,,,,,,,0.0,shopify,0,deny,manual,2.50,,true,true,,,,,,,,,,,,,,,,,,,,,,,,,,https://cdn.shopify.com/s/files/1/0908/5508/0263/files/1C0D71EE-AA0C-496D-8230-D990D751081F.jpg?v=1763369315,kg,,,
🎄bracelet-de-noel-🎅,,,,,,,,,Sapin perle verte rouge,,,,,,,,,0.0,shopify,2,deny,manual,2.50,,true,true,,,,,,,,,,,,,,,,,,,,,,,,,,https://cdn.shopify.com/s/files/1/0908/5508/0263/files/1C0D71EE-AA0C-496D-8230-D990D751081F.jpg?v=1763369315,kg,,,
🎄bracelet-de-noel-🎅,,,,,,,,,Cloche 🔔 perle verte rouge,,,,,,,,,0.0,shopify,3,deny,manual,2.50,,true,true,,,,,,,,,,,,,,,,,,,,,,,,,,https://cdn.shopify.com/s/files/1/0908/5508/0263/files/1C0D71EE-AA0C-496D-8230-D990D751081F.jpg?v=1763369315,kg,,,
🎄bracelet-de-noel-🎅,,,,,,,,,Cerf 🦌 perle verte rouge,,,,,,,,,0.0,shopify,2,deny,manual,2.50,,true,true,,,,,,,,,,,,,,,,,,,,,,,,,,https://cdn.shopify.com/s/files/1/0908/5508/0263/files/1C0D71EE-AA0C-496D-8230-D990D751081F.jpg?v=1763369315,kg,,,
🎄bracelet-de-noel-🎅,,,,,,,,,⛄️ perle verte et rouge 3,,,,,,,,,0.0,shopify,3,deny,manual,2.50,,true,true,,,,,,,,,,,,,,,,,,,,,,,,,,https://cdn.shopify.com/s/files/1/0908/5508/0263/files/1C0D71EE-AA0C-496D-8230-D990D751081F.jpg?v=1763369315,kg,,,
🎄bracelet-de-noel-🎅,,,,,,,,,Couronne de Noël perle verte rouge,,,,,,,,,0.0,shopify,3,deny,manual,2.50,,true,true,,,,,,,,,,,,,,,,,,,,,,,,,,https://cdn.shopify.com/s/files/1/0908/5508/0263/files/1C0D71EE-AA0C-496D-8230-D990D751081F.jpg?v=1763369315,kg,,,
🎄bracelet-de-noel-🎅,,,,,,,,,🎅 père noël perle rouge verte,,,,,,,,,0.0,shopify,3,deny,manual,2.50,,true,true,,,,,,,,,,,,,,,,,,,,,,,,,,https://cdn.shopify.com/s/files/1/0908/5508/0263/files/1C0D71EE-AA0C-496D-8230-D990D751081F.jpg?v=1763369315,kg,,,
bracelet-cordon-coeur-dore,Bracelet Cordon & Cœur Doré,"<p><span>Léger, délicat et plein de douceur, ce bracelet en cordon est orné d’un joli petit cœur doré qui apporte une touche élégante et intemporelle. Ajustable grâce à ses nœuds coulissants, il convient à tous les poignets et s’adapte aussi bien aux adultes qu’aux enfants.</span></p>
<p><span>Disponible en plusieurs couleurs pétillantes ou pastel, il est parfait à porter seul pour un look minimaliste, ou en accumulation pour un style tendance.</span></p>
<p><span>✨ Détails :</span></p>
<ul>
<li><span>Bracelet en cordon </span></li>
<li><span>Breloque cœur doré</span></li>
<li><span>Ajustable – taille universelle</span></li>
<li><span>Idéal pour offrir ou se faire plaisir</span></li>
</ul>
<p>Un petit bijou simple et mignon, à porter au quotidien.<br><span></span></p>
<p> </p>",JOLANANAS,Apparel & Accessories > Jewelry > Bracelets,"","",true,Y,Beige,,,,,,,,,0.0,shopify,1,deny,manual,2.50,,true,true,,,,,,https://cdn.shopify.com/s/files/1/0908/5508/0263/files/298EAC09-8657-4B38-90D9-AC4AEAEE18E1.jpg?v=1763335070,1,"",false,,,adultes; enfants,,breloque,animal,,,,autre,bijouterie-dimitation,,,,unisexe-1,,https://cdn.shopify.com/s/files/1/0908/5508/0263/files/298EAC09-8657-4B38-90D9-AC4AEAEE18E1.jpg?v=1763335070,kg,,,active
bracelet-cordon-coeur-dore,,,,,,,,,Noir,,,,,,,,,0.0,shopify,2,deny,manual,2.50,,true,true,,,,,,https://cdn.shopify.com/s/files/1/0908/5508/0263/files/34DDC64C-3275-46E8-8759-116CE65FAB38.jpg?v=1763335125,2,"",,,,,,,,,,,,,,,,,,https://cdn.shopify.com/s/files/1/0908/5508/0263/files/34DDC64C-3275-46E8-8759-116CE65FAB38.jpg?v=1763335125,kg,,,
bracelet-cordon-coeur-dore,,,,,,,,,Jaune,,,,,,,,,0.0,shopify,1,deny,manual,2.50,,true,true,,,,,,,,,,,,,,,,,,,,,,,,,,https://cdn.shopify.com/s/files/1/0908/5508/0263/files/34DDC64C-3275-46E8-8759-116CE65FAB38.jpg?v=1763335125,kg,,,
bracelet-cordon-coeur-dore,,,,,,,,,Jaune clair,,,,,,,,,0.0,shopify,2,deny,manual,2.50,,true,true,,,,,,,,,,,,,,,,,,,,,,,,,,https://cdn.shopify.com/s/files/1/0908/5508/0263/files/34DDC64C-3275-46E8-8759-116CE65FAB38.jpg?v=1763335125,kg,,,
bracelet-cordon-coeur-dore,,,,,,,,,Bleu clair,,,,,,,,,0.0,shopify,2,deny,manual,2.50,,true,true,,,,,,,,,,,,,,,,,,,,,,,,,,https://cdn.shopify.com/s/files/1/0908/5508/0263/files/34DDC64C-3275-46E8-8759-116CE65FAB38.jpg?v=1763335125,kg,,,
bracelet-cordon-coeur-dore,,,,,,,,,Rouge,,,,,,,,,0.0,shopify,2,deny,manual,2.50,,true,true,,,,,,,,,,,,,,,,,,,,,,,,,,https://cdn.shopify.com/s/files/1/0908/5508/0263/files/34DDC64C-3275-46E8-8759-116CE65FAB38.jpg?v=1763335125,kg,,,
bracelet-cordon-coeur-dore,,,,,,,,,Rose,,,,,,,,,0.0,shopify,2,deny,manual,2.50,,true,true,,,,,,,,,,,,,,,,,,,,,,,,,,https://cdn.shopify.com/s/files/1/0908/5508/0263/files/34DDC64C-3275-46E8-8759-116CE65FAB38.jpg?v=1763335125,kg,,,
✨-bracelets-cordon-satine-coeur-argente-✨,✨ Bracelets cordon Satiné – Cœur Argenté ✨,"<p><span>Ajoutez une touche de douceur et de couleur à votre poignet avec les bracelets cordon satinés, ornés d’un délicat cœur argenté. Fins, légers et lumineux, ils s’adaptent à toutes les envies et à tous les styles.</span></p>
<p> </p>
<p><span>🌈 Large choix de couleurs – bleu , jaune, violet, vert, bordeaux, noir,marron, bleu clair…</span></p>
<p><span>💖 Cœur argenté </span></p>
<p><span>🔗 Bracelet réglable – s’adapte facilement à tous les poignets</span></p>
<p><span>✨ Style simple et chic – parfait seul ou en accumulation</span></p>
<p><span>🎁 Super idée cadeau </span></p>
<p> </p>
<p><span>Un bijou tout en finesse et en couleur, idéal pour illuminer le quotidien.</span></p>",JOLANANAS,Apparel & Accessories > Jewelry > Bracelets,"","",true,H,Bleu,,,,,,,,,0.0,shopify,1,deny,manual,2.50,,true,true,,,,,,https://cdn.shopify.com/s/files/1/0908/5508/0263/files/CF4E59E8-55BD-44D6-B175-8D8B753121A5.jpg?v=1763334482,1,"",false,,,tous-ages-1,,corde,vert; jaune; bleu; violet; noir,,,,plaque-argent-1; satine-1,bijouterie-dimitation,,,,unisexe-1,,https://cdn.shopify.com/s/files/1/0908/5508/0263/files/CF4E59E8-55BD-44D6-B175-8D8B753121A5.jpg?v=1763334482,kg,,,active
✨-bracelets-cordon-satine-coeur-argente-✨,,,,,,,,,Jaune,,,,,,,,,0.0,shopify,1,deny,manual,2.50,,true,true,,,,,,,,,,,,,,,,,,,,,,,,,,https://cdn.shopify.com/s/files/1/0908/5508/0263/files/CF4E59E8-55BD-44D6-B175-8D8B753121A5.jpg?v=1763334482,kg,,,
✨-bracelets-cordon-satine-coeur-argente-✨,,,,,,,,,Violet,,,,,,,,,0.0,shopify,1,deny,manual,2.50,,true,true,,,,,,,,,,,,,,,,,,,,,,,,,,https://cdn.shopify.com/s/files/1/0908/5508/0263/files/CF4E59E8-55BD-44D6-B175-8D8B753121A5.jpg?v=1763334482,kg,,,
✨-bracelets-cordon-satine-coeur-argente-✨,,,,,,,,,Vert,,,,,,,,,0.0,shopify,1,deny,manual,2.50,,true,true,,,,,,,,,,,,,,,,,,,,,,,,,,https://cdn.shopify.com/s/files/1/0908/5508/0263/files/CF4E59E8-55BD-44D6-B175-8D8B753121A5.jpg?v=1763334482,kg,,,
✨-bracelets-cordon-satine-coeur-argente-✨,,,,,,,,,Bordeaux,,,,,,,,,0.0,shopify,1,deny,manual,2.50,,true,true,,,,,,,,,,,,,,,,,,,,,,,,,,https://cdn.shopify.com/s/files/1/0908/5508/0263/files/CF4E59E8-55BD-44D6-B175-8D8B753121A5.jpg?v=1763334482,kg,,,
✨-bracelets-cordon-satine-coeur-argente-✨,,,,,,,,,Noir,,,,,,,,,0.0,shopify,1,deny,manual,2.50,,true,true,,,,,,,,,,,,,,,,,,,,,,,,,,https://cdn.shopify.com/s/files/1/0908/5508/0263/files/CF4E59E8-55BD-44D6-B175-8D8B753121A5.jpg?v=1763334482,kg,,,
✨-bracelets-cordon-satine-coeur-argente-✨,,,,,,,,,Marron,,,,,,,,,0.0,shopify,1,deny,manual,2.50,,true,true,,,,,,,,,,,,,,,,,,,,,,,,,,https://cdn.shopify.com/s/files/1/0908/5508/0263/files/CF4E59E8-55BD-44D6-B175-8D8B753121A5.jpg?v=1763334482,kg,,,
✨-bracelets-cordon-satine-coeur-argente-✨,,,,,,,,,Bleu clair,,,,,,,,,0.0,shopify,1,deny,manual,2.50,,true,true,,,,,,,,,,,,,,,,,,,,,,,,,,https://cdn.shopify.com/s/files/1/0908/5508/0263/files/CF4E59E8-55BD-44D6-B175-8D8B753121A5.jpg?v=1763334482,kg,,,
❤️-bracelets-cordon-coeur-dore-ou-argente,❤️ Bracelets Cordon – Cœur doré ou argenté,"<p><span>Craquez pour ces bracelets cordon ornés d’un cœur de couleur argentée ou doré : un bijou discret, moderne et rempli de symbolique. Disponibles en plusieurs couleurs, ils s’adaptent aussi bien aux looks du quotidien qu’aux petites attentions à offrir.</span></p>
<p> </p>
<p><span>✨ Cœur doré ou argenté selon le modèle</span></p>
<p><span>🔗 Nœuds coulissants – bracelet réglable et confortable</span></p>
<p><span>🎨 Coloris variés – rouge, noir, blanc… pour tous les styles</span></p>
<p><span>🌟 Design minimaliste – parfait seul ou en accumulation</span></p>
<p><span>🎁 un cadeau qui fait toujours plaisir </span></p>
<p>Un bracelet fin, élégant et intemporel, qui accompagne chaque instant avec délicatesse.<br><span></span></p>",JOLANANAS,Apparel & Accessories > Jewelry > Bracelets,"","",true,Y,Rouge cœur argenté,,,,,,,,,0.0,shopify,2,deny,manual,2.50,,true,true,,,,,,https://cdn.shopify.com/s/files/1/0908/5508/0263/files/F03AF00D-8B64-4AD7-A07A-E316BEBB0335.jpg?v=1763333699,1,"",false,,,adultes,,corde,rouge; noir; blanc; argent; or,,,,metal,bijouterie-dimitation,,,,unisexe-1,,https://cdn.shopify.com/s/files/1/0908/5508/0263/files/F03AF00D-8B64-4AD7-A07A-E316BEBB0335.jpg?v=1763333699,kg,,,active
❤️-bracelets-cordon-coeur-dore-ou-argente,,,,,,,,,Noir cœur argenté,,,,,,,,,0.0,shopify,2,deny,manual,2.50,,true,true,,,,,,,,,,,,,,,,,,,,,,,,,,https://cdn.shopify.com/s/files/1/0908/5508/0263/files/F03AF00D-8B64-4AD7-A07A-E316BEBB0335.jpg?v=1763333699,kg,,,
❤️-bracelets-cordon-coeur-dore-ou-argente,,,,,,,,,Blanc cœur argenté,,,,,,,,,0.0,shopify,2,deny,manual,2.50,,true,true,,,,,,,,,,,,,,,,,,,,,,,,,,https://cdn.shopify.com/s/files/1/0908/5508/0263/files/F03AF00D-8B64-4AD7-A07A-E316BEBB0335.jpg?v=1763333699,kg,,,
❤️-bracelets-cordon-coeur-dore-ou-argente,,,,,,,,,Rouge cœur doré,,,,,,,,,0.0,shopify,5,deny,manual,2.50,,true,true,,,,,,,,,,,,,,,,,,,,,,,,,,https://cdn.shopify.com/s/files/1/0908/5508/0263/files/F03AF00D-8B64-4AD7-A07A-E316BEBB0335.jpg?v=1763333699,kg,,,
❤️-bracelets-cordon-coeur-dore-ou-argente,,,,,,,,,Noir cœur doré,,,,,,,,,0.0,shopify,4,deny,manual,2.50,,true,true,,,,,,,,,,,,,,,,,,,,,,,,,,https://cdn.shopify.com/s/files/1/0908/5508/0263/files/F03AF00D-8B64-4AD7-A07A-E316BEBB0335.jpg?v=1763333699,kg,,,
❤️-bracelets-cordon-coeur-dore-ou-argente,,,,,,,,,Blanc cœur doré,,,,,,,,,0.0,shopify,4,deny,manual,2.50,,true,true,,,,,,,,,,,,,,,,,,,,,,,,,,https://cdn.shopify.com/s/files/1/0908/5508/0263/files/F03AF00D-8B64-4AD7-A07A-E316BEBB0335.jpg?v=1763333699,kg,,,
bracelets-cordon-coeur-dore-minimaliste-✨,✨Bracelets Cordon – Cœur Doré Minimaliste ✨,"<p><span>Bracelets cordon ornés d’un joli cœur doré : un bijou fin, léger et rempli de douceur. Chaque couleur raconte une histoire et s’adapte à toutes les envies : pastel, vif, classique ou lumineux… choisissez celui qui vous correspond !</span></p>
<p> </p>
<p><span>💛 Cœur doré ajouré – symbole délicat d’amour et de positivité</span></p>
<p><span>🎨 Large choix de couleurs – rose, fuchsia, jaune, blanc, rouge, noir, bleu, beige…</span></p>
<p><span>🎀 Cordon fin et résistant – confortable et réglable pour s’adapter à tous les poignets</span></p>
<p><span>✨ Style minimaliste – parfait en accumulation ou porté seul</span></p>
<p><span>🎁 Idée cadeau idéale</span></p>
<p>Un bracelet simple, chic et intemporel, qui accompagne chaque moment de votre journée.<br><span></span></p>",JOLANANAS,Apparel & Accessories > Jewelry > Bracelets,"","",true,C,Rose,,,,,,,,,0.0,shopify,1,deny,manual,2.50,,true,true,,,,,,https://cdn.shopify.com/s/files/1/0908/5508/0263/files/8A195FD6-141A-4162-998A-4E4AA4C548B0.jpg?v=1763332984,1,"",false,,,adultes,,corde,rose; turquoise; noir; rouge; jaune; bleu,,,,,bijoux,,,,feminin,,https://cdn.shopify.com/s/files/1/0908/5508/0263/files/8A195FD6-141A-4162-998A-4E4AA4C548B0.jpg?v=1763332984,kg,,,active
bracelets-cordon-coeur-dore-minimaliste-✨,,,,,,,,,Fushia,,,,,,,,,0.0,shopify,1,deny,manual,2.50,,true,true,,,,,,,,,,,,,,,,,,,,,,,,,,https://cdn.shopify.com/s/files/1/0908/5508/0263/files/8A195FD6-141A-4162-998A-4E4AA4C548B0.jpg?v=1763332984,kg,,,
bracelets-cordon-coeur-dore-minimaliste-✨,,,,,,,,,Turquoise,,,,,,,,,0.0,shopify,0,deny,manual,2.50,,true,true,,,,,,,,,,,,,,,,,,,,,,,,,,https://cdn.shopify.com/s/files/1/0908/5508/0263/files/8A195FD6-141A-4162-998A-4E4AA4C548B0.jpg?v=1763332984,kg,,,
bracelets-cordon-coeur-dore-minimaliste-✨,,,,,,,,,Jaune,,,,,,,,,0.0,shopify,1,deny,manual,2.50,,true,true,,,,,,,,,,,,,,,,,,,,,,,,,,https://cdn.shopify.com/s/files/1/0908/5508/0263/files/8A195FD6-141A-4162-998A-4E4AA4C548B0.jpg?v=1763332984,kg,,,
bracelets-cordon-coeur-dore-minimaliste-✨,,,,,,,,,Blanc,,,,,,,,,0.0,shopify,0,deny,manual,2.50,,true,true,,,,,,,,,,,,,,,,,,,,,,,,,,https://cdn.shopify.com/s/files/1/0908/5508/0263/files/8A195FD6-141A-4162-998A-4E4AA4C548B0.jpg?v=1763332984,kg,,,
bracelets-cordon-coeur-dore-minimaliste-✨,,,,,,,,,Rouge,,,,,,,,,0.0,shopify,1,deny,manual,2.50,,true,true,,,,,,,,,,,,,,,,,,,,,,,,,,https://cdn.shopify.com/s/files/1/0908/5508/0263/files/8A195FD6-141A-4162-998A-4E4AA4C548B0.jpg?v=1763332984,kg,,,
bracelets-cordon-coeur-dore-minimaliste-✨,,,,,,,,,Bleu clair,,,,,,,,,0.0,shopify,1,deny,manual,2.50,,true,true,,,,,,,,,,,,,,,,,,,,,,,,,,https://cdn.shopify.com/s/files/1/0908/5508/0263/files/8A195FD6-141A-4162-998A-4E4AA4C548B0.jpg?v=1763332984,kg,,,
bracelets-cordon-coeur-dore-minimaliste-✨,,,,,,,,,Noir,,,,,,,,,0.0,shopify,1,deny,manual,2.50,,true,true,,,,,,,,,,,,,,,,,,,,,,,,,,https://cdn.shopify.com/s/files/1/0908/5508/0263/files/8A195FD6-141A-4162-998A-4E4AA4C548B0.jpg?v=1763332984,kg,,,
bracelets-cordon-coeur-dore-minimaliste-✨,,,,,,,,,Bleu,,,,,,,,,0.0,shopify,1,deny,manual,2.50,,true,true,,,,,,,,,,,,,,,,,,,,,,,,,,https://cdn.shopify.com/s/files/1/0908/5508/0263/files/8A195FD6-141A-4162-998A-4E4AA4C548B0.jpg?v=1763332984,kg,,,
bracelets-cordon-coeur-dore-minimaliste-✨,,,,,,,,,Beige,,,,,,,,,0.0,shopify,1,deny,manual,2.50,,true,true,,,,,,,,,,,,,,,,,,,,,,,,,,https://cdn.shopify.com/s/files/1/0908/5508/0263/files/8A195FD6-141A-4162-998A-4E4AA4C548B0.jpg?v=1763332984,kg,,,
❤️-bracelets-coeur-metallique-au-centre-et-perles-eclatantes,❤️ Bracelets Cœur métallique au centre et perles éclatantes,"<p><span>Craquez pour ces bracelets délicats et pleins de charme, composés de perles facettées éclatantes et d’un joli cœur métallique au centre. Chaque couleur révèle une ambiance différente : douceur, énergie, élégance… à vous de choisir celui qui vous ressemble le plus !</span></p>
<p> </p>
<p><span>✨ Perles facettées lumineuses</span></p>
<p><span>✨ Cœur central argenté, symbole d’amour et de douceur</span></p>
<p><span>✨ Finitions métalliques assorties</span></p>
<p><span>✨ Bracelet réglable et confortable</span></p>
<p><span>✨ Idéal seul ou en accumulation</span></p>
<p><span>Disponibles en plusieurs teintes : vert d’eau, beige doux, noir intense, rose poudré, bleu ciel ou rouge éclatant.</span></p>
<p>Un bijou simple, coloré et tendance — parfait pour offrir… ou pour se faire plaisir !<br><span></span></p>",JOLANANAS,Apparel & Accessories > Jewelry > Bracelets,"","",true,T,Vert d’eau,,,,,,,,,0.0,shopify,1,deny,manual,2.50,,true,true,,,,,,https://cdn.shopify.com/s/files/1/0908/5508/0263/files/21A8565E-EB9C-4323-980C-83E767DDFAE0.jpg?v=1763332597,1,"",false,,,adolescents; adultes,,perle,multicolore,,,,metal,bijouterie-dimitation,,,,feminin,,https://cdn.shopify.com/s/files/1/0908/5508/0263/files/21A8565E-EB9C-4323-980C-83E767DDFAE0.jpg?v=1763332597,kg,,,active
❤️-bracelets-coeur-metallique-au-centre-et-perles-eclatantes,,,,,,,,,Beige,,,,,,,,,0.0,shopify,1,deny,manual,2.50,,true,true,,,,,,,,,,,,,,,,,,,,,,,,,,https://cdn.shopify.com/s/files/1/0908/5508/0263/files/21A8565E-EB9C-4323-980C-83E767DDFAE0.jpg?v=1763332597,kg,,,
❤️-bracelets-coeur-metallique-au-centre-et-perles-eclatantes,,,,,,,,,Noir,,,,,,,,,0.0,shopify,1,deny,manual,2.50,,true,true,,,,,,,,,,,,,,,,,,,,,,,,,,https://cdn.shopify.com/s/files/1/0908/5508/0263/files/21A8565E-EB9C-4323-980C-83E767DDFAE0.jpg?v=1763332597,kg,,,
❤️-bracelets-coeur-metallique-au-centre-et-perles-eclatantes,,,,,,,,,Rose poudré,,,,,,,,,0.0,shopify,1,deny,manual,2.50,,true,true,,,,,,,,,,,,,,,,,,,,,,,,,,https://cdn.shopify.com/s/files/1/0908/5508/0263/files/21A8565E-EB9C-4323-980C-83E767DDFAE0.jpg?v=1763332597,kg,,,
❤️-bracelets-coeur-metallique-au-centre-et-perles-eclatantes,,,,,,,,,Bleu ciel,,,,,,,,,0.0,shopify,2,deny,manual,2.50,,true,true,,,,,,,,,,,,,,,,,,,,,,,,,,https://cdn.shopify.com/s/files/1/0908/5508/0263/files/21A8565E-EB9C-4323-980C-83E767DDFAE0.jpg?v=1763332597,kg,,,
❤️-bracelets-coeur-metallique-au-centre-et-perles-eclatantes,,,,,,,,,Rouge,,,,,,,,,0.0,shopify,0,deny,manual,2.50,,true,true,,,,,,,,,,,,,,,,,,,,,,,,,,https://cdn.shopify.com/s/files/1/0908/5508/0263/files/21A8565E-EB9C-4323-980C-83E767DDFAE0.jpg?v=1763332597,kg,,,
bracelet-elastique-perle,Bracelet élastique perle 🤍,"<p><span>Craquez pour ce bracelet délicat et élégant, composé de petites perles  associées à des perles dorées pour un contraste chic et intemporel. Au centre, un charm cœur doré apporte une touche douce et féminine qui en fait un bijou parfait à porter au quotidien ou à offrir.</span></p>
<p> </p>
<p><span>✔️ Bracelet élastique, confortable et facile à enfiler</span></p>
<p><span>✔️ Perles fines </span></p>
<p><span>✔️ Cœur central doré pour une finition raffinée</span></p>
<p><span>✔️ Style minimaliste, idéal en accumulation ou seul</span></p>
<p> </p>
<p><span>Un accessoire discret mais plein de charme, qui sublimera toutes vos tenues !</span></p>",JOLANANAS,Apparel & Accessories > Jewelry > Bracelets,"","",true,P,Bracelet perlé blanc avec cœur central doré,,,,,,,,,0.0,shopify,12,deny,manual,2.50,,true,true,,,,,,https://cdn.shopify.com/s/files/1/0908/5508/0263/files/C46419DE-BDBB-4635-ACBC-3C3AFB17A0BC.jpg?v=1763331896,1,"",false,,,adultes,,perle-1,multicolore; or,,,,plastique; metal,bijouterie-dimitation,,,,feminin,,https://cdn.shopify.com/s/files/1/0908/5508/0263/files/C46419DE-BDBB-4635-ACBC-3C3AFB17A0BC.jpg?v=1763331896,kg,,,active
bracelet-elastique-perle,,,,,,,,,Bracelet perlé rose et cœur central doré,,,,,,,,,0.0,shopify,2,deny,manual,2.50,,true,true,,,,,,https://cdn.shopify.com/s/files/1/0908/5508/0263/files/CC7C30A4-7D81-4D42-AF1F-8A3483380E26.jpg?v=1763331950,2,"",,,,,,,,,,,,,,,,,,https://cdn.shopify.com/s/files/1/0908/5508/0263/files/CC7C30A4-7D81-4D42-AF1F-8A3483380E26.jpg?v=1763331950,kg,,,
bracelet-elastique-perle,,,,,,,,,Bracelet perlé multicolore cœur central doré,,,,,,,,,0.0,shopify,12,deny,manual,2.50,,true,true,,,,,,https://cdn.shopify.com/s/files/1/0908/5508/0263/files/A07566F4-FA5F-4941-892F-CB7799ABE112.jpg?v=1763332003,3,"",,,,,,,,,,,,,,,,,,https://cdn.shopify.com/s/files/1/0908/5508/0263/files/A07566F4-FA5F-4941-892F-CB7799ABE112.jpg?v=1763332003,kg,,,
bracelet-elastique-perle,,,,,,,,,Bracelet turquoise cœur central doré,,,,,,,,,0.0,shopify,2,deny,manual,2.50,,true,true,,,,,,https://cdn.shopify.com/s/files/1/0908/5508/0263/files/61D14BBB-9F9F-4593-88A9-02D4175640B0.jpg?v=1763332064,4,"",,,,,,,,,,,,,,,,,,https://cdn.shopify.com/s/files/1/0908/5508/0263/files/61D14BBB-9F9F-4593-88A9-02D4175640B0.jpg?v=1763332064,kg,,,
bracelet-elastique-perle,,,,,,,,,Bracelet perlé rouge et cœur central doré,,,,,,,,,0.0,shopify,1,deny,manual,2.50,,true,true,,,,,,https://cdn.shopify.com/s/files/1/0908/5508/0263/files/6D57A0E0-F5AA-4401-8C15-4042A3DFD7A0.jpg?v=1763332111,5,"",,,,,,,,,,,,,,,,,,https://cdn.shopify.com/s/files/1/0908/5508/0263/files/6D57A0E0-F5AA-4401-8C15-4042A3DFD7A0.jpg?v=1763332111,kg,,,
bracelet-elastique-perle,,,,,,,,,Bracelet élastique perle noire cœur doré,,,,,,,,,0.0,shopify,8,deny,manual,2.50,,true,true,,,,,,https://cdn.shopify.com/s/files/1/0908/5508/0263/files/IMG-8213.heic?v=1771321986,6,"",,,,,,,,,,,,,,,,,,https://cdn.shopify.com/s/files/1/0908/5508/0263/files/IMG-8213.heic?v=1771321986,kg,,,
bracelet-elastique-perle,,,,,,,,,Bracelet élastique orange cœur doré,,,,,,,,,0.0,shopify,2,deny,manual,2.50,,true,true,,,,,,https://cdn.shopify.com/s/files/1/0908/5508/0263/files/IMG-8211.heic?v=1771322095,7,"",,,,,,,,,,,,,,,,,,https://cdn.shopify.com/s/files/1/0908/5508/0263/files/IMG-8211.heic?v=1771322095,kg,,,
bracelet-elastique-perle,,,,,,,,,Bracelet bleu cœur doré,,,,,,,,,0.0,shopify,1,deny,manual,2.50,,true,true,,,,,,https://cdn.shopify.com/s/files/1/0908/5508/0263/files/IMG-8212.heic?v=1771322113,8,"",,,,,,,,,,,,,,,,,,https://cdn.shopify.com/s/files/1/0908/5508/0263/files/IMG-8212.heic?v=1771322113,kg,,,
💥barrette-resine,💥Barrette résine,"<p>💥 Apportez une touche unique à vos coiffures avec les barrettes faites main en résine.<br> L’accessoire idéal pour ajouter de l’élégance à vos cheveux.</p>
<p>Elles sont parfaites pour toutes les occasions, que ce soit pour un look casual ou une sortie plus habillée. 🌸</p>
<p><br>Chaque modèle est entièrement réalisé à la main avec soin et passion.<br>Chaque barrette  est unique : la densité  peut légèrement varier. <br><br></p>
<p><span>𝖱𝖤𝖬𝖠𝖱𝖰𝖴𝖤𝖲:</span></p>
<p><span>- Les barrettes sont faits mains.   <br> <br>- Chaque barrettes est unique.<br></span></p>
<p><span>- Il peut y avoir quelques imperfections mineurs comme des bulles d’air, mais cela leurs donnent du charme.</span></p>
<p><span><br>🌿 Conseils d’entretien :</span></p>
<p><span>- Nettoie-les délicatement avec un chiffon doux et sec.</span></p>
<p><span><br>Un bijou délicat que je crée avec amour.</span></p>",JOLANANAS,"Apparel & Accessories > Clothing Accessories > Hair Accessories > Hair Pins, Claws & Clips","","",true,R,Léopard (1),,,,,,,,,0.0,shopify,1,deny,manual,8.00,,true,true,,,,,,https://cdn.shopify.com/s/files/1/0908/5508/0263/files/4A8EE19B-9BD8-40D7-B278-CFABC51E0D0B.jpg?v=1763329997,1,"",false,,,tous-ages-1,,,multicolore,,,,,,,,,feminin,,https://cdn.shopify.com/s/files/1/0908/5508/0263/files/4A8EE19B-9BD8-40D7-B278-CFABC51E0D0B.jpg?v=1763329997,kg,,,active
💥barrette-resine,,,,,,,,,Paillettes  rose (4),,,,,,,,,0.0,shopify,1,deny,manual,8.00,,true,true,,,,,,https://cdn.shopify.com/s/files/1/0908/5508/0263/files/094BCDB9-FA71-45FE-9950-37D34E310000.jpg?v=1763330044,2,"",,,,,,,,,,,,,,,,,,https://cdn.shopify.com/s/files/1/0908/5508/0263/files/094BCDB9-FA71-45FE-9950-37D34E310000.jpg?v=1763330044,kg,,,
💥barrette-resine,,,,,,,,,Étoile rose bleu violet jaune (5),,,,,,,,,0.0,shopify,1,deny,manual,8.00,,true,true,,,,,,https://cdn.shopify.com/s/files/1/0908/5508/0263/files/BA15E73B-6CB8-468B-B04B-6E6938BD2913.jpg?v=1763330106,3,"",,,,,,,,,,,,,,,,,,https://cdn.shopify.com/s/files/1/0908/5508/0263/files/BA15E73B-6CB8-468B-B04B-6E6938BD2913.jpg?v=1763330106,kg,,,
💥barrette-resine,,,,,,,,,Feuille d’or argenté (7),,,,,,,,,0.0,shopify,1,deny,manual,8.00,,true,true,,,,,,https://cdn.shopify.com/s/files/1/0908/5508/0263/files/062AF6EE-AF14-462E-AA93-AD7B085480C9.jpg?v=1763330165,4,"",,,,,,,,,,,,,,,,,,https://cdn.shopify.com/s/files/1/0908/5508/0263/files/062AF6EE-AF14-462E-AA93-AD7B085480C9.jpg?v=1763330165,kg,,,
💥barrette-resine,,,,,,,,,Noir or (8),,,,,,,,,0.0,shopify,1,deny,manual,8.00,,true,true,,,,,,https://cdn.shopify.com/s/files/1/0908/5508/0263/files/1D01DCC8-A5CF-4744-9747-B13E18BB60AE.jpg?v=1763330204,5,"",,,,,,,,,,,,,,,,,,https://cdn.shopify.com/s/files/1/0908/5508/0263/files/1D01DCC8-A5CF-4744-9747-B13E18BB60AE.jpg?v=1763330204,kg,,,
💥barrette-resine,,,,,,,,,Violet or (9),,,,,,,,,0.0,shopify,1,deny,manual,8.00,,true,true,,,,,,https://cdn.shopify.com/s/files/1/0908/5508/0263/files/AD27B495-0656-4E7A-B40A-839E6397AC27.jpg?v=1763330246,6,"",,,,,,,,,,,,,,,,,,https://cdn.shopify.com/s/files/1/0908/5508/0263/files/AD27B495-0656-4E7A-B40A-839E6397AC27.jpg?v=1763330246,kg,,,
💥barrette-resine,,,,,,,,,Blanc feuille d’or (10),,,,,,,,,0.0,shopify,0,deny,manual,8.00,,true,true,,,,,,https://cdn.shopify.com/s/files/1/0908/5508/0263/files/3AAEB2B8-5E6E-42B8-BBFD-24461F631E3E.jpg?v=1763330309,7,"",,,,,,,,,,,,,,,,,,https://cdn.shopify.com/s/files/1/0908/5508/0263/files/3AAEB2B8-5E6E-42B8-BBFD-24461F631E3E.jpg?v=1763330309,kg,,,
💥barrette-resine,,,,,,,,,Double rose pailletée (12),,,,,,,,,0.0,shopify,1,deny,manual,8.00,,true,true,,,,,,https://cdn.shopify.com/s/files/1/0908/5508/0263/files/F86F8B9D-6F5F-40C0-885A-A79CE377B540.jpg?v=1763330374,8,"",,,,,,,,,,,,,,,,,,https://cdn.shopify.com/s/files/1/0908/5508/0263/files/F86F8B9D-6F5F-40C0-885A-A79CE377B540.jpg?v=1763330374,kg,,,
💥barrette-resine,,,,,,,,,Violet pailletée (14),,,,,,,,,0.0,shopify,1,deny,manual,8.00,,true,true,,,,,,https://cdn.shopify.com/s/files/1/0908/5508/0263/files/C52E2A76-8423-4C6F-BA80-B6EC4D6F56DA.jpg?v=1763330413,9,"",,,,,,,,,,,,,,,,,,https://cdn.shopify.com/s/files/1/0908/5508/0263/files/C52E2A76-8423-4C6F-BA80-B6EC4D6F56DA.jpg?v=1763330413,kg,,,
💥barrette-resine,,,,,,,,,Noir blanc bleu pailletée (15),,,,,,,,,0.0,shopify,1,deny,manual,8.00,,true,true,,,,,,https://cdn.shopify.com/s/files/1/0908/5508/0263/files/8DBC41BD-0AB4-472A-BD98-3E3F9A84B8B5.jpg?v=1763330456,10,"",,,,,,,,,,,,,,,,,,https://cdn.shopify.com/s/files/1/0908/5508/0263/files/8DBC41BD-0AB4-472A-BD98-3E3F9A84B8B5.jpg?v=1763330456,kg,,,
💥barrette-resine,,,,,,,,,Paillettes Rose et or (16),,,,,,,,,0.0,shopify,1,deny,manual,8.00,,true,true,,,,,,https://cdn.shopify.com/s/files/1/0908/5508/0263/files/C9D713B0-0F22-4CA1-8064-8DAB817A984F.jpg?v=1763330496,11,"",,,,,,,,,,,,,,,,,,https://cdn.shopify.com/s/files/1/0908/5508/0263/files/C9D713B0-0F22-4CA1-8064-8DAB817A984F.jpg?v=1763330496,kg,,,
💥barrette-resine,,,,,,,,,Étoile bille rose et bleu (17),,,,,,,,,0.0,shopify,1,deny,manual,8.00,,true,true,,,,,,https://cdn.shopify.com/s/files/1/0908/5508/0263/files/5E9FF348-230C-4CA0-BAD3-285D996D4B07.jpg?v=1763330562,12,"",,,,,,,,,,,,,,,,,,https://cdn.shopify.com/s/files/1/0908/5508/0263/files/5E9FF348-230C-4CA0-BAD3-285D996D4B07.jpg?v=1763330562,kg,,,
💥barrette-resine,,,,,,,,,Doré noir marron (18),,,,,,,,,0.0,shopify,1,deny,manual,8.00,,true,true,,,,,,https://cdn.shopify.com/s/files/1/0908/5508/0263/files/9E2A9080-02A7-4219-A1B9-98CE3F1A1756.jpg?v=1763330603,13,"",,,,,,,,,,,,,,,,,,https://cdn.shopify.com/s/files/1/0908/5508/0263/files/9E2A9080-02A7-4219-A1B9-98CE3F1A1756.jpg?v=1763330603,kg,,,
💥barrette-resine,,,,,,,,,Paillettes verte doré (19),,,,,,,,,0.0,shopify,1,deny,manual,8.00,,true,true,,,,,,https://cdn.shopify.com/s/files/1/0908/5508/0263/files/6570E7FD-821D-49D0-8FF7-91DAB2CBBFBB.jpg?v=1763330657,14,"",,,,,,,,,,,,,,,,,,https://cdn.shopify.com/s/files/1/0908/5508/0263/files/6570E7FD-821D-49D0-8FF7-91DAB2CBBFBB.jpg?v=1763330657,kg,,,
💥barrette-resine,,,,,,,,,Paillettes rose blanc nacrée (20),,,,,,,,,0.0,shopify,1,deny,manual,8.00,,true,true,,,,,,https://cdn.shopify.com/s/files/1/0908/5508/0263/files/4A70FD8E-4EB5-436A-9F0F-724CBB851B57.jpg?v=1763330699,15,"",,,,,,,,,,,,,,,,,,https://cdn.shopify.com/s/files/1/0908/5508/0263/files/4A70FD8E-4EB5-436A-9F0F-724CBB851B57.jpg?v=1763330699,kg,,,
💥barrette-resine,,,,,,,,,Paillettes jaune oranger (22),,,,,,,,,0.0,shopify,1,deny,manual,8.00,,true,true,,,,,,https://cdn.shopify.com/s/files/1/0908/5508/0263/files/8606D41B-82FD-4581-88E2-195B9B19B4AB.jpg?v=1763330745,16,"",,,,,,,,,,,,,,,,,,https://cdn.shopify.com/s/files/1/0908/5508/0263/files/8606D41B-82FD-4581-88E2-195B9B19B4AB.jpg?v=1763330745,kg,,,
💥barrette-resine,,,,,,,,,Dégradé bleu jaune (24),,,,,,,,,0.0,shopify,1,deny,manual,8.00,,true,true,,,,,,https://cdn.shopify.com/s/files/1/0908/5508/0263/files/923FD99C-3A3E-4CA4-87C7-B34A729C64A8.jpg?v=1763330793,17,"",,,,,,,,,,,,,,,,,,https://cdn.shopify.com/s/files/1/0908/5508/0263/files/923FD99C-3A3E-4CA4-87C7-B34A729C64A8.jpg?v=1763330793,kg,,,
💥barrette-resine,,,,,,,,,Violet orange paillettes or (25),,,,,,,,,0.0,shopify,1,deny,manual,8.00,,true,true,,,,,,https://cdn.shopify.com/s/files/1/0908/5508/0263/files/F9961251-CE61-43E1-9B00-F3781FDB8660.jpg?v=1763330842,18,"",,,,,,,,,,,,,,,,,,https://cdn.shopify.com/s/files/1/0908/5508/0263/files/F9961251-CE61-43E1-9B00-F3781FDB8660.jpg?v=1763330842,kg,,,
💥barrette-resine,,,,,,,,,Coquillage de mer et feuille d’or (23),,,,,,,,,0.0,shopify,1,deny,manual,8.00,,true,true,,,,,,https://cdn.shopify.com/s/files/1/0908/5508/0263/files/569DB01F-013B-4CF7-945C-65022AA23CDF.jpg?v=1763330896,19,"",,,,,,,,,,,,,,,,,,https://cdn.shopify.com/s/files/1/0908/5508/0263/files/569DB01F-013B-4CF7-945C-65022AA23CDF.jpg?v=1763330896,kg,,,
💥barrette-resine,,,,,,,,,Thème mer doré (26),,,,,,,,,0.0,shopify,1,deny,manual,8.00,,true,true,,,,,,https://cdn.shopify.com/s/files/1/0908/5508/0263/files/525AF35B-0208-4B12-9372-FC2558829713.jpg?v=1763330948,20,"",,,,,,,,,,,,,,,,,,https://cdn.shopify.com/s/files/1/0908/5508/0263/files/525AF35B-0208-4B12-9372-FC2558829713.jpg?v=1763330948,kg,,,
💥barrette-resine,,,,,,,,,Paillette rose fine ronde (27),,,,,,,,,0.0,shopify,1,deny,manual,8.00,,true,true,,,,,,https://cdn.shopify.com/s/files/1/0908/5508/0263/files/DBD8A784-0D1F-4E75-B243-EBD65CAD4819.jpg?v=1763330998,21,"",,,,,,,,,,,,,,,,,,https://cdn.shopify.com/s/files/1/0908/5508/0263/files/DBD8A784-0D1F-4E75-B243-EBD65CAD4819.jpg?v=1763330998,kg,,,
💥barrette-resine,,,,,,,,,Paillettes violet bleu (28),,,,,,,,,0.0,shopify,1,deny,manual,8.00,,true,true,,,,,,https://cdn.shopify.com/s/files/1/0908/5508/0263/files/06C282EE-8D1C-42F3-8C28-517A9EDCBA80.jpg?v=1763331047,22,"",,,,,,,,,,,,,,,,,,https://cdn.shopify.com/s/files/1/0908/5508/0263/files/06C282EE-8D1C-42F3-8C28-517A9EDCBA80.jpg?v=1763331047,kg,,,
💥barrette-resine,,,,,,,,,Bleu blanc feuille d’or argenté (29),,,,,,,,,0.0,shopify,1,deny,manual,8.00,,true,true,,,,,,https://cdn.shopify.com/s/files/1/0908/5508/0263/files/E327C4CC-8458-4B5B-A032-A3D0AA15DF4B.jpg?v=1763331089,23,"",,,,,,,,,,,,,,,,,,https://cdn.shopify.com/s/files/1/0908/5508/0263/files/E327C4CC-8458-4B5B-A032-A3D0AA15DF4B.jpg?v=1763331089,kg,,,
💥barrette-resine,,,,,,,,,Rose et vert (30),,,,,,,,,0.0,shopify,1,deny,manual,8.00,,true,true,,,,,,https://cdn.shopify.com/s/files/1/0908/5508/0263/files/2C664FB9-7750-4EDD-8EF3-2107015F81FB.jpg?v=1763331179,24,"",,,,,,,,,,,,,,,,,,https://cdn.shopify.com/s/files/1/0908/5508/0263/files/2C664FB9-7750-4EDD-8EF3-2107015F81FB.jpg?v=1763331179,kg,,,
💥barrette-resine,,,,,,,,,Pierre et feuille d’or (31),,,,,,,,,0.0,shopify,1,deny,manual,8.00,,true,true,,,,,,https://cdn.shopify.com/s/files/1/0908/5508/0263/files/3515F1F2-E2A6-4269-B8C3-084B4295FAF7.jpg?v=1763331254,25,"",,,,,,,,,,,,,,,,,,https://cdn.shopify.com/s/files/1/0908/5508/0263/files/3515F1F2-E2A6-4269-B8C3-084B4295FAF7.jpg?v=1763331254,kg,,,
💥barrette-resine,,,,,,,,,Paillettes doré violet orange (33),,,,,,,,,0.0,shopify,1,deny,manual,8.00,,true,true,,,,,,https://cdn.shopify.com/s/files/1/0908/5508/0263/files/FF010840-2D7F-48F5-83F5-07F6760233C9.jpg?v=1763331314,26,"",,,,,,,,,,,,,,,,,,https://cdn.shopify.com/s/files/1/0908/5508/0263/files/FF010840-2D7F-48F5-83F5-07F6760233C9.jpg?v=1763331314,kg,,,
💥barrette-resine,,,,,,,,,Doré noir (34),,,,,,,,,0.0,shopify,1,deny,manual,8.00,,true,true,,,,,,https://cdn.shopify.com/s/files/1/0908/5508/0263/files/FD6A784A-E7BB-46A4-ACB4-81326A4F8B34.jpg?v=1763331395,27,"",,,,,,,,,,,,,,,,,,https://cdn.shopify.com/s/files/1/0908/5508/0263/files/FD6A784A-E7BB-46A4-ACB4-81326A4F8B34.jpg?v=1763331395,kg,,,
💥barrette-resine,,,,,,,,,Violet feuille d’or (35),,,,,,,,,0.0,shopify,1,deny,manual,8.00,,true,true,,,,,,https://cdn.shopify.com/s/files/1/0908/5508/0263/files/6CBD466F-A04D-4D87-ADAB-77008645FEBD.jpg?v=1763331450,28,"",,,,,,,,,,,,,,,,,,https://cdn.shopify.com/s/files/1/0908/5508/0263/files/6CBD466F-A04D-4D87-ADAB-77008645FEBD.jpg?v=1763331450,kg,,,
💥barrette-resine,,,,,,,,,Rose pailletées motif fleurs,,,,,,,,,0.0,shopify,1,deny,manual,8.00,,true,true,,,,,,https://cdn.shopify.com/s/files/1/0908/5508/0263/files/3C0199B0-91AF-499A-9ACB-4E07CB579C09.jpg?v=1771325799,29,"",,,,,,,,,,,,,,,,,,https://cdn.shopify.com/s/files/1/0908/5508/0263/files/3C0199B0-91AF-499A-9ACB-4E07CB579C09.jpg?v=1771325799,kg,,,
barrette-polymere-💥,Barrette polymère 💥,"<p>💥 Apportez une touche unique à vos coiffures avec les barrettes faites en pâte polymère certaine sont recouverte de résine. E <br> L’accessoire idéal pour ajouter de l’élégance à vos cheveux.</p>
<p>Elles sont parfaites pour toutes les occasions, que ce soit pour un look casual ou une sortie plus habillée. 🌸</p>
<p><br>Chaque modèle est entièrement réalisé à la main avec soin et passion.<br>Chaque barrette  est unique : la densité  peut légèrement varier. <br><br></p>
<p><span>𝖱𝖤𝖬𝖠𝖱𝖰𝖴𝖤𝖲:</span></p>
<p><span>- Les barrettes sont faits mains.   <br> <br>- Chaque barrettes est unique.<br></span></p>
<p><span>- Il peut y avoir quelques imperfections mineurs comme des bulles d’air, mais cela leurs donnent du charme.</span></p>
<p><span><br>🌿 Conseils d’entretien :</span></p>
<p><span>- Nettoie-les délicatement avec un chiffon doux et sec.</span></p>
<p><span><br>Un bijou délicat que je crée avec amour.</span></p>",JOLANANAS,"Apparel & Accessories > Clothing Accessories > Hair Accessories > Hair Pins, Claws & Clips","","",true,G,Léopard (1),,,,,,,,,0.0,shopify,2,deny,manual,8.00,,true,true,,,,,,https://cdn.shopify.com/s/files/1/0908/5508/0263/files/3E9DA467-C5B2-4AEC-A3D8-2FBF59BE8BF3.jpg?v=1763327836,1,"",false,,,tous-ages-1,,,multicolore,,,,,,,,,feminin,,https://cdn.shopify.com/s/files/1/0908/5508/0263/files/3E9DA467-C5B2-4AEC-A3D8-2FBF59BE8BF3.jpg?v=1763327836,kg,,,active
barrette-polymere-💥,,,,,,,,,Garou (3),,,,,,,,,0.0,shopify,1,deny,manual,8.00,,true,true,,,,,,https://cdn.shopify.com/s/files/1/0908/5508/0263/files/FDB5C65A-5BC9-45B0-AEB5-2BF653B608B4.jpg?v=1763327952,2,"",,,,,,,,,,,,,,,,,,https://cdn.shopify.com/s/files/1/0908/5508/0263/files/FDB5C65A-5BC9-45B0-AEB5-2BF653B608B4.jpg?v=1763327952,kg,,,
barrette-polymere-💥,,,,,,,,,Léopard (4),,,,,,,,,0.0,shopify,1,deny,manual,8.00,,true,true,,,,,,https://cdn.shopify.com/s/files/1/0908/5508/0263/files/EF7E8357-0B7C-4FE9-B3C2-CB2E2111776E.jpg?v=1763328122,3,"",,,,,,,,,,,,,,,,,,https://cdn.shopify.com/s/files/1/0908/5508/0263/files/EF7E8357-0B7C-4FE9-B3C2-CB2E2111776E.jpg?v=1763328122,kg,,,
barrette-polymere-💥,,,,,,,,,Dégradé de bleu feuille d’or (5),,,,,,,,,0.0,shopify,1,deny,manual,8.00,,true,true,,,,,,https://cdn.shopify.com/s/files/1/0908/5508/0263/files/5307AEB8-31CB-4579-A410-4152A0010C97.jpg?v=1763328167,4,"",,,,,,,,,,,,,,,,,,https://cdn.shopify.com/s/files/1/0908/5508/0263/files/5307AEB8-31CB-4579-A410-4152A0010C97.jpg?v=1763328167,kg,,,
barrette-polymere-💥,,,,,,,,,Violine effet / feuille d’or (6),,,,,,,,,0.0,shopify,1,deny,manual,8.00,,true,true,,,,,,https://cdn.shopify.com/s/files/1/0908/5508/0263/files/4BD5127E-5674-4040-AD84-79CBF22EEEB1.jpg?v=1763328211,5,"",,,,,,,,,,,,,,,,,,https://cdn.shopify.com/s/files/1/0908/5508/0263/files/4BD5127E-5674-4040-AD84-79CBF22EEEB1.jpg?v=1763328211,kg,,,
barrette-polymere-💥,,,,,,,,,Noir orange rose fluo /or (7),,,,,,,,,0.0,shopify,1,deny,manual,8.00,,true,true,,,,,,https://cdn.shopify.com/s/files/1/0908/5508/0263/files/4A5BC0FB-1F80-4ED6-BEF9-3536088DFEF1.jpg?v=1763328252,6,"",,,,,,,,,,,,,,,,,,https://cdn.shopify.com/s/files/1/0908/5508/0263/files/4A5BC0FB-1F80-4ED6-BEF9-3536088DFEF1.jpg?v=1763328252,kg,,,
barrette-polymere-💥,,,,,,,,,Bleu rose or (8),,,,,,,,,0.0,shopify,1,deny,manual,8.00,,true,true,,,,,,https://cdn.shopify.com/s/files/1/0908/5508/0263/files/F6E87CF6-A367-41BC-A969-FDBD3DEFD8F3.jpg?v=1763328307,7,"",,,,,,,,,,,,,,,,,,https://cdn.shopify.com/s/files/1/0908/5508/0263/files/F6E87CF6-A367-41BC-A969-FDBD3DEFD8F3.jpg?v=1763328307,kg,,,
barrette-polymere-💥,,,,,,,,,Violette blanche (9),,,,,,,,,0.0,shopify,1,deny,manual,8.00,,true,true,,,,,,https://cdn.shopify.com/s/files/1/0908/5508/0263/files/D1C59174-841E-4023-87B7-CC1C7C806E32.jpg?v=1763328354,8,"",,,,,,,,,,,,,,,,,,https://cdn.shopify.com/s/files/1/0908/5508/0263/files/D1C59174-841E-4023-87B7-CC1C7C806E32.jpg?v=1763328354,kg,,,
barrette-polymere-💥,,,,,,,,,Turquoise blanche (10),,,,,,,,,0.0,shopify,1,deny,manual,8.00,,true,true,,,,,,https://cdn.shopify.com/s/files/1/0908/5508/0263/files/AD09D923-A5B4-4164-BE4F-945DBF99A87B.jpg?v=1763328403,9,"",,,,,,,,,,,,,,,,,,https://cdn.shopify.com/s/files/1/0908/5508/0263/files/AD09D923-A5B4-4164-BE4F-945DBF99A87B.jpg?v=1763328403,kg,,,
barrette-polymere-💥,,,,,,,,,Degradé violine blanc (11),,,,,,,,,0.0,shopify,1,deny,manual,8.00,,true,true,,,,,,https://cdn.shopify.com/s/files/1/0908/5508/0263/files/16E46B96-D642-44FF-A770-BB0529CA5D5D.jpg?v=1763328495,10,"",,,,,,,,,,,,,,,,,,https://cdn.shopify.com/s/files/1/0908/5508/0263/files/16E46B96-D642-44FF-A770-BB0529CA5D5D.jpg?v=1763328495,kg,,,
barrette-polymere-💥,,,,,,,,,Fluo rose orange feuille d’or (12),,,,,,,,,0.0,shopify,1,deny,manual,8.00,,true,true,,,,,,https://cdn.shopify.com/s/files/1/0908/5508/0263/files/2BBD21BE-E56C-4BFF-B800-53C457CAA846.jpg?v=1763328947,11,"",,,,,,,,,,,,,,,,,,https://cdn.shopify.com/s/files/1/0908/5508/0263/files/2BBD21BE-E56C-4BFF-B800-53C457CAA846.jpg?v=1763328947,kg,,,
barrette-polymere-💥,,,,,,,,,Violine paillettes (13),,,,,,,,,0.0,shopify,1,deny,manual,8.00,,true,true,,,,,,https://cdn.shopify.com/s/files/1/0908/5508/0263/files/4A985B71-6CE0-45B7-9BA9-4C0364FF1E7D.jpg?v=1763329021,12,"",,,,,,,,,,,,,,,,,,https://cdn.shopify.com/s/files/1/0908/5508/0263/files/4A985B71-6CE0-45B7-9BA9-4C0364FF1E7D.jpg?v=1763329021,kg,,,
barrette-polymere-💥,,,,,,,,,Disney ariel (14),,,,,,,,,0.0,shopify,1,deny,manual,8.00,,true,true,,,,,,https://cdn.shopify.com/s/files/1/0908/5508/0263/files/FD3FEA06-F09C-4CB0-81F4-633F922CAF5A.jpg?v=1763329057,13,"",,,,,,,,,,,,,,,,,,https://cdn.shopify.com/s/files/1/0908/5508/0263/files/FD3FEA06-F09C-4CB0-81F4-633F922CAF5A.jpg?v=1763329057,kg,,,
barrette-polymere-💥,,,,,,,,,Dégrader rose gris (15),,,,,,,,,0.0,shopify,1,deny,manual,8.00,,true,true,,,,,,https://cdn.shopify.com/s/files/1/0908/5508/0263/files/DCC67C9F-FFEC-45C2-AA06-6240DA43DEB9.jpg?v=1763329101,14,"",,,,,,,,,,,,,,,,,,https://cdn.shopify.com/s/files/1/0908/5508/0263/files/DCC67C9F-FFEC-45C2-AA06-6240DA43DEB9.jpg?v=1763329101,kg,,,
barrette-polymere-💥,,,,,,,,,Noir gris blanc argent (16),,,,,,,,,0.0,shopify,1,deny,manual,8.00,,true,true,,,,,,https://cdn.shopify.com/s/files/1/0908/5508/0263/files/0FA49172-B70C-4E11-81C0-E9CC739E6810.jpg?v=1763329155,15,"",,,,,,,,,,,,,,,,,,https://cdn.shopify.com/s/files/1/0908/5508/0263/files/0FA49172-B70C-4E11-81C0-E9CC739E6810.jpg?v=1763329155,kg,,,
barrette-polymere-💥,,,,,,,,,Dégrader bleu blanc feuille d’or (17),,,,,,,,,0.0,shopify,1,deny,manual,8.00,,true,true,,,,,,https://cdn.shopify.com/s/files/1/0908/5508/0263/files/FBE42965-BEB9-4498-8230-86F245EC9C70.jpg?v=1763329199,16,"",,,,,,,,,,,,,,,,,,https://cdn.shopify.com/s/files/1/0908/5508/0263/files/FBE42965-BEB9-4498-8230-86F245EC9C70.jpg?v=1763329199,kg,,,
barrette-polymere-💥,,,,,,,,,Gris blanc noir argent effet (18),,,,,,,,,0.0,shopify,1,deny,manual,8.00,,true,true,,,,,,https://cdn.shopify.com/s/files/1/0908/5508/0263/files/142AE872-3107-44CB-8730-459B50F1B8EA.jpg?v=1763329261,17,"",,,,,,,,,,,,,,,,,,https://cdn.shopify.com/s/files/1/0908/5508/0263/files/142AE872-3107-44CB-8730-459B50F1B8EA.jpg?v=1763329261,kg,,,
barrette-polymere-💥,,,,,,,,,Marron noir beige (19),,,,,,,,,0.0,shopify,1,deny,manual,8.00,,true,true,,,,,,https://cdn.shopify.com/s/files/1/0908/5508/0263/files/DAA87A1B-6F5A-497B-A6E9-55CD8C7E4EA9.jpg?v=1763329308,18,"",,,,,,,,,,,,,,,,,,https://cdn.shopify.com/s/files/1/0908/5508/0263/files/DAA87A1B-6F5A-497B-A6E9-55CD8C7E4EA9.jpg?v=1763329308,kg,,,
barrette-polymere-💥,,,,,,,,,Bleu opale argenté (20),,,,,,,,,0.0,shopify,1,deny,manual,8.00,,true,true,,,,,,https://cdn.shopify.com/s/files/1/0908/5508/0263/files/205B5F0D-FB4C-4268-827B-AFC4EA1CE9A7.jpg?v=1763329375,19,"",,,,,,,,,,,,,,,,,,https://cdn.shopify.com/s/files/1/0908/5508/0263/files/205B5F0D-FB4C-4268-827B-AFC4EA1CE9A7.jpg?v=1763329375,kg,,,
barrette-polymere-💥,,,,,,,,,Vert effet feuille d’or (21),,,,,,,,,0.0,shopify,1,deny,manual,8.00,,true,true,,,,,,https://cdn.shopify.com/s/files/1/0908/5508/0263/files/26632C48-1674-4B7E-970E-794CEF029BEF.jpg?v=1763329417,20,"",,,,,,,,,,,,,,,,,,https://cdn.shopify.com/s/files/1/0908/5508/0263/files/26632C48-1674-4B7E-970E-794CEF029BEF.jpg?v=1763329417,kg,,,
barrette-polymere-💥,,,,,,,,,Vert or (22),,,,,,,,,0.0,shopify,1,deny,manual,8.00,,true,true,,,,,,https://cdn.shopify.com/s/files/1/0908/5508/0263/files/3333757F-F78C-4B77-9E55-2B233A0CEE0E.jpg?v=1763329466,21,"",,,,,,,,,,,,,,,,,,https://cdn.shopify.com/s/files/1/0908/5508/0263/files/3333757F-F78C-4B77-9E55-2B233A0CEE0E.jpg?v=1763329466,kg,,,
barrette-polymere-💥,,,,,,,,,Rouge or (23),,,,,,,,,0.0,shopify,1,deny,manual,8.00,,true,true,,,,,,https://cdn.shopify.com/s/files/1/0908/5508/0263/files/208033A7-B7D9-46D9-A8E9-AE44A5281218.jpg?v=1763329500,22,"",,,,,,,,,,,,,,,,,,https://cdn.shopify.com/s/files/1/0908/5508/0263/files/208033A7-B7D9-46D9-A8E9-AE44A5281218.jpg?v=1763329500,kg,,,
barrette-polymere-💥,,,,,,,,,Dégradé bleu blanc or (24),,,,,,,,,0.0,shopify,1,deny,manual,8.00,,true,true,,,,,,https://cdn.shopify.com/s/files/1/0908/5508/0263/files/9151D117-58F0-4594-8A9C-0AF468F125F9.jpg?v=1763329544,23,"",,,,,,,,,,,,,,,,,,https://cdn.shopify.com/s/files/1/0908/5508/0263/files/9151D117-58F0-4594-8A9C-0AF468F125F9.jpg?v=1763329544,kg,,,
barrette-polymere-💥,,,,,,,,,Rouge effet /or (2),,,,,,,,,0.0,shopify,1,deny,manual,8.00,,true,true,,,,,,https://cdn.shopify.com/s/files/1/0908/5508/0263/files/8D15442B-DAA5-4A6E-9C04-299A56603186.jpg?v=1763329598,24,"",,,,,,,,,,,,,,,,,,https://cdn.shopify.com/s/files/1/0908/5508/0263/files/8D15442B-DAA5-4A6E-9C04-299A56603186.jpg?v=1763329598,kg,,,
barrette-polymere-💥,,,,,,,,,Bleu violet (25),,,,,,,,,0.0,shopify,1,deny,manual,8.00,,true,true,,,,,,https://cdn.shopify.com/s/files/1/0908/5508/0263/files/0154941C-A5C9-4828-8E57-B19FD65CCA4B.jpg?v=1763329666,25,"",,,,,,,,,,,,,,,,,,https://cdn.shopify.com/s/files/1/0908/5508/0263/files/0154941C-A5C9-4828-8E57-B19FD65CCA4B.jpg?v=1763329666,kg,,,
barrette-polymere-💥,,,,,,,,,Rouge /or (26),,,,,,,,,0.0,shopify,1,deny,manual,8.00,,true,true,,,,,,https://cdn.shopify.com/s/files/1/0908/5508/0263/files/3FE933FB-3E20-4DDA-85E8-F09876616FA0.jpg?v=1763329711,26,"",,,,,,,,,,,,,,,,,,https://cdn.shopify.com/s/files/1/0908/5508/0263/files/3FE933FB-3E20-4DDA-85E8-F09876616FA0.jpg?v=1763329711,kg,,,
barrette-polymere-💥,,,,,,,,,Violette /or (27),,,,,,,,,0.0,shopify,1,deny,manual,8.00,,true,true,,,,,,https://cdn.shopify.com/s/files/1/0908/5508/0263/files/5DB527CE-B418-4CE3-AB4C-0AB6336C0347.jpg?v=1763329780,27,"",,,,,,,,,,,,,,,,,,https://cdn.shopify.com/s/files/1/0908/5508/0263/files/5DB527CE-B418-4CE3-AB4C-0AB6336C0347.jpg?v=1763329780,kg,,,
mini-barrettes-resine-ou-pate-polymere,Mini barrettes résine ou pâte polymère,"<p>💥 Apportez une touche unique à vos coiffures avec les barrettes faites main en résine ou en pâte polymère certaine sont recouverte de résine. <br> L’accessoire idéal pour ajouter de l’élégance à vos cheveux.</p>
<p>Elles sont parfaites pour toutes les occasions, que ce soit pour un look casual ou une sortie plus habillée. 🌸</p>
<p><br>Chaque modèle est entièrement réalisé à la main avec soin et passion.<br>Chaque barrette  est unique : la densité  peut légèrement varier. <br><br></p>
<p><span>𝖱𝖤𝖬𝖠𝖱𝖰𝖴𝖤𝖲:</span></p>
<p><span>- Les barrettes sont faits mains.   <br> <br>- Chaque barrettes est unique.<br></span></p>
<p><span>- Il peut y avoir quelques imperfections mineurs comme des bulles d’air, mais cela leurs donnent du charme.</span></p>
<p><span><br>🌿 Conseils d’entretien :</span></p>
<p><span>- Nettoie-les délicatement avec un chiffon doux et sec.</span></p>
<p><span><br>Un bijou délicat que je crée avec amour.</span></p>",JOLANANAS,"Apparel & Accessories > Clothing Accessories > Hair Accessories > Hair Pins, Claws & Clips","","",true,H,Mini barrette polymère (1),,,,,,,,,0.0,shopify,1,deny,manual,4.00,,true,true,,,,,,https://cdn.shopify.com/s/files/1/0908/5508/0263/files/015D105B-F084-4572-AED4-95D00A3A94D9.jpg?v=1763325369,1,"",false,,,tous-ages-1,,,multicolore; floral; or,,,,,,,,,feminin,,https://cdn.shopify.com/s/files/1/0908/5508/0263/files/015D105B-F084-4572-AED4-95D00A3A94D9.jpg?v=1763325369,kg,,,active
mini-barrettes-resine-ou-pate-polymere,,,,,,,,,Mini barrette polymère violette et or avec effet (2),,,,,,,,,0.0,shopify,1,deny,manual,4.00,,true,true,,,,,,https://cdn.shopify.com/s/files/1/0908/5508/0263/files/361F3FF5-4D29-4BA4-82AA-C92CAB869D87.jpg?v=1763325499,2,"",,,,,,,,,,,,,,,,,,https://cdn.shopify.com/s/files/1/0908/5508/0263/files/361F3FF5-4D29-4BA4-82AA-C92CAB869D87.jpg?v=1763325499,kg,,,
mini-barrettes-resine-ou-pate-polymere,,,,,,,,,Mini barrette polymère violette (3),,,,,,,,,0.0,shopify,1,deny,manual,4.00,,true,true,,,,,,https://cdn.shopify.com/s/files/1/0908/5508/0263/files/1F6FBB30-3CD2-4277-8AD4-0EE80E1FA389.jpg?v=1763325564,3,"",,,,,,,,,,,,,,,,,,https://cdn.shopify.com/s/files/1/0908/5508/0263/files/1F6FBB30-3CD2-4277-8AD4-0EE80E1FA389.jpg?v=1763325564,kg,,,
mini-barrettes-resine-ou-pate-polymere,,,,,,,,,Mini barrette polymère bleu /argent  (4),,,,,,,,,0.0,shopify,1,deny,manual,4.00,,true,true,,,,,,https://cdn.shopify.com/s/files/1/0908/5508/0263/files/1B283E44-647F-4E03-9093-B852B44AB481.jpg?v=1763325609,4,"",,,,,,,,,,,,,,,,,,https://cdn.shopify.com/s/files/1/0908/5508/0263/files/1B283E44-647F-4E03-9093-B852B44AB481.jpg?v=1763325609,kg,,,
mini-barrettes-resine-ou-pate-polymere,,,,,,,,,Mini barrette polymère rouge effet (5),,,,,,,,,0.0,shopify,1,deny,manual,4.00,,true,true,,,,,,https://cdn.shopify.com/s/files/1/0908/5508/0263/files/C86D33B2-A3B6-4ABC-9D42-FA2367BA3E4F.jpg?v=1763325667,5,"",,,,,,,,,,,,,,,,,,https://cdn.shopify.com/s/files/1/0908/5508/0263/files/C86D33B2-A3B6-4ABC-9D42-FA2367BA3E4F.jpg?v=1763325667,kg,,,
mini-barrettes-resine-ou-pate-polymere,,,,,,,,,Mini barrette polymère rose (6),,,,,,,,,0.0,shopify,1,deny,manual,4.00,,true,true,,,,,,https://cdn.shopify.com/s/files/1/0908/5508/0263/files/5FDA845F-CABE-41DD-B7A4-937FE4CFF429.jpg?v=1763325708,6,"",,,,,,,,,,,,,,,,,,https://cdn.shopify.com/s/files/1/0908/5508/0263/files/5FDA845F-CABE-41DD-B7A4-937FE4CFF429.jpg?v=1763325708,kg,,,
mini-barrettes-resine-ou-pate-polymere,,,,,,,,,Mini barrette résine pailette bleu/rose/jaune (7),,,,,,,,,0.0,shopify,1,deny,manual,4.00,,true,true,,,,,,https://cdn.shopify.com/s/files/1/0908/5508/0263/files/6FA60A45-C52A-4498-9ED7-9D42F5BB152D.jpg?v=1763325753,7,"",,,,,,,,,,,,,,,,,,https://cdn.shopify.com/s/files/1/0908/5508/0263/files/6FA60A45-C52A-4498-9ED7-9D42F5BB152D.jpg?v=1763325753,kg,,,
mini-barrettes-resine-ou-pate-polymere,,,,,,,,,Mini barrette résine fleurs séchées jaune et feuille d’or (8),,,,,,,,,0.0,shopify,1,deny,manual,4.00,,true,true,,,,,,https://cdn.shopify.com/s/files/1/0908/5508/0263/files/0398047E-BF96-45FD-AD39-5008738359B2.jpg?v=1763325827,8,"",,,,,,,,,,,,,,,,,,https://cdn.shopify.com/s/files/1/0908/5508/0263/files/0398047E-BF96-45FD-AD39-5008738359B2.jpg?v=1763325827,kg,,,
mini-barrettes-resine-ou-pate-polymere,,,,,,,,,Mini barrette polymère bleu marine /blanche et feuille d’or (9),,,,,,,,,0.0,shopify,1,deny,manual,4.00,,true,true,,,,,,https://cdn.shopify.com/s/files/1/0908/5508/0263/files/4C9627C5-22CD-431D-A3A5-21B14467EC11.jpg?v=1763325916,9,"",,,,,,,,,,,,,,,,,,https://cdn.shopify.com/s/files/1/0908/5508/0263/files/4C9627C5-22CD-431D-A3A5-21B14467EC11.jpg?v=1763325916,kg,,,
mini-barrettes-resine-ou-pate-polymere,,,,,,,,,Mini barrette polymère résine blanche et noire (10),,,,,,,,,0.0,shopify,1,deny,manual,4.00,,true,true,,,,,,https://cdn.shopify.com/s/files/1/0908/5508/0263/files/67F0A2E7-898E-41F2-B71F-86D635BEA513.jpg?v=1763325980,10,"",,,,,,,,,,,,,,,,,,https://cdn.shopify.com/s/files/1/0908/5508/0263/files/67F0A2E7-898E-41F2-B71F-86D635BEA513.jpg?v=1763325980,kg,,,
mini-barrettes-resine-ou-pate-polymere,,,,,,,,,Mini barrette polymère résine violette orange blanc(11),,,,,,,,,0.0,shopify,1,deny,manual,4.00,,true,true,,,,,,https://cdn.shopify.com/s/files/1/0908/5508/0263/files/C33C2B51-79F5-4A9E-9306-C7ABE02D7617.jpg?v=1763326030,11,"",,,,,,,,,,,,,,,,,,https://cdn.shopify.com/s/files/1/0908/5508/0263/files/C33C2B51-79F5-4A9E-9306-C7ABE02D7617.jpg?v=1763326030,kg,,,
mini-barrettes-resine-ou-pate-polymere,,,,,,,,,Mini barrette polymère résine violette dégradé de blanc (12),,,,,,,,,0.0,shopify,1,deny,manual,4.00,,true,true,,,,,,https://cdn.shopify.com/s/files/1/0908/5508/0263/files/DB80D4F0-D97C-46D7-9C87-8AAB1CEBF92D.jpg?v=1763326097,12,"",,,,,,,,,,,,,,,,,,https://cdn.shopify.com/s/files/1/0908/5508/0263/files/DB80D4F0-D97C-46D7-9C87-8AAB1CEBF92D.jpg?v=1763326097,kg,,,
mini-barrettes-resine-ou-pate-polymere,,,,,,,,,Mini barrette polymère résine noir rose orange (13),,,,,,,,,0.0,shopify,1,deny,manual,4.00,,true,true,,,,,,https://cdn.shopify.com/s/files/1/0908/5508/0263/files/032BFDFA-1EB1-4A57-A137-26F5EB29BE59.jpg?v=1763326152,13,"",,,,,,,,,,,,,,,,,,https://cdn.shopify.com/s/files/1/0908/5508/0263/files/032BFDFA-1EB1-4A57-A137-26F5EB29BE59.jpg?v=1763326152,kg,,,
mini-barrettes-resine-ou-pate-polymere,,,,,,,,,Mini barrette polymère dégradé de rose et gris,,,,,,,,,0.0,shopify,1,deny,manual,4.00,,true,true,,,,,,https://cdn.shopify.com/s/files/1/0908/5508/0263/files/D008BBEB-4E12-4309-9FA2-E03727D03968.jpg?v=1763326213,14,"",,,,,,,,,,,,,,,,,,https://cdn.shopify.com/s/files/1/0908/5508/0263/files/D008BBEB-4E12-4309-9FA2-E03727D03968.jpg?v=1763326213,kg,,,
mini-barrettes-resine-ou-pate-polymere,,,,,,,,,Mini barrette polymère rouge or /feuille d’or (15),,,,,,,,,0.0,shopify,1,deny,manual,4.00,,true,true,,,,,,https://cdn.shopify.com/s/files/1/0908/5508/0263/files/1BC11F92-C581-4788-98E4-3261D5CED963.jpg?v=1763326277,15,"",,,,,,,,,,,,,,,,,,https://cdn.shopify.com/s/files/1/0908/5508/0263/files/1BC11F92-C581-4788-98E4-3261D5CED963.jpg?v=1763326277,kg,,,
mini-barrettes-resine-ou-pate-polymere,,,,,,,,,Mini barrette polymère résine bleu jaune blanc nacré (16),,,,,,,,,0.0,shopify,1,deny,manual,4.00,,true,true,,,,,,https://cdn.shopify.com/s/files/1/0908/5508/0263/files/16984230-31C7-4F84-9E30-367103428C27.jpg?v=1763326328,16,"",,,,,,,,,,,,,,,,,,https://cdn.shopify.com/s/files/1/0908/5508/0263/files/16984230-31C7-4F84-9E30-367103428C27.jpg?v=1763326328,kg,,,
mini-barrettes-resine-ou-pate-polymere,,,,,,,,,Mini barrette polymère résine bleu/blanc (17),,,,,,,,,0.0,shopify,1,deny,manual,4.00,,true,true,,,,,,https://cdn.shopify.com/s/files/1/0908/5508/0263/files/C85638C9-B5D4-49A2-8B98-EE818B74AB52.jpg?v=1763326381,17,"",,,,,,,,,,,,,,,,,,https://cdn.shopify.com/s/files/1/0908/5508/0263/files/C85638C9-B5D4-49A2-8B98-EE818B74AB52.jpg?v=1763326381,kg,,,
mini-barrettes-resine-ou-pate-polymere,,,,,,,,,Mini barrette polymère verte / feuille d’or (18),,,,,,,,,0.0,shopify,1,deny,manual,4.00,,true,true,,,,,,https://cdn.shopify.com/s/files/1/0908/5508/0263/files/FEBF6285-4D38-4929-A91B-39253952ECD4.jpg?v=1763326447,18,"",,,,,,,,,,,,,,,,,,https://cdn.shopify.com/s/files/1/0908/5508/0263/files/FEBF6285-4D38-4929-A91B-39253952ECD4.jpg?v=1763326447,kg,,,
mini-barrettes-resine-ou-pate-polymere,,,,,,,,,Mini barrette polymère résine marron et feuille d’or (19),,,,,,,,,0.0,shopify,1,deny,manual,4.00,,true,true,,,,,,https://cdn.shopify.com/s/files/1/0908/5508/0263/files/02242B73-9507-487F-AA67-4A8E36E6EE39.jpg?v=1763326508,19,"",,,,,,,,,,,,,,,,,,https://cdn.shopify.com/s/files/1/0908/5508/0263/files/02242B73-9507-487F-AA67-4A8E36E6EE39.jpg?v=1763326508,kg,,,
mini-barrettes-resine-ou-pate-polymere,,,,,,,,,Mini barrette polymère résine mickey (20),,,,,,,,,0.0,shopify,0,deny,manual,4.00,,true,true,,,,,,https://cdn.shopify.com/s/files/1/0908/5508/0263/files/6B6CB0F3-8D60-4D65-BAB3-271CBED3C5D3.jpg?v=1763326553,20,"",,,,,,,,,,,,,,,,,,https://cdn.shopify.com/s/files/1/0908/5508/0263/files/6B6CB0F3-8D60-4D65-BAB3-271CBED3C5D3.jpg?v=1763326553,kg,,,
mini-barrettes-resine-ou-pate-polymere,,,,,,,,,Mini barrette plume te bleu blanc argent (21),,,,,,,,,0.0,shopify,1,deny,manual,4.00,,true,true,,,,,,https://cdn.shopify.com/s/files/1/0908/5508/0263/files/FCFAF22B-AE68-4EE6-BF0B-11BD6708625A.jpg?v=1763326606,21,"",,,,,,,,,,,,,,,,,,https://cdn.shopify.com/s/files/1/0908/5508/0263/files/FCFAF22B-AE68-4EE6-BF0B-11BD6708625A.jpg?v=1763326606,kg,,,
mini-barrettes-resine-ou-pate-polymere,,,,,,,,,Mini barrette polymère resine violine argent (22),,,,,,,,,0.0,shopify,1,deny,manual,4.00,,true,true,,,,,,https://cdn.shopify.com/s/files/1/0908/5508/0263/files/1460FC8E-044D-46DB-96A1-C59062F0D768.jpg?v=1763326659,22,"",,,,,,,,,,,,,,,,,,https://cdn.shopify.com/s/files/1/0908/5508/0263/files/1460FC8E-044D-46DB-96A1-C59062F0D768.jpg?v=1763326659,kg,,,
mini-barrettes-resine-ou-pate-polymere,,,,,,,,,Mini barrette polymère dégradé de rose et or,,,,,,,,,0.0,shopify,1,deny,manual,4.00,,true,true,,,,,,https://cdn.shopify.com/s/files/1/0908/5508/0263/files/25959C88-7E3B-4695-8CC0-D7DB70AB4506.jpg?v=1763326710,23,"",,,,,,,,,,,,,,,,,,https://cdn.shopify.com/s/files/1/0908/5508/0263/files/25959C88-7E3B-4695-8CC0-D7DB70AB4506.jpg?v=1763326710,kg,,,
mini-barrettes-resine-ou-pate-polymere,,,,,,,,,Mini Mariette polymère résine Disney Ariel (24),,,,,,,,,0.0,shopify,1,deny,manual,4.00,,true,true,,,,,,https://cdn.shopify.com/s/files/1/0908/5508/0263/files/B9B62141-6E65-481F-83CB-D156A797D0AE.jpg?v=1763326759,24,"",,,,,,,,,,,,,,,,,,https://cdn.shopify.com/s/files/1/0908/5508/0263/files/B9B62141-6E65-481F-83CB-D156A797D0AE.jpg?v=1763326759,kg,,,
mini-barrettes-resine-ou-pate-polymere,,,,,,,,,Mini barrette polymère résine rouge et or (25),,,,,,,,,0.0,shopify,1,deny,manual,4.00,,true,true,,,,,,https://cdn.shopify.com/s/files/1/0908/5508/0263/files/DA69EE93-8B4E-47FD-9842-916EA933F356.jpg?v=1763326815,25,"",,,,,,,,,,,,,,,,,,https://cdn.shopify.com/s/files/1/0908/5508/0263/files/DA69EE93-8B4E-47FD-9842-916EA933F356.jpg?v=1763326815,kg,,,
mini-barrettes-resine-ou-pate-polymere,,,,,,,,,Mini barrette polymère dégradé de vert /or (26),,,,,,,,,0.0,shopify,1,deny,manual,4.00,,true,true,,,,,,https://cdn.shopify.com/s/files/1/0908/5508/0263/files/5BB0F2C3-588A-4B65-9BD7-27BA8478F9A0.jpg?v=1763326872,26,"",,,,,,,,,,,,,,,,,,https://cdn.shopify.com/s/files/1/0908/5508/0263/files/5BB0F2C3-588A-4B65-9BD7-27BA8478F9A0.jpg?v=1763326872,kg,,,
mini-barrettes-resine-ou-pate-polymere,,,,,,,,,Mini barrette polymère résine violine orange (27),,,,,,,,,0.0,shopify,1,deny,manual,4.00,,true,true,,,,,,https://cdn.shopify.com/s/files/1/0908/5508/0263/files/5D188A99-4772-414D-B1D7-9D958EE11374.jpg?v=1763326927,27,"",,,,,,,,,,,,,,,,,,https://cdn.shopify.com/s/files/1/0908/5508/0263/files/5D188A99-4772-414D-B1D7-9D958EE11374.jpg?v=1763326927,kg,,,
mini-barrettes-resine-ou-pate-polymere,,,,,,,,,Mini barrette polymère résine bleu blanc (28),,,,,,,,,0.0,shopify,1,deny,manual,4.00,,true,true,,,,,,https://cdn.shopify.com/s/files/1/0908/5508/0263/files/1D02AA35-6443-4D64-B1ED-5AF30FB5B581.jpg?v=1763326982,28,"",,,,,,,,,,,,,,,,,,https://cdn.shopify.com/s/files/1/0908/5508/0263/files/1D02AA35-6443-4D64-B1ED-5AF30FB5B581.jpg?v=1763326982,kg,,,
mini-barrettes-resine-ou-pate-polymere,,,,,,,,,Mini barrette polymère beige marron noire (29),,,,,,,,,0.0,shopify,1,deny,manual,4.00,,true,true,,,,,,https://cdn.shopify.com/s/files/1/0908/5508/0263/files/D3773C7C-5288-4256-9A0F-DFB4F64ED88A.jpg?v=1763327035,29,"",,,,,,,,,,,,,,,,,,https://cdn.shopify.com/s/files/1/0908/5508/0263/files/D3773C7C-5288-4256-9A0F-DFB4F64ED88A.jpg?v=1763327035,kg,,,
mini-barrettes-resine-ou-pate-polymere,,,,,,,,,Mini barrette polymère résine bleu pailletée (30),,,,,,,,,0.0,shopify,1,deny,manual,4.00,,true,true,,,,,,https://cdn.shopify.com/s/files/1/0908/5508/0263/files/670DD32F-CE0D-40F8-9465-1D03771BBF9C.jpg?v=1763327084,30,"",,,,,,,,,,,,,,,,,,https://cdn.shopify.com/s/files/1/0908/5508/0263/files/670DD32F-CE0D-40F8-9465-1D03771BBF9C.jpg?v=1763327084,kg,,,
mini-barrettes-resine-ou-pate-polymere,,,,,,,,,Mini barrette polymère bleu marine blanc or (31),,,,,,,,,0.0,shopify,1,deny,manual,4.00,,true,true,,,,,,https://cdn.shopify.com/s/files/1/0908/5508/0263/files/6F4FEB53-B57D-43BB-8E09-2C42DF13AD7A.jpg?v=1763327131,31,"",,,,,,,,,,,,,,,,,,https://cdn.shopify.com/s/files/1/0908/5508/0263/files/6F4FEB53-B57D-43BB-8E09-2C42DF13AD7A.jpg?v=1763327131,kg,,,
mini-barrettes-resine-ou-pate-polymere,,,,,,,,,Mini barrette polymère résine Mickey (32),,,,,,,,,0.0,shopify,1,deny,manual,4.00,,true,true,,,,,,https://cdn.shopify.com/s/files/1/0908/5508/0263/files/36E2E4B8-68F8-474C-A7D0-E1BCF328AF07.jpg?v=1763327195,32,"",,,,,,,,,,,,,,,,,,https://cdn.shopify.com/s/files/1/0908/5508/0263/files/36E2E4B8-68F8-474C-A7D0-E1BCF328AF07.jpg?v=1763327195,kg,,,
mini-barrettes-resine-ou-pate-polymere,,,,,,,,,Mini barrette polymère résine rose orange or (33),,,,,,,,,0.0,shopify,1,deny,manual,4.00,,true,true,,,,,,https://cdn.shopify.com/s/files/1/0908/5508/0263/files/70BE3ABE-DA9D-4620-BF68-CDBDE93EF6D9.jpg?v=1763327241,33,"",,,,,,,,,,,,,,,,,,https://cdn.shopify.com/s/files/1/0908/5508/0263/files/70BE3ABE-DA9D-4620-BF68-CDBDE93EF6D9.jpg?v=1763327241,kg,,,
mini-barrettes-resine-ou-pate-polymere,,,,,,,,,Mini barrette polymère résine violine blanche pailletée (34),,,,,,,,,0.0,shopify,1,deny,manual,4.00,,true,true,,,,,,https://cdn.shopify.com/s/files/1/0908/5508/0263/files/CBD9C9B2-90EB-4C70-BFE4-D0BC91F97546.jpg?v=1763327296,34,"",,,,,,,,,,,,,,,,,,https://cdn.shopify.com/s/files/1/0908/5508/0263/files/CBD9C9B2-90EB-4C70-BFE4-D0BC91F97546.jpg?v=1763327296,kg,,,
mini-barrettes-resine-ou-pate-polymere,,,,,,,,,Mini barrette polymère verte feuille d’or (35),,,,,,,,,0.0,shopify,1,deny,manual,4.00,,true,true,,,,,,https://cdn.shopify.com/s/files/1/0908/5508/0263/files/16D0DB56-3104-4847-9BC4-BB895ACD1F43.jpg?v=1763327361,35,"",,,,,,,,,,,,,,,,,,https://cdn.shopify.com/s/files/1/0908/5508/0263/files/16D0DB56-3104-4847-9BC4-BB895ACD1F43.jpg?v=1763327361,kg,,,
mini-barrettes-resine-ou-pate-polymere,,,,,,,,,Mini barrette polymère marron/beige/noir (36),,,,,,,,,0.0,shopify,1,deny,manual,4.00,,true,true,,,,,,https://cdn.shopify.com/s/files/1/0908/5508/0263/files/B3D26753-1C30-4B55-A70D-A3EBCBE3D76B.jpg?v=1763327418,36,"",,,,,,,,,,,,,,,,,,https://cdn.shopify.com/s/files/1/0908/5508/0263/files/B3D26753-1C30-4B55-A70D-A3EBCBE3D76B.jpg?v=1763327418,kg,,,
mini-barrettes-resine-ou-pate-polymere,,,,,,,,,Mini barrette polymère résine violette orange blanc nacré (37),,,,,,,,,0.0,shopify,1,deny,manual,4.00,,true,true,,,,,,https://cdn.shopify.com/s/files/1/0908/5508/0263/files/2D109686-13CD-4544-A9BE-082833788755.jpg?v=1763327501,37,"",,,,,,,,,,,,,,,,,,https://cdn.shopify.com/s/files/1/0908/5508/0263/files/2D109686-13CD-4544-A9BE-082833788755.jpg?v=1763327501,kg,,,
pince-a-cheveux-fleur-strass-or-argent-marron-transparente-rouge,Pince à cheveux fleur strass/ or/argent/marron transparente/rouge,"<p><span>Pince fleur strass/or/agent/marron transparente/rouge.</span></p>
<p><span>L'accessoire qui sublime vos cheveux.</span></p>
<p><span>Ajoutez une touche de douceur à vos cheveux.</span>Pratique et tendance, elle s'adapte à toutes vos chevelures et toutes les occasions.</p>
<p><span>A offrir ou à s'offrir : un petit accessoire qui fait toujours </span><span>plaisir !</span></p>",JOLANANAS,"Apparel & Accessories > Clothing Accessories > Hair Accessories > Hair Pins, Claws & Clips","","",true,Y,Pince strass noire,,,,,,,,,0.0,shopify,1,deny,manual,2.50,,true,true,,,,,,https://cdn.shopify.com/s/files/1/0908/5508/0263/files/5F1F18C8-8256-4C0E-83DD-D9B4045BE721.jpg?v=1763219488,1,"",false,,,tous-ages-1,,,argent; or; marron; noir; blanc; beige,,,,,,,,,feminin,,https://cdn.shopify.com/s/files/1/0908/5508/0263/files/5F1F18C8-8256-4C0E-83DD-D9B4045BE721.jpg?v=1763219488,kg,,,active
pince-a-cheveux-fleur-strass-or-argent-marron-transparente-rouge,,,,,,,,,Pince fleur or,,,,,,,,,0.0,shopify,1,deny,manual,2.50,,true,true,,,,,,https://cdn.shopify.com/s/files/1/0908/5508/0263/files/C7212F25-F96F-4248-B61D-A08E1A227C19.jpg?v=1763219554,2,"",,,,,,,,,,,,,,,,,,https://cdn.shopify.com/s/files/1/0908/5508/0263/files/C7212F25-F96F-4248-B61D-A08E1A227C19.jpg?v=1763219554,kg,,,
pince-a-cheveux-fleur-strass-or-argent-marron-transparente-rouge,,,,,,,,,Pince fleur rouge,,,,,,,,,0.0,shopify,2,deny,manual,2.50,,true,true,,,,,,https://cdn.shopify.com/s/files/1/0908/5508/0263/files/D03182E0-8AC0-45A1-8898-EF733BB2FA88.jpg?v=1763219589,3,"",,,,,,,,,,,,,,,,,,https://cdn.shopify.com/s/files/1/0908/5508/0263/files/D03182E0-8AC0-45A1-8898-EF733BB2FA88.jpg?v=1763219589,kg,,,
pince-a-cheveux-fleur-strass-or-argent-marron-transparente-rouge,,,,,,,,,Pince fleur argent,,,,,,,,,0.0,shopify,3,deny,manual,2.50,,true,true,,,,,,https://cdn.shopify.com/s/files/1/0908/5508/0263/files/3EC1264C-3C23-4129-A2C1-F28144800529.jpg?v=1763219644,4,"",,,,,,,,,,,,,,,,,,https://cdn.shopify.com/s/files/1/0908/5508/0263/files/3EC1264C-3C23-4129-A2C1-F28144800529.jpg?v=1763219644,kg,,,
pince-a-cheveux-fleur-strass-or-argent-marron-transparente-rouge,,,,,,,,,Pince fleur transparente marron,,,,,,,,,0.0,shopify,4,deny,manual,2.50,,true,true,,,,,,https://cdn.shopify.com/s/files/1/0908/5508/0263/files/95A15676-03F0-4BBF-9AF0-E3CE8A059564.jpg?v=1763219690,5,"",,,,,,,,,,,,,,,,,,https://cdn.shopify.com/s/files/1/0908/5508/0263/files/95A15676-03F0-4BBF-9AF0-E3CE8A059564.jpg?v=1763219690,kg,,,
pince-a-cheveux-fleur-strass-or-argent-marron-transparente-rouge,,,,,,,,,Pince strass blanc crème,,,,,,,,,0.0,shopify,2,deny,manual,2.50,,true,true,,,,,,https://cdn.shopify.com/s/files/1/0908/5508/0263/files/4F39218A-D886-4E10-B450-2F14A27FD1FA.jpg?v=1763219730,6,"",,,,,,,,,,,,,,,,,,https://cdn.shopify.com/s/files/1/0908/5508/0263/files/4F39218A-D886-4E10-B450-2F14A27FD1FA.jpg?v=1763219730,kg,,,
pince-a-cheveux-fleur-strass-or-argent-marron-transparente-rouge,,,,,,,,,Pince fleur strass nude beige,,,,,,,,,0.0,shopify,2,deny,manual,2.50,,true,true,,,,,,https://cdn.shopify.com/s/files/1/0908/5508/0263/files/3D954E6B-F3E5-40F8-88E0-2A25811E0FFC.jpg?v=1763219795,7,"",,,,,,,,,,,,,,,,,,https://cdn.shopify.com/s/files/1/0908/5508/0263/files/3D954E6B-F3E5-40F8-88E0-2A25811E0FFC.jpg?v=1763219795,kg,,,
pince-a-cheveux-fleur-strass-or-argent-marron-transparente-rouge,,,,,,,,,Pince fleur strass beige,,,,,,,,,0.0,shopify,1,deny,manual,2.50,,true,true,,,,,,https://cdn.shopify.com/s/files/1/0908/5508/0263/files/C2859F15-3DF0-4ECB-AFCF-A58D85ABE98C.jpg?v=1763219837,8,"",,,,,,,,,,,,,,,,,,https://cdn.shopify.com/s/files/1/0908/5508/0263/files/C2859F15-3DF0-4ECB-AFCF-A58D85ABE98C.jpg?v=1763219837,kg,,,
pince-a-cheveux-leopard-🐆,Pince à cheveux léopard 🐆,"<p><span>Pince fleur léopard l’accessoire à cheveux super tendance.</span></p>
<p><span>Ajoutez une touche sauvage à vos cheveux </span><span>. Pratique et tendance, elle s'adapte à toutes vos chevelures et toutes les occasions.</span></p>
<p><span>A offrir ou à s'offrir : un petit accessoire qui fait toujours </span><span>plaisir!</span></p>",JOLANANAS,"Apparel & Accessories > Clothing Accessories > Hair Accessories > Hair Pins, Claws & Clips","","",true,L,Pince à cheveux léopard lumineuse,,,,,,,,,0.0,shopify,2,deny,manual,3.00,,true,true,,,,,,https://cdn.shopify.com/s/files/1/0908/5508/0263/files/990B3ECE-242B-4454-A1B1-D8CABBAF4B2A.jpg?v=1763218921,1,"",false,,,tous-ages-1,,,noir; gris; marron,,,,,,,,,feminin,,https://cdn.shopify.com/s/files/1/0908/5508/0263/files/990B3ECE-242B-4454-A1B1-D8CABBAF4B2A.jpg?v=1763218921,kg,,,active
pince-a-cheveux-leopard-🐆,,,,,,,,,Pince à cheveux léopard 🐆 doré,,,,,,,,,0.0,shopify,1,deny,manual,3.00,,true,true,,,,,,https://cdn.shopify.com/s/files/1/0908/5508/0263/files/D99B4AD6-BEF5-4221-AC3D-3E8A33732996.jpg?v=1763218992,2,"",,,,,,,,,,,,,,,,,,https://cdn.shopify.com/s/files/1/0908/5508/0263/files/D99B4AD6-BEF5-4221-AC3D-3E8A33732996.jpg?v=1763218992,kg,,,
pince-a-cheveux-leopard-🐆,,,,,,,,,Pince. À cheveux léopard grise,,,,,,,,,0.0,shopify,1,deny,manual,3.00,,true,true,,,,,,https://cdn.shopify.com/s/files/1/0908/5508/0263/files/E5B58495-FE30-44BB-A710-69D8708109AF.jpg?v=1763219058,3,"",,,,,,,,,,,,,,,,,,https://cdn.shopify.com/s/files/1/0908/5508/0263/files/E5B58495-FE30-44BB-A710-69D8708109AF.jpg?v=1763219058,kg,,,
pince-a-cheveux-leopard-🐆,,,,,,,,,Pince à cheveux  léopard gris beige,,,,,,,,,0.0,shopify,1,deny,manual,3.00,,true,true,,,,,,https://cdn.shopify.com/s/files/1/0908/5508/0263/files/FA170D16-32D1-4AC1-9EE0-905FF0358C62.jpg?v=1763219106,4,"",,,,,,,,,,,,,,,,,,https://cdn.shopify.com/s/files/1/0908/5508/0263/files/FA170D16-32D1-4AC1-9EE0-905FF0358C62.jpg?v=1763219106,kg,,,
pince-a-cheveux-leopard-🐆,,,,,,,,,Pince à cheveux léopard marron gris,,,,,,,,,0.0,shopify,2,deny,manual,3.00,,true,true,,,,,,https://cdn.shopify.com/s/files/1/0908/5508/0263/files/606DBC73-A4E1-458F-9AAA-848F3B2F6CAC.jpg?v=1763219160,5,"",,,,,,,,,,,,,,,,,,https://cdn.shopify.com/s/files/1/0908/5508/0263/files/606DBC73-A4E1-458F-9AAA-848F3B2F6CAC.jpg?v=1763219160,kg,,,
pince-a-cheveux-coeur-taille-moyenne,Pince à cheveux cœur (taille moyenne),"<p><span>Pince à cheveux cœur de taille moyenne.</span></p>
<p><span>Parfait pour sublimer vos cheveux.</span></p>
<p><span>Ajoutez une touche de douceur</span><span> à votre coiffure. Pratique et tendance, elle s'adapte à toutes vos chevelures et toutes les occasions.</span></p>
<p><span>A offrir ou à s'offrir : un petit accessoire qui fait toujours </span><span>plaisir !</span></p>",JOLANANAS,"Apparel & Accessories > Clothing Accessories > Hair Accessories > Hair Pins, Claws & Clips","","",true,C,Pince cœur rose (moyenne),,,,,,,,,0.0,shopify,1,deny,manual,2.00,,true,true,,,,,,https://cdn.shopify.com/s/files/1/0908/5508/0263/files/5EAC00F0-0095-436D-B593-712919EFD100.jpg?v=1763218366,1,"",false,,,tous-ages-1,,,marron; rouge; rose; blanc,,,,,,,,,feminin,,https://cdn.shopify.com/s/files/1/0908/5508/0263/files/5EAC00F0-0095-436D-B593-712919EFD100.jpg?v=1763218366,kg,,,active
pince-a-cheveux-coeur-taille-moyenne,,,,,,,,,Pince cœur blanche (moyenne),,,,,,,,,0.0,shopify,1,deny,manual,2.00,,true,true,,,,,,https://cdn.shopify.com/s/files/1/0908/5508/0263/files/F5C52C9A-CAB8-4EBE-8460-82CB594CAE0A.jpg?v=1763218416,2,"",,,,,,,,,,,,,,,,,,https://cdn.shopify.com/s/files/1/0908/5508/0263/files/F5C52C9A-CAB8-4EBE-8460-82CB594CAE0A.jpg?v=1763218416,kg,,,
pince-a-cheveux-coeur-taille-moyenne,,,,,,,,,Pince cœur rouge foncé (moyenne),,,,,,,,,0.0,shopify,2,deny,manual,2.00,,true,true,,,,,,https://cdn.shopify.com/s/files/1/0908/5508/0263/files/74E11BE3-DCE0-4871-8F7C-AB6D829CE8C6.jpg?v=1763218580,3,"",,,,,,,,,,,,,,,,,,https://cdn.shopify.com/s/files/1/0908/5508/0263/files/D1890F55-2FEA-4E1D-976D-E6166F369A44.jpg?v=1763218713,kg,,,
pince-a-cheveux-coeur-taille-moyenne,,,,,,,,,Pince cœur marron (moyenne),,,,,,,,,0.0,shopify,1,deny,manual,2.00,,true,true,,,,,,https://cdn.shopify.com/s/files/1/0908/5508/0263/files/EF78A5F4-E8C0-4014-A872-3520CCABB239.jpg?v=1763218621,4,"",,,,,,,,,,,,,,,,,,https://cdn.shopify.com/s/files/1/0908/5508/0263/files/74E11BE3-DCE0-4871-8F7C-AB6D829CE8C6.jpg?v=1763218580,kg,,,
pince-a-cheveux-coeur-taille-moyenne,,,,,,,,,Pince cœur chocolat (moyenne),,,,,,,,,0.0,shopify,1,deny,manual,2.08,,true,true,,,,,,https://cdn.shopify.com/s/files/1/0908/5508/0263/files/D1890F55-2FEA-4E1D-976D-E6166F369A44.jpg?v=1763218713,5,"",,,,,,,,,,,,,,,,,,https://cdn.shopify.com/s/files/1/0908/5508/0263/files/EF78A5F4-E8C0-4014-A872-3520CCABB239.jpg?v=1763218621,kg,,,
pince-a-cheveux-taille-moyenne,Pince à cheveux taille: (moyenne),"<p><span>Pince à cheveux taille moyenne - L'accessoire qui sublime  vos cheveux.</span><span>Ajoutez une touche de douceur </span><span>d'exotisme à votre coiffure. Pratique et tendance, elle s'adapte à toutes vos chevelures et toutes les occasions.</span></p>
<p><span>A offrir ou à s'offrir : un petit accessoire qui fait toujours </span><span>plaisir!</span></p>",JOLANANAS,"Apparel & Accessories > Clothing Accessories > Hair Accessories > Hair Pins, Claws & Clips","","",true,U,Pince moyenne doré,,,,,,,,,0.0,shopify,4,deny,manual,2.00,,true,true,,,,,,https://cdn.shopify.com/s/files/1/0908/5508/0263/files/1E7A860D-89B0-422F-8412-8F84E64493DD.jpg?v=1763217504,1,"",false,,,tous-ages-1,,,multicolore,,,,,,,,,feminin,,https://cdn.shopify.com/s/files/1/0908/5508/0263/files/1E7A860D-89B0-422F-8412-8F84E64493DD.jpg?v=1763217504,kg,,,active
pince-a-cheveux-taille-moyenne,,,,,,,,,Pince moyenne or,,,,,,,,,0.0,shopify,3,deny,manual,2.00,,true,true,,,,,,https://cdn.shopify.com/s/files/1/0908/5508/0263/files/91AAE2C8-F754-4452-81F9-DB7FB9C2E65C.jpg?v=1763217576,2,"",,,,,,,,,,,,,,,,,,https://cdn.shopify.com/s/files/1/0908/5508/0263/files/91AAE2C8-F754-4452-81F9-DB7FB9C2E65C.jpg?v=1763217576,kg,,,
pince-a-cheveux-taille-moyenne,,,,,,,,,Pince moyenne marron transparente,,,,,,,,,0.0,shopify,8,deny,manual,2.00,,true,true,,,,,,https://cdn.shopify.com/s/files/1/0908/5508/0263/files/CC5D1E4D-3B63-476F-99AA-2CAB1E043F03.jpg?v=1763217615,3,"",,,,,,,,,,,,,,,,,,https://cdn.shopify.com/s/files/1/0908/5508/0263/files/CC5D1E4D-3B63-476F-99AA-2CAB1E043F03.jpg?v=1763217615,kg,,,
pince-a-cheveux-taille-moyenne,,,,,,,,,Pince moyenne argent,,,,,,,,,0.0,shopify,7,deny,manual,2.00,,true,true,,,,,,https://cdn.shopify.com/s/files/1/0908/5508/0263/files/B69DC943-1133-420E-80C4-78B545E33BFF.jpg?v=1763217685,4,"",,,,,,,,,,,,,,,,,,https://cdn.shopify.com/s/files/1/0908/5508/0263/files/B69DC943-1133-420E-80C4-78B545E33BFF.jpg?v=1763217685,kg,,,
pince-a-cheveux-taille-moyenne,,,,,,,,,Pince moyenne bronze,,,,,,,,,0.0,shopify,3,deny,manual,2.00,,true,true,,,,,,https://cdn.shopify.com/s/files/1/0908/5508/0263/files/46562412-087F-44AD-B012-E1430EE59957.jpg?v=1763217736,5,"",,,,,,,,,,,,,,,,,,https://cdn.shopify.com/s/files/1/0908/5508/0263/files/46562412-087F-44AD-B012-E1430EE59957.jpg?v=1763217736,kg,,,
pince-a-cheveux-taille-moyenne,,,,,,,,,Pince moyenne grise,,,,,,,,,0.0,shopify,3,deny,manual,2.00,,true,true,,,,,,https://cdn.shopify.com/s/files/1/0908/5508/0263/files/5FE79945-445E-4D05-8FE6-CD43C3B3D2A7.jpg?v=1763217787,6,"",,,,,,,,,,,,,,,,,,https://cdn.shopify.com/s/files/1/0908/5508/0263/files/5FE79945-445E-4D05-8FE6-CD43C3B3D2A7.jpg?v=1763217787,kg,,,
pince-a-cheveux-taille-moyenne,,,,,,,,,Pince moyenne cœur transparent marron,,,,,,,,,0.0,shopify,7,deny,manual,2.00,,true,true,,,,,,https://cdn.shopify.com/s/files/1/0908/5508/0263/files/1C4390C3-0C05-4CFD-B7D8-5A020C961B27.jpg?v=1763217820,7,"",,,,,,,,,,,,,,,,,,https://cdn.shopify.com/s/files/1/0908/5508/0263/files/1C4390C3-0C05-4CFD-B7D8-5A020C961B27.jpg?v=1763217820,kg,,,
pince-a-cheveux-taille-moyenne,,,,,,,,,Pince moyenne transparente bleu doré,,,,,,,,,0.0,shopify,9,deny,manual,2.00,,true,true,,,,,,https://cdn.shopify.com/s/files/1/0908/5508/0263/files/12A7B906-D7D6-4E90-8CC0-D92332F9B32F.jpg?v=1763217865,8,"",,,,,,,,,,,,,,,,,,https://cdn.shopify.com/s/files/1/0908/5508/0263/files/12A7B906-D7D6-4E90-8CC0-D92332F9B32F.jpg?v=1763217865,kg,,,
pince-a-cheveux-taille-moyenne,,,,,,,,,Pince moyenne transparente noir et doré,,,,,,,,,0.0,shopify,9,deny,manual,2.00,,true,true,,,,,,https://cdn.shopify.com/s/files/1/0908/5508/0263/files/E45574FB-4D2A-49B6-B7CB-C32FDCBC3073.jpg?v=1763217909,9,"",,,,,,,,,,,,,,,,,,https://cdn.shopify.com/s/files/1/0908/5508/0263/files/E45574FB-4D2A-49B6-B7CB-C32FDCBC3073.jpg?v=1763217909,kg,,,
pince-a-cheveux-taille-moyenne,,,,,,,,,Pince moyenne rose,,,,,,,,,0.0,shopify,2,deny,manual,2.00,,true,true,,,,,,https://cdn.shopify.com/s/files/1/0908/5508/0263/files/B2CDCB31-390E-4CEE-B977-9A0907738B4A.jpg?v=1763217955,10,"",,,,,,,,,,,,,,,,,,https://cdn.shopify.com/s/files/1/0908/5508/0263/files/B2CDCB31-390E-4CEE-B977-9A0907738B4A.jpg?v=1763217955,kg,,,
pince-a-cheveux-taille-moyenne,,,,,,,,,Pince moyenne blanche et violette,,,,,,,,,0.0,shopify,2,deny,manual,2.00,,true,true,,,,,,https://cdn.shopify.com/s/files/1/0908/5508/0263/files/5C3DEA3E-E146-47C8-A50C-9FBA3F407BBF.jpg?v=1763217999,11,"",,,,,,,,,,,,,,,,,,https://cdn.shopify.com/s/files/1/0908/5508/0263/files/5C3DEA3E-E146-47C8-A50C-9FBA3F407BBF.jpg?v=1763217999,kg,,,
mini-pampilles-interchangeable-sans-creoles,Mini pampilles interchangeable,"<p class=""p1""><span class=""s1"">Mini Pampilles interchangeable en résine faites mains.</span></p>
<p class=""p1""><span class=""s1"">Chaque pampilles interchangeable est unique.</span></p>
<p class=""p1""><span class=""s1"">Chaque modèle est entièrement réalisé à la main avec soin et passion.</span></p>
<p class=""p1""><span class=""s1"">Chaque paire est unique : la disposition des feuilles d'or, le mélange de couleur, les paillettes,les fleurs séchées ... la densité et la forme peuvent légèrement varier, rendant votre bijou aussi singulier que vous.</span></p>
<p class=""p1""><span class=""s1"">Elles sont parfaites pour toutes les occasions, que ce soit pour un look casual, estivales ou une sortie plus habillée.</span></p>
<p><span>Créoles non incluses.</span></p>
<p><span>Les créoles peuvent être choisies et commandées séparément afin de personnaliser votre bijou.</span></p>",JOLANANAS,Apparel & Accessories > Jewelry > Earrings,"","",true,H,Mini pampilles interchangeable,,,,,,,,,0.0,shopify,1,deny,manual,5.00,,true,true,,,,,,https://cdn.shopify.com/s/files/1/0908/5508/0263/files/1FEE9749-47BE-4514-9BD9-2B68BBB16AA8.jpg?v=1763130104,1,"",false,,,adultes,,,multicolore,solitaire,,,resine,bijoux-resine,,,,feminin,,https://cdn.shopify.com/s/files/1/0908/5508/0263/files/1FEE9749-47BE-4514-9BD9-2B68BBB16AA8.jpg?v=1763130104,kg,,,active
mini-pampilles-interchangeable-sans-creoles,,,,,,,,,Mini pampilles interchangeable 2,,,,,,,,,0.0,shopify,1,deny,manual,5.00,,true,true,,,,,,https://cdn.shopify.com/s/files/1/0908/5508/0263/files/5147AE63-E8C6-4B77-99E7-ACC39DE0ED18.jpg?v=1763130194,2,"",,,,,,,,,,,,,,,,,,https://cdn.shopify.com/s/files/1/0908/5508/0263/files/5147AE63-E8C6-4B77-99E7-ACC39DE0ED18.jpg?v=1763130194,kg,,,
mini-pampilles-interchangeable-sans-creoles,,,,,,,,,Mini pampilles interchangeable 3,,,,,,,,,0.0,shopify,1,deny,manual,5.00,,true,true,,,,,,https://cdn.shopify.com/s/files/1/0908/5508/0263/files/6943017E-87EF-4FF2-9F1C-D728BC7A3D29.jpg?v=1763130222,3,"",,,,,,,,,,,,,,,,,,https://cdn.shopify.com/s/files/1/0908/5508/0263/files/6943017E-87EF-4FF2-9F1C-D728BC7A3D29.jpg?v=1763130222,kg,,,
mini-pampilles-interchangeable-sans-creoles,,,,,,,,,Mini pampilles interchangeable 4,,,,,,,,,0.0,shopify,1,deny,manual,5.00,,true,true,,,,,,https://cdn.shopify.com/s/files/1/0908/5508/0263/files/92B949DB-64E0-4BCA-BB0D-5A14534FDA85.jpg?v=1763130250,4,"",,,,,,,,,,,,,,,,,,https://cdn.shopify.com/s/files/1/0908/5508/0263/files/92B949DB-64E0-4BCA-BB0D-5A14534FDA85.jpg?v=1763130250,kg,,,
mini-pampilles-interchangeable-sans-creoles,,,,,,,,,Mini pampilles interchangeable  5,,,,,,,,,0.0,shopify,1,deny,manual,5.00,,true,true,,,,,,https://cdn.shopify.com/s/files/1/0908/5508/0263/files/2F699D37-74A3-4FA2-B5F3-F1FD381B3F24.jpg?v=1763130279,5,"",,,,,,,,,,,,,,,,,,https://cdn.shopify.com/s/files/1/0908/5508/0263/files/2F699D37-74A3-4FA2-B5F3-F1FD381B3F24.jpg?v=1763130279,kg,,,
mini-pampilles-interchangeable-sans-creoles,,,,,,,,,Mini pampilles interchangeable 6,,,,,,,,,0.0,shopify,1,deny,manual,5.00,,true,true,,,,,,https://cdn.shopify.com/s/files/1/0908/5508/0263/files/56864441-7E62-40BC-AE02-EA1960C3D227.jpg?v=1763130318,6,"",,,,,,,,,,,,,,,,,,https://cdn.shopify.com/s/files/1/0908/5508/0263/files/56864441-7E62-40BC-AE02-EA1960C3D227.jpg?v=1763130318,kg,,,
mini-pampilles-interchangeable-sans-creoles,,,,,,,,,Mini pampilles interchangeable 7,,,,,,,,,0.0,shopify,1,deny,manual,5.00,,true,true,,,,,,https://cdn.shopify.com/s/files/1/0908/5508/0263/files/97444689-CF44-47BC-A54F-8C1A322192A0.jpg?v=1763130340,7,"",,,,,,,,,,,,,,,,,,https://cdn.shopify.com/s/files/1/0908/5508/0263/files/97444689-CF44-47BC-A54F-8C1A322192A0.jpg?v=1763130340,kg,,,
mini-pampilles-interchangeable-sans-creoles,,,,,,,,,Mini pampilles interchangeable 8,,,,,,,,,0.0,shopify,1,deny,manual,5.00,,true,true,,,,,,https://cdn.shopify.com/s/files/1/0908/5508/0263/files/D0ED1BFD-8C35-4888-A1EF-4D4D870D943A.jpg?v=1763130367,8,"",,,,,,,,,,,,,,,,,,https://cdn.shopify.com/s/files/1/0908/5508/0263/files/D0ED1BFD-8C35-4888-A1EF-4D4D870D943A.jpg?v=1763130367,kg,,,
mini-pampilles-interchangeable-sans-creoles,,,,,,,,,Mini pampilles interchangeable 9,,,,,,,,,0.0,shopify,1,deny,manual,5.00,,true,true,,,,,,https://cdn.shopify.com/s/files/1/0908/5508/0263/files/D7496D3F-427F-4A42-8792-3DDB7B36CF64.jpg?v=1763130390,9,"",,,,,,,,,,,,,,,,,,https://cdn.shopify.com/s/files/1/0908/5508/0263/files/D7496D3F-427F-4A42-8792-3DDB7B36CF64.jpg?v=1763130390,kg,,,
mini-pampilles-interchangeable-sans-creoles,,,,,,,,,Mini pampilles interchangeable 10,,,,,,,,,0.0,shopify,1,deny,manual,5.00,,true,true,,,,,,https://cdn.shopify.com/s/files/1/0908/5508/0263/files/66CA23FE-3DFD-4CDB-B006-15E5D1CB094C.jpg?v=1763130419,10,"",,,,,,,,,,,,,,,,,,https://cdn.shopify.com/s/files/1/0908/5508/0263/files/66CA23FE-3DFD-4CDB-B006-15E5D1CB094C.jpg?v=1763130419,kg,,,
mini-pampilles-interchangeable-sans-creoles,,,,,,,,,Mini pampilles interchangeable 11,,,,,,,,,0.0,shopify,1,deny,manual,5.00,,true,true,,,,,,https://cdn.shopify.com/s/files/1/0908/5508/0263/files/D832B221-F48C-490B-9E5A-089025FCA5D3.jpg?v=1763130449,11,"",,,,,,,,,,,,,,,,,,https://cdn.shopify.com/s/files/1/0908/5508/0263/files/D832B221-F48C-490B-9E5A-089025FCA5D3.jpg?v=1763130449,kg,,,
mini-pampilles-interchangeable-sans-creoles,,,,,,,,,Mini pampilles interchangeable 12,,,,,,,,,0.0,shopify,1,deny,manual,5.00,,true,true,,,,,,https://cdn.shopify.com/s/files/1/0908/5508/0263/files/063D8577-2774-4985-9FD6-C4CD9DEBE742.jpg?v=1763130491,12,"",,,,,,,,,,,,,,,,,,https://cdn.shopify.com/s/files/1/0908/5508/0263/files/063D8577-2774-4985-9FD6-C4CD9DEBE742.jpg?v=1763130491,kg,,,
mini-pampilles-interchangeable-sans-creoles,,,,,,,,,Mini pampilles interchangeable 13,,,,,,,,,0.0,shopify,1,deny,manual,5.00,,true,true,,,,,,https://cdn.shopify.com/s/files/1/0908/5508/0263/files/86557868-E752-4C8A-B978-624EBFE24A1B.jpg?v=1763130513,13,"",,,,,,,,,,,,,,,,,,https://cdn.shopify.com/s/files/1/0908/5508/0263/files/86557868-E752-4C8A-B978-624EBFE24A1B.jpg?v=1763130513,kg,,,
sans-titre-14nov-_14-52,Pampilles interchangeable résine divers modèle,"<p class=""p1"">Pampilles résine interchangeables </p>
<p class=""p1""><span class=""s1"">Chaque pampilles interchangeable est unique.</span></p>
<p class=""p1""><span class=""s1"">Chaque modèle est entièrement réalisé à la main avec soin et passion.</span></p>
<p class=""p1""><span class=""s1"">Chaque paire est unique : la disposition des feuilles d'or, le mélange de couleur, les paillettes,les fleurs séchées ... la densité et la forme peuvent légèrement varier, rendant votre bijou aussi singulier que vous.</span></p>
<p class=""p1""><span class=""s1"">Elles sont parfaites pour toutes les occasions, que ce soit pour un look casual, estivales ou une sortie plus habillée.</span></p>
<p><span>Créoles non incluses.</span></p>
<p><span>Les créoles peuvent être choisies et commandées séparément afin de personnaliser votre bijou.</span></p>",JOLANANAS,Apparel & Accessories > Jewelry > Earrings,"","",true,Pampilles interchangeable résine,Pampilles interchangeable résine 1,,,,,,,,,0.0,shopify,1,deny,manual,8.00,,true,true,,,,,,https://cdn.shopify.com/s/files/1/0908/5508/0263/files/DFBBA2D2-FEF1-4516-9DE6-165DFDD89246.jpg?v=1763128620,1,"",false,,,,,,multicolore,,,,resine,bijoux-resine,,,,,,https://cdn.shopify.com/s/files/1/0908/5508/0263/files/DFBBA2D2-FEF1-4516-9DE6-165DFDD89246.jpg?v=1763128620,kg,,,active
sans-titre-14nov-_14-52,,,,,,,,,Pampilles interchangeable résine 2,,,,,,,,,0.0,shopify,1,deny,manual,8.00,,true,true,,,,,,https://cdn.shopify.com/s/files/1/0908/5508/0263/files/7345E7C3-78C7-4233-9C53-58387B452FFD.jpg?v=1763128667,2,"",,,,,,,,,,,,,,,,,,https://cdn.shopify.com/s/files/1/0908/5508/0263/files/7345E7C3-78C7-4233-9C53-58387B452FFD.jpg?v=1763128667,kg,,,
sans-titre-14nov-_14-52,,,,,,,,,Pampilles interchangeable 3,,,,,,,,,0.0,shopify,1,deny,manual,8.00,,true,true,,,,,,https://cdn.shopify.com/s/files/1/0908/5508/0263/files/158196FE-347C-43A2-9319-2D8084C16726.jpg?v=1763128708,3,"",,,,,,,,,,,,,,,,,,https://cdn.shopify.com/s/files/1/0908/5508/0263/files/158196FE-347C-43A2-9319-2D8084C16726.jpg?v=1763128708,kg,,,
sans-titre-14nov-_14-52,,,,,,,,,Pampilles interchangeable résine 4,,,,,,,,,0.0,shopify,1,deny,manual,8.00,,true,true,,,,,,https://cdn.shopify.com/s/files/1/0908/5508/0263/files/042CE89A-FF13-4106-A93F-88D003CE84F0.jpg?v=1763128729,4,"",,,,,,,,,,,,,,,,,,https://cdn.shopify.com/s/files/1/0908/5508/0263/files/042CE89A-FF13-4106-A93F-88D003CE84F0.jpg?v=1763128729,kg,,,
sans-titre-14nov-_14-52,,,,,,,,,Pampilles interchangeable résine 5,,,,,,,,,0.0,shopify,1,deny,manual,8.00,,true,true,,,,,,https://cdn.shopify.com/s/files/1/0908/5508/0263/files/E65D26B3-DE48-4920-94B1-6C19230DDBF1.jpg?v=1763128761,5,"",,,,,,,,,,,,,,,,,,https://cdn.shopify.com/s/files/1/0908/5508/0263/files/E65D26B3-DE48-4920-94B1-6C19230DDBF1.jpg?v=1763128761,kg,,,
sans-titre-14nov-_14-52,,,,,,,,,Pampilles interchangeable résine 6,,,,,,,,,0.0,shopify,1,deny,manual,8.00,,true,true,,,,,,https://cdn.shopify.com/s/files/1/0908/5508/0263/files/AEF11197-239D-4095-ABAF-3CC7DF73221B.jpg?v=1763128789,6,"",,,,,,,,,,,,,,,,,,https://cdn.shopify.com/s/files/1/0908/5508/0263/files/AEF11197-239D-4095-ABAF-3CC7DF73221B.jpg?v=1763128789,kg,,,
sans-titre-14nov-_14-52,,,,,,,,,Pampilles interchangeable résine 7,,,,,,,,,0.0,shopify,1,deny,manual,8.00,,true,true,,,,,,https://cdn.shopify.com/s/files/1/0908/5508/0263/files/815E6736-B84F-430F-84D8-6686B02DA27C.jpg?v=1763128814,7,"",,,,,,,,,,,,,,,,,,https://cdn.shopify.com/s/files/1/0908/5508/0263/files/815E6736-B84F-430F-84D8-6686B02DA27C.jpg?v=1763128814,kg,,,
sans-titre-14nov-_14-52,,,,,,,,,Pampilles interchangeable résine 8,,,,,,,,,0.0,shopify,1,deny,manual,8.00,,true,true,,,,,,https://cdn.shopify.com/s/files/1/0908/5508/0263/files/1ADBB7D1-013B-499B-82FB-D295095359AC.jpg?v=1763128838,8,"",,,,,,,,,,,,,,,,,,https://cdn.shopify.com/s/files/1/0908/5508/0263/files/1ADBB7D1-013B-499B-82FB-D295095359AC.jpg?v=1763128838,kg,,,
sans-titre-14nov-_14-52,,,,,,,,,Pampilles interchangeable résine 9,,,,,,,,,0.0,shopify,1,deny,manual,8.00,,true,true,,,,,,https://cdn.shopify.com/s/files/1/0908/5508/0263/files/F175C5AA-FD80-40EF-9A8C-8F945F7D8320.jpg?v=1763128863,9,"",,,,,,,,,,,,,,,,,,https://cdn.shopify.com/s/files/1/0908/5508/0263/files/F175C5AA-FD80-40EF-9A8C-8F945F7D8320.jpg?v=1763128863,kg,,,
sans-titre-14nov-_14-52,,,,,,,,,Pampilles interchangeable résine 10,,,,,,,,,0.0,shopify,1,deny,manual,8.00,,true,true,,,,,,https://cdn.shopify.com/s/files/1/0908/5508/0263/files/A727B191-6A05-420F-88B8-D3D1D45E2636.jpg?v=1763128892,10,"",,,,,,,,,,,,,,,,,,https://cdn.shopify.com/s/files/1/0908/5508/0263/files/A727B191-6A05-420F-88B8-D3D1D45E2636.jpg?v=1763128892,kg,,,
sans-titre-14nov-_14-52,,,,,,,,,Pampilles interchangeable résine 11,,,,,,,,,0.0,shopify,1,deny,manual,8.00,,true,true,,,,,,https://cdn.shopify.com/s/files/1/0908/5508/0263/files/29F7B82D-C3AF-457B-BC65-593680C7C4F6.jpg?v=1763128918,11,"",,,,,,,,,,,,,,,,,,https://cdn.shopify.com/s/files/1/0908/5508/0263/files/29F7B82D-C3AF-457B-BC65-593680C7C4F6.jpg?v=1763128918,kg,,,
sans-titre-14nov-_14-52,,,,,,,,,Pampilles interchangeable résine 12,,,,,,,,,0.0,shopify,1,deny,manual,8.00,,true,true,,,,,,https://cdn.shopify.com/s/files/1/0908/5508/0263/files/E5A39E12-6BC6-4CCE-998A-BBA9EBE160C5.jpg?v=1763128950,12,"",,,,,,,,,,,,,,,,,,https://cdn.shopify.com/s/files/1/0908/5508/0263/files/E5A39E12-6BC6-4CCE-998A-BBA9EBE160C5.jpg?v=1763128950,kg,,,
sans-titre-14nov-_14-52,,,,,,,,,Pampilles interchangeable résine 13,,,,,,,,,0.0,shopify,1,deny,manual,8.00,,true,true,,,,,,https://cdn.shopify.com/s/files/1/0908/5508/0263/files/09FD019D-911A-432F-B74B-775F33DFD964.jpg?v=1763128976,13,"",,,,,,,,,,,,,,,,,,https://cdn.shopify.com/s/files/1/0908/5508/0263/files/09FD019D-911A-432F-B74B-775F33DFD964.jpg?v=1763128976,kg,,,
sans-titre-14nov-_14-52,,,,,,,,,Pampilles interchangeable résine 14,,,,,,,,,0.0,shopify,1,deny,manual,8.00,,true,true,,,,,,https://cdn.shopify.com/s/files/1/0908/5508/0263/files/8DEA6A00-486D-4A77-9DDA-97F24A81240D.jpg?v=1763129096,14,"",,,,,,,,,,,,,,,,,,https://cdn.shopify.com/s/files/1/0908/5508/0263/files/8DEA6A00-486D-4A77-9DDA-97F24A81240D.jpg?v=1763129096,kg,,,
sans-titre-14nov-_14-52,,,,,,,,,Pampilles interchangeable résine 15,,,,,,,,,0.0,shopify,1,deny,manual,8.00,,true,true,,,,,,https://cdn.shopify.com/s/files/1/0908/5508/0263/files/43737F30-E226-449F-AC30-7B7487BA2223.jpg?v=1763129130,15,"",,,,,,,,,,,,,,,,,,https://cdn.shopify.com/s/files/1/0908/5508/0263/files/43737F30-E226-449F-AC30-7B7487BA2223.jpg?v=1763129130,kg,,,
sans-titre-14nov-_14-52,,,,,,,,,Pampilles interchangeable résine 16,,,,,,,,,0.0,shopify,1,deny,manual,8.00,,true,true,,,,,,https://cdn.shopify.com/s/files/1/0908/5508/0263/files/86971250-5766-47A6-AA94-2072589D767B.jpg?v=1763129167,16,"",,,,,,,,,,,,,,,,,,https://cdn.shopify.com/s/files/1/0908/5508/0263/files/86971250-5766-47A6-AA94-2072589D767B.jpg?v=1763129167,kg,,,
sans-titre-14nov-_14-52,,,,,,,,,Pampilles interchangeable résine 17,,,,,,,,,0.0,shopify,1,deny,manual,8.00,,true,true,,,,,,https://cdn.shopify.com/s/files/1/0908/5508/0263/files/EFB9526A-D84D-43BF-99D8-FE1CCBDA63C9.jpg?v=1763129194,17,"",,,,,,,,,,,,,,,,,,https://cdn.shopify.com/s/files/1/0908/5508/0263/files/EFB9526A-D84D-43BF-99D8-FE1CCBDA63C9.jpg?v=1763129194,kg,,,
sans-titre-14nov-_14-52,,,,,,,,,Pampilles interchangeable résine 18,,,,,,,,,0.0,shopify,1,deny,manual,8.00,,true,true,,,,,,https://cdn.shopify.com/s/files/1/0908/5508/0263/files/75DC4836-990C-49D5-B343-001D41D1C014.jpg?v=1763129224,18,"",,,,,,,,,,,,,,,,,,https://cdn.shopify.com/s/files/1/0908/5508/0263/files/75DC4836-990C-49D5-B343-001D41D1C014.jpg?v=1763129224,kg,,,
sans-titre-14nov-_14-52,,,,,,,,,Pampilles interchangeable résine 19,,,,,,,,,0.0,shopify,1,deny,manual,8.00,,true,true,,,,,,https://cdn.shopify.com/s/files/1/0908/5508/0263/files/BD24F908-ED19-46FC-BBE7-BD9054FE903F.jpg?v=1763129259,19,"",,,,,,,,,,,,,,,,,,https://cdn.shopify.com/s/files/1/0908/5508/0263/files/BD24F908-ED19-46FC-BBE7-BD9054FE903F.jpg?v=1763129259,kg,,,
sans-titre-14nov-_14-52,,,,,,,,,Pampilles interchangeable résine 20,,,,,,,,,0.0,shopify,1,deny,manual,8.00,,true,true,,,,,,https://cdn.shopify.com/s/files/1/0908/5508/0263/files/2FA17C94-1B69-4CC0-BAF6-0F99D62543C0.jpg?v=1763129290,20,"",,,,,,,,,,,,,,,,,,https://cdn.shopify.com/s/files/1/0908/5508/0263/files/2FA17C94-1B69-4CC0-BAF6-0F99D62543C0.jpg?v=1763129290,kg,,,
sans-titre-14nov-_14-52,,,,,,,,,Pampilles interchangeable résine 21,,,,,,,,,0.0,shopify,1,deny,manual,8.00,,true,true,,,,,,https://cdn.shopify.com/s/files/1/0908/5508/0263/files/5CBAE824-BB8D-4CF9-925B-1B9DBF4A765D.jpg?v=1763129395,21,"",,,,,,,,,,,,,,,,,,https://cdn.shopify.com/s/files/1/0908/5508/0263/files/5CBAE824-BB8D-4CF9-925B-1B9DBF4A765D.jpg?v=1763129395,kg,,,
sans-titre-14nov-_14-52,,,,,,,,,Pampilles interchangeable résine 22,,,,,,,,,0.0,shopify,1,deny,manual,8.00,,true,true,,,,,,https://cdn.shopify.com/s/files/1/0908/5508/0263/files/BE3BA560-0E77-44B8-83EE-68EF47BA6D8B.jpg?v=1763129425,22,"",,,,,,,,,,,,,,,,,,https://cdn.shopify.com/s/files/1/0908/5508/0263/files/BE3BA560-0E77-44B8-83EE-68EF47BA6D8B.jpg?v=1763129425,kg,,,
sans-titre-14nov-_14-52,,,,,,,,,Pampilles interchangeable résine 23,,,,,,,,,0.0,shopify,1,deny,manual,8.00,,true,true,,,,,,https://cdn.shopify.com/s/files/1/0908/5508/0263/files/3DC2A71F-A8A0-425B-9F6E-32F46D441F9F.jpg?v=1763129452,23,"",,,,,,,,,,,,,,,,,,https://cdn.shopify.com/s/files/1/0908/5508/0263/files/3DC2A71F-A8A0-425B-9F6E-32F46D441F9F.jpg?v=1763129452,kg,,,
sans-titre-14nov-_14-52,,,,,,,,,Pampilles interchangeable résine 24,,,,,,,,,0.0,shopify,1,deny,manual,8.00,,true,true,,,,,,https://cdn.shopify.com/s/files/1/0908/5508/0263/files/83F5F8C4-FC57-413B-A4E2-BBBE9F342C0A.jpg?v=1763129486,24,"",,,,,,,,,,,,,,,,,,https://cdn.shopify.com/s/files/1/0908/5508/0263/files/83F5F8C4-FC57-413B-A4E2-BBBE9F342C0A.jpg?v=1763129486,kg,,,
sans-titre-14nov-_14-52,,,,,,,,,Pampilles interchangeable résine 25,,,,,,,,,0.0,shopify,1,deny,manual,8.00,,true,true,,,,,,https://cdn.shopify.com/s/files/1/0908/5508/0263/files/D608FC01-F0B1-4AC9-B499-BAA2D67CBAAE.jpg?v=1763129513,25,"",,,,,,,,,,,,,,,,,,https://cdn.shopify.com/s/files/1/0908/5508/0263/files/D608FC01-F0B1-4AC9-B499-BAA2D67CBAAE.jpg?v=1763129513,kg,,,
sans-titre-14nov-_14-52,,,,,,,,,Pampilles interchangeable résine 26,,,,,,,,,0.0,shopify,1,deny,manual,8.00,,true,true,,,,,,https://cdn.shopify.com/s/files/1/0908/5508/0263/files/F42DA7CD-667A-4E55-AECB-605F516E9C69.jpg?v=1763129556,26,"",,,,,,,,,,,,,,,,,,https://cdn.shopify.com/s/files/1/0908/5508/0263/files/F42DA7CD-667A-4E55-AECB-605F516E9C69.jpg?v=1763129556,kg,,,
sans-titre-14nov-_14-52,,,,,,,,,Pampilles interchangeable résine 27,,,,,,,,,0.0,shopify,1,deny,manual,8.00,,true,true,,,,,,https://cdn.shopify.com/s/files/1/0908/5508/0263/files/26DD7D85-4908-42C5-A344-86057CF3E431.jpg?v=1763129584,27,"",,,,,,,,,,,,,,,,,,https://cdn.shopify.com/s/files/1/0908/5508/0263/files/26DD7D85-4908-42C5-A344-86057CF3E431.jpg?v=1763129584,kg,,,
sans-titre-14nov-_14-52,,,,,,,,,Pampilles interchangeable résine 28,,,,,,,,,0.0,shopify,1,deny,manual,8.00,,true,true,,,,,,https://cdn.shopify.com/s/files/1/0908/5508/0263/files/5F967116-0904-486A-9AA6-1A5D788430F5.jpg?v=1763129615,28,"",,,,,,,,,,,,,,,,,,https://cdn.shopify.com/s/files/1/0908/5508/0263/files/5F967116-0904-486A-9AA6-1A5D788430F5.jpg?v=1763129615,kg,,,
sans-titre-14nov-_14-52,,,,,,,,,Pampilles interchangeable résine 29,,,,,,,,,0.0,shopify,1,deny,manual,8.00,,true,true,,,,,,https://cdn.shopify.com/s/files/1/0908/5508/0263/files/09CF38B7-6C2B-461E-8303-1B817333D837.jpg?v=1763129642,29,"",,,,,,,,,,,,,,,,,,https://cdn.shopify.com/s/files/1/0908/5508/0263/files/09CF38B7-6C2B-461E-8303-1B817333D837.jpg?v=1763129642,kg,,,
sans-titre-14nov-_14-52,,,,,,,,,Pampilles interchangeable résine 30,,,,,,,,,0.0,shopify,1,deny,manual,8.00,,true,true,,,,,,https://cdn.shopify.com/s/files/1/0908/5508/0263/files/81669D93-5796-4822-8626-611B4338D443.jpg?v=1763129661,30,"",,,,,,,,,,,,,,,,,,https://cdn.shopify.com/s/files/1/0908/5508/0263/files/81669D93-5796-4822-8626-611B4338D443.jpg?v=1763129661,kg,,,
sans-titre-14nov-_14-52,,,,,,,,,Pampilles interchangeable résine 31,,,,,,,,,0.0,shopify,1,deny,manual,8.00,,true,true,,,,,,https://cdn.shopify.com/s/files/1/0908/5508/0263/files/DCCF20F0-2440-4CDC-BCA4-E0CFBD9761FD.jpg?v=1763129696,31,"",,,,,,,,,,,,,,,,,,https://cdn.shopify.com/s/files/1/0908/5508/0263/files/DCCF20F0-2440-4CDC-BCA4-E0CFBD9761FD.jpg?v=1763129696,kg,,,
sans-titre-14nov-_14-52,,,,,,,,,Pampilles interchangeable résine 32,,,,,,,,,0.0,shopify,1,deny,manual,8.00,,true,true,,,,,,https://cdn.shopify.com/s/files/1/0908/5508/0263/files/69CB9C7B-2565-4AB6-8803-D7081DA9FD93.jpg?v=1763129732,32,"",,,,,,,,,,,,,,,,,,https://cdn.shopify.com/s/files/1/0908/5508/0263/files/69CB9C7B-2565-4AB6-8803-D7081DA9FD93.jpg?v=1763129732,kg,,,
sans-titre-14nov-_14-52,,,,,,,,,Pampilles interchangeable résine 33,,,,,,,,,0.0,shopify,1,deny,manual,8.00,,true,true,,,,,,https://cdn.shopify.com/s/files/1/0908/5508/0263/files/7F5955C6-D468-4D88-AA72-0767438A95AB.jpg?v=1763129769,33,"",,,,,,,,,,,,,,,,,,https://cdn.shopify.com/s/files/1/0908/5508/0263/files/7F5955C6-D468-4D88-AA72-0767438A95AB.jpg?v=1763129769,kg,,,
sans-titre-14nov-_14-52,,,,,,,,,Pampilles interchangeable résine 34,,,,,,,,,0.0,shopify,1,deny,manual,8.00,,true,true,,,,,,https://cdn.shopify.com/s/files/1/0908/5508/0263/files/7A576F5B-F27D-4027-946C-5D81C07BFD53.jpg?v=1763129786,34,"",,,,,,,,,,,,,,,,,,https://cdn.shopify.com/s/files/1/0908/5508/0263/files/7A576F5B-F27D-4027-946C-5D81C07BFD53.jpg?v=1763129786,kg,,,
sans-titre-14nov-_14-52,,,,,,,,,Pampilles interchangeable résine 35,,,,,,,,,0.0,shopify,1,deny,manual,8.00,,true,true,,,,,,https://cdn.shopify.com/s/files/1/0908/5508/0263/files/9812D1CB-7C78-4136-A320-B28A79147788.jpg?v=1763132179,35,"",,,,,,,,,,,,,,,,,,https://cdn.shopify.com/s/files/1/0908/5508/0263/files/9812D1CB-7C78-4136-A320-B28A79147788.jpg?v=1763132179,kg,,,
❤️-pampilles-interchangeable-coeur-resine-avec-ou-sans-creoles,❤️ pampilles interchangeable coeur ❤️ résine,"<p><span>Boucles d'oreilles interchangeable en résine avec boucle en acier inoxydable, faites mains.</span></p>
<p><span>Chaque pampilles interchangeable est unique.</span></p>
<p><span>Chaque modèle est entièrement réalisé à la main avec soin et passion.</span></p>
<p><span>Chaque paire est unique : la disposition des feuilles d'or, le mélange de couleur, les paillettes,les fleurs séchées ... la densité et la forme peuvent légèrement varier, rendant votre bijou aussi singulier que vous.</span></p>
<p><span>Elles sont parfaites pour toutes les occasions, que ce soit pour un look casual, estivales ou une sortie plus habillée.</span></p>
<p><span>Créoles non incluses.                                                             </span><span>Les créoles peuvent être choisies et commandées séparément afin de personnaliser votre bijou.</span></p>",JOLANANAS,Apparel & Accessories > Jewelry > Earrings,"","",true,❤️,❤️ pampilles interchangeable cœur  1,,,,,,,,,0.0,shopify,1,deny,manual,8.00,,true,true,,,,,,https://cdn.shopify.com/s/files/1/0908/5508/0263/files/20606BBD-9693-4CC2-85EE-C01EB6A4A9BF.jpg?v=1763124604,1,"",false,,,adultes,,,multicolore,pendante,,,resine; acier-inoxydable,bijoux-resine,,,,feminin,,https://cdn.shopify.com/s/files/1/0908/5508/0263/files/20606BBD-9693-4CC2-85EE-C01EB6A4A9BF.jpg?v=1763124604,kg,,,active
❤️-pampilles-interchangeable-coeur-resine-avec-ou-sans-creoles,,,,,,,,,❤️ pampilles interchangeable cœur 2,,,,,,,,,0.0,shopify,1,deny,manual,8.00,,true,true,,,,,,https://cdn.shopify.com/s/files/1/0908/5508/0263/files/A76D7DC8-791B-46FD-A778-733048304137.jpg?v=1763124644,2,"",,,,,,,,,,,,,,,,,,https://cdn.shopify.com/s/files/1/0908/5508/0263/files/A76D7DC8-791B-46FD-A778-733048304137.jpg?v=1763124644,kg,,,
❤️-pampilles-interchangeable-coeur-resine-avec-ou-sans-creoles,,,,,,,,,❤️ pampilles interchangeable cœur 3,,,,,,,,,0.0,shopify,1,deny,manual,8.00,,true,true,,,,,,https://cdn.shopify.com/s/files/1/0908/5508/0263/files/D82C8F88-0F50-4B79-BA51-37660E980B56.jpg?v=1763124674,3,"",,,,,,,,,,,,,,,,,,https://cdn.shopify.com/s/files/1/0908/5508/0263/files/D82C8F88-0F50-4B79-BA51-37660E980B56.jpg?v=1763124674,kg,,,
❤️-pampilles-interchangeable-coeur-resine-avec-ou-sans-creoles,,,,,,,,,❤️ pampilles interchangeable cœur 5,,,,,,,,,0.0,shopify,1,deny,manual,8.00,,true,true,,,,,,https://cdn.shopify.com/s/files/1/0908/5508/0263/files/9556201F-BD72-43E7-B4BB-B080BC074FEC.jpg?v=1763124731,4,"",,,,,,,,,,,,,,,,,,https://cdn.shopify.com/s/files/1/0908/5508/0263/files/9556201F-BD72-43E7-B4BB-B080BC074FEC.jpg?v=1763124731,kg,,,
❤️-pampilles-interchangeable-coeur-resine-avec-ou-sans-creoles,,,,,,,,,❤️ pampilles interchangeable cœur 6,,,,,,,,,0.0,shopify,1,deny,manual,8.00,,true,true,,,,,,https://cdn.shopify.com/s/files/1/0908/5508/0263/files/75A8350E-6C1E-4799-B2C3-28B4C8DDFF86.jpg?v=1763124756,5,"",,,,,,,,,,,,,,,,,,https://cdn.shopify.com/s/files/1/0908/5508/0263/files/75A8350E-6C1E-4799-B2C3-28B4C8DDFF86.jpg?v=1763124756,kg,,,
❤️-pampilles-interchangeable-coeur-resine-avec-ou-sans-creoles,,,,,,,,,❤️ pampilles interchangeable cœur 7,,,,,,,,,0.0,shopify,1,deny,manual,8.00,,true,true,,,,,,https://cdn.shopify.com/s/files/1/0908/5508/0263/files/1505CAF6-822B-400F-AD54-4A2A665292AD.jpg?v=1763124779,6,"",,,,,,,,,,,,,,,,,,https://cdn.shopify.com/s/files/1/0908/5508/0263/files/1505CAF6-822B-400F-AD54-4A2A665292AD.jpg?v=1763124779,kg,,,
❤️-pampilles-interchangeable-coeur-resine-avec-ou-sans-creoles,,,,,,,,,❤️ pampilles interchangeable cœur 8,,,,,,,,,0.0,shopify,1,deny,manual,8.00,,true,true,,,,,,https://cdn.shopify.com/s/files/1/0908/5508/0263/files/2B441437-02D6-4C67-BBE0-53E618F9034C.jpg?v=1763124809,7,"",,,,,,,,,,,,,,,,,,https://cdn.shopify.com/s/files/1/0908/5508/0263/files/2B441437-02D6-4C67-BBE0-53E618F9034C.jpg?v=1763124809,kg,,,
❤️-pampilles-interchangeable-coeur-resine-avec-ou-sans-creoles,,,,,,,,,❤️ pampilles interchangeable cœur 9,,,,,,,,,0.0,shopify,1,deny,manual,8.00,,true,true,,,,,,https://cdn.shopify.com/s/files/1/0908/5508/0263/files/E6C4E5AA-2621-4136-A7C2-4D93616F42D8.jpg?v=1763124831,8,"",,,,,,,,,,,,,,,,,,https://cdn.shopify.com/s/files/1/0908/5508/0263/files/E6C4E5AA-2621-4136-A7C2-4D93616F42D8.jpg?v=1763124831,kg,,,
❤️-pampilles-interchangeable-coeur-resine-avec-ou-sans-creoles,,,,,,,,,❤️ pampilles interchangeable coeur 10,,,,,,,,,0.0,shopify,1,deny,manual,8.00,,true,true,,,,,,https://cdn.shopify.com/s/files/1/0908/5508/0263/files/0D1804DF-CB94-4FEF-8B39-EE01759087DB.jpg?v=1763131153,9,"",,,,,,,,,,,,,,,,,,https://cdn.shopify.com/s/files/1/0908/5508/0263/files/0D1804DF-CB94-4FEF-8B39-EE01759087DB.jpg?v=1763131153,kg,,,
🌼pampilles-interchangeable-resine-et-fleurs-sechees🌸-avec-ou-sans-creoles,🌼Pampilles interchangeable résine et fleurs séchées🌸,"<p><span>Boucles d'oreilles interchangeable en résine faites mains.</span></p>
<p><span>Chaque pampilles interchangeable est unique.</span></p>
<p><span>Chaque modèle est entièrement réalisé à la main avec soin et passion.</span></p>
<p><span>Chaque paire est unique : la disposition des feuilles d'or, le mélange de couleur, les paillettes,les fleurs séchées ... la densité et la forme peuvent légèrement varier, rendant votre bijou aussi singulier que vous.</span></p>
<p><span>Elles sont parfaites pour toutes les occasions, que ce soit pour un look casual, estivales ou une sortie plus habillée.</span></p>
<p><span>Créoles non incluses. <br></span><span>Les créoles peuvent être choisies et commandées séparément afin de personnaliser votre bijou.</span></p>
<p><span> </span></p>",JOLANANAS,Apparel & Accessories > Jewelry > Charms & Pendants,"","",true,🌼 pampilles résine fleurs séchées 🌸,🌼Pampilles interchangeable résine et fleurs séchées 🌸 2,,,,,,,,,0.0,shopify,1,deny,manual,8.00,,true,true,,,,,,https://cdn.shopify.com/s/files/1/0908/5508/0263/files/AC2E3AE9-5444-4C73-9CE3-A714BA465820.jpg?v=1763122845,1,"",false,,,adultes,,,floral,,,,resine; acier-inoxydable,bijoux-resine,,,,feminin,,https://cdn.shopify.com/s/files/1/0908/5508/0263/files/AC2E3AE9-5444-4C73-9CE3-A714BA465820.jpg?v=1763122845,kg,,,active
🌼pampilles-interchangeable-resine-et-fleurs-sechees🌸-avec-ou-sans-creoles,,,,,,,,,🌼Pampilles interchangeable résine et fleurs séchées 🌸 4,,,,,,,,,0.0,shopify,1,deny,manual,8.00,,true,true,,,,,,https://cdn.shopify.com/s/files/1/0908/5508/0263/files/2A51FA9A-7600-4A4F-A197-8C95F9A2E317.jpg?v=1763122908,2,"",,,,,,,,,,,,,,,,,,https://cdn.shopify.com/s/files/1/0908/5508/0263/files/2A51FA9A-7600-4A4F-A197-8C95F9A2E317.jpg?v=1763122908,kg,,,
🌼pampilles-interchangeable-resine-et-fleurs-sechees🌸-avec-ou-sans-creoles,,,,,,,,,Rose / bleu et or,,,,,,,,,0.0,shopify,1,deny,manual,8.00,,true,true,,,,,,https://cdn.shopify.com/s/files/1/0908/5508/0263/files/8A20DC82-6B45-4F59-BE39-8CDC4BCDCFED.jpg?v=1771326021,3,"",,,,,,,,,,,,,,,,,,https://cdn.shopify.com/s/files/1/0908/5508/0263/files/8A20DC82-6B45-4F59-BE39-8CDC4BCDCFED.jpg?v=1771326021,kg,,,
🌼pampilles-interchangeable-resine-et-fleurs-sechees🌸-avec-ou-sans-creoles,,,,,,,,,🩵 bleu turquoise et or,,,,,,,,,0.0,shopify,1,deny,manual,8.00,,true,true,,,,,,https://cdn.shopify.com/s/files/1/0908/5508/0263/files/IMG-8215.heic?v=1771326135,4,"",,,,,,,,,,,,,,,,,,https://cdn.shopify.com/s/files/1/0908/5508/0263/files/IMG-8215.heic?v=1771326135,kg,,,
🌼pampilles-interchangeable-resine-et-fleurs-sechees🌸-avec-ou-sans-creoles,,,,,,,,,💓 rose et or,,,,,,,,,0.0,shopify,1,deny,manual,8.00,,true,true,,,,,,https://cdn.shopify.com/s/files/1/0908/5508/0263/files/IMG-8217.heic?v=1771326268,5,"",,,,,,,,,,,,,,,,,,https://cdn.shopify.com/s/files/1/0908/5508/0263/files/IMG-8217.heic?v=1771326268,kg,,,
🌼pampilles-interchangeable-resine-et-fleurs-sechees🌸-avec-ou-sans-creoles,,,,,,,,,🧡 orange et or,,,,,,,,,0.0,shopify,1,deny,manual,8.00,,true,true,,,,,,https://cdn.shopify.com/s/files/1/0908/5508/0263/files/IMG-8218.heic?v=1771326338,6,"",,,,,,,,,,,,,,,,,,https://cdn.shopify.com/s/files/1/0908/5508/0263/files/IMG-8218.heic?v=1771326338,kg,,,
🌼pampilles-interchangeable-resine-et-fleurs-sechees🌸-avec-ou-sans-creoles,,,,,,,,,💚 vert/orange et or,,,,,,,,,0.0,shopify,1,deny,manual,8.00,,true,true,,,,,,https://cdn.shopify.com/s/files/1/0908/5508/0263/files/IMG-8219.heic?v=1771326407,7,"",,,,,,,,,,,,,,,,,,https://cdn.shopify.com/s/files/1/0908/5508/0263/files/IMG-8219.heic?v=1771326407,kg,,,
🌼pampilles-interchangeable-resine-et-fleurs-sechees🌸-avec-ou-sans-creoles,,,,,,,,,💕 rose/ bleu et or,,,,,,,,,0.0,shopify,1,deny,manual,8.00,,true,true,,,,,,https://cdn.shopify.com/s/files/1/0908/5508/0263/files/IMG-8220.heic?v=1771326516,8,"",,,,,,,,,,,,,,,,,,https://cdn.shopify.com/s/files/1/0908/5508/0263/files/IMG-8220.heic?v=1771326516,kg,,,
🌼pampilles-interchangeable-resine-et-fleurs-sechees🌸-avec-ou-sans-creoles,,,,,,,,,🟢 vert or et paillettes,,,,,,,,,0.0,shopify,1,deny,manual,8.00,,true,true,,,,,,https://cdn.shopify.com/s/files/1/0908/5508/0263/files/IMG-8221.heic?v=1771326626,9,"",,,,,,,,,,,,,,,,,,https://cdn.shopify.com/s/files/1/0908/5508/0263/files/IMG-8221.heic?v=1771326626,kg,,,
🌼pampilles-interchangeable-resine-et-fleurs-sechees🌸-avec-ou-sans-creoles,,,,,,,,,Jaune or,,,,,,,,,0.0,shopify,1,deny,manual,8.00,,true,true,,,,,,https://cdn.shopify.com/s/files/1/0908/5508/0263/files/IMG-8222.heic?v=1771326686,10,"",,,,,,,,,,,,,,,,,,https://cdn.shopify.com/s/files/1/0908/5508/0263/files/IMG-8222.heic?v=1771326686,kg,,,
🌼pampilles-interchangeable-resine-et-fleurs-sechees🌸-avec-ou-sans-creoles,,,,,,,,,Triangle violet et or,,,,,,,,,0.0,shopify,1,deny,manual,8.00,,true,true,,,,,,https://cdn.shopify.com/s/files/1/0908/5508/0263/files/IMG-8223.heic?v=1771326808,11,"",,,,,,,,,,,,,,,,,,https://cdn.shopify.com/s/files/1/0908/5508/0263/files/IMG-8223.heic?v=1771326808,kg,,,
🌼pampilles-interchangeable-resine-et-fleurs-sechees🌸-avec-ou-sans-creoles,,,,,,,,,🟪 violet blanc et or,,,,,,,,,0.0,shopify,1,deny,manual,8.00,,true,true,,,,,,https://cdn.shopify.com/s/files/1/0908/5508/0263/files/IMG-8224.heic?v=1771326851,12,"",,,,,,,,,,,,,,,,,,https://cdn.shopify.com/s/files/1/0908/5508/0263/files/IMG-8224.heic?v=1771326851,kg,,,
🌼pampilles-interchangeable-resine-et-fleurs-sechees🌸-avec-ou-sans-creoles,,,,,,,,,Rose / or,,,,,,,,,0.0,shopify,1,deny,manual,8.00,,true,true,,,,,,https://cdn.shopify.com/s/files/1/0908/5508/0263/files/IMG-8278.heic?v=1771420764,13,"",,,,,,,,,,,,,,,,,,https://cdn.shopify.com/s/files/1/0908/5508/0263/files/IMG-8278.heic?v=1771420764,kg,,,
🌼pampilles-interchangeable-resine-et-fleurs-sechees🌸-avec-ou-sans-creoles,,,,,,,,,🩷 rose / or / beige,,,,,,,,,0.0,shopify,1,deny,manual,8.00,,true,true,,,,,,https://cdn.shopify.com/s/files/1/0908/5508/0263/files/IMG-8279.heic?v=1771420807,14,"",,,,,,,,,,,,,,,,,,https://cdn.shopify.com/s/files/1/0908/5508/0263/files/IMG-8279.heic?v=1771420807,kg,,,
peps-⚡️pampilles-interchangeable-avec-ou-sans-creoles,Peps ⚡️pampilles interchangeable,"<p>Collection Peps ⚡️:</p>
<p class=""p1""><span class=""s1"">Ose la couleur, choisis Peps.</span></p>
<p class=""p1""><span class=""s1"">Chaque pièce est fabriquée à la main en pâte polymère, certaine sont recouverte de résine.</span></p>
<p class=""p1""><span class=""s1"">Un matériau très délicat, léger et confortable.</span></p>
<p class=""p1""><span class=""s1"">En raison de la nature artisanale de mes produits, aucun produit ne peut être recréé exactement à l'identique. Vous obtiendrez toujours un modèle fait main unique qui correspond à votre style.</span></p>
<p class=""p1""><span class=""s1"">Conseils d'entretien : à conserver dans un endroit propre et sec. Tenir à l'écart des huiles, crèmes, parfums, etc. Ne pas porter dans l'eau. Peut se briser en cas de chute ou de torsion. Pour nettoyer la pâte polymère, frottez doucement avec un chiffon doux. </span></p>
<p><span>Créoles non incluses.</span></p>
<p><span>Les créoles peuvent être choisies et commandées séparément afin de personnaliser votre bijou.</span></p>",JOLANANAS,Apparel & Accessories > Jewelry > Earrings,"","",true,Peps ⚡️,Peps ⚡️ 1,,,,,,,,,0.0,shopify,1,deny,manual,8.00,,true,true,,,,,,https://cdn.shopify.com/s/files/1/0908/5508/0263/files/92F9321E-4A46-44FB-963F-794BD1BA1AAC.jpg?v=1763120974,1,"",false,,,adultes,,,multicolore,diminue,,,polymere; resine; acier-inoxydable,bijoux-pate-polymere,,,,unisexe-1,,https://cdn.shopify.com/s/files/1/0908/5508/0263/files/92F9321E-4A46-44FB-963F-794BD1BA1AAC.jpg?v=1763120974,kg,,,active
peps-⚡️pampilles-interchangeable-avec-ou-sans-creoles,,,,,,,,,Peps ⚡️2,,,,,,,,,0.0,shopify,1,deny,manual,8.00,,true,true,,,,,,https://cdn.shopify.com/s/files/1/0908/5508/0263/files/BF4DF1ED-899C-480B-A636-E93C179C02AD.jpg?v=1763121023,2,"",,,,,,,,,,,,,,,,,,https://cdn.shopify.com/s/files/1/0908/5508/0263/files/BF4DF1ED-899C-480B-A636-E93C179C02AD.jpg?v=1763121023,kg,,,
peps-⚡️pampilles-interchangeable-avec-ou-sans-creoles,,,,,,,,,Peps ⚡️3,,,,,,,,,0.0,shopify,1,deny,manual,8.00,,true,true,,,,,,https://cdn.shopify.com/s/files/1/0908/5508/0263/files/7CF8F6BB-CE81-4B09-9DB1-D20653FBF0BB.jpg?v=1763121045,3,"",,,,,,,,,,,,,,,,,,https://cdn.shopify.com/s/files/1/0908/5508/0263/files/7CF8F6BB-CE81-4B09-9DB1-D20653FBF0BB.jpg?v=1763121045,kg,,,
peps-⚡️pampilles-interchangeable-avec-ou-sans-creoles,,,,,,,,,Peps ⚡️4,,,,,,,,,0.0,shopify,1,deny,manual,8.00,,true,true,,,,,,https://cdn.shopify.com/s/files/1/0908/5508/0263/files/21E5BD5D-D646-4E59-B4B9-3F6482455576.jpg?v=1763121070,4,"",,,,,,,,,,,,,,,,,,https://cdn.shopify.com/s/files/1/0908/5508/0263/files/21E5BD5D-D646-4E59-B4B9-3F6482455576.jpg?v=1763121070,kg,,,
peps-⚡️pampilles-interchangeable-avec-ou-sans-creoles,,,,,,,,,Peps ⚡️5,,,,,,,,,0.0,shopify,1,deny,manual,8.00,,true,true,,,,,,https://cdn.shopify.com/s/files/1/0908/5508/0263/files/1E667D5D-7CE9-47EE-8652-E69B72F4416D.jpg?v=1763121090,5,"",,,,,,,,,,,,,,,,,,https://cdn.shopify.com/s/files/1/0908/5508/0263/files/1E667D5D-7CE9-47EE-8652-E69B72F4416D.jpg?v=1763121090,kg,,,
peps-⚡️pampilles-interchangeable-avec-ou-sans-creoles,,,,,,,,,Peps ⚡️ 6,,,,,,,,,0.0,shopify,1,deny,manual,8.00,,true,true,,,,,,https://cdn.shopify.com/s/files/1/0908/5508/0263/files/58ECA2E7-AC7A-4160-8269-7FEA97D64070.jpg?v=1763121118,6,"",,,,,,,,,,,,,,,,,,https://cdn.shopify.com/s/files/1/0908/5508/0263/files/2D8DDB4D-FBC9-4BB4-9F09-2BC7FA44DE0D.jpg?v=1763121262,kg,,,
peps-⚡️pampilles-interchangeable-avec-ou-sans-creoles,,,,,,,,,Peps ⚡️8,,,,,,,,,0.0,shopify,1,deny,manual,8.00,,true,true,,,,,,https://cdn.shopify.com/s/files/1/0908/5508/0263/files/36DACB58-58BF-445F-89C0-6E8924D28BC9.jpg?v=1763121146,7,"",,,,,,,,,,,,,,,,,,https://cdn.shopify.com/s/files/1/0908/5508/0263/files/36DACB58-58BF-445F-89C0-6E8924D28BC9.jpg?v=1763121146,kg,,,
peps-⚡️pampilles-interchangeable-avec-ou-sans-creoles,,,,,,,,,Peps ⚡️ 7,,,,,,,,,0.0,shopify,1,deny,manual,8.00,,true,true,,,,,,https://cdn.shopify.com/s/files/1/0908/5508/0263/files/2D8DDB4D-FBC9-4BB4-9F09-2BC7FA44DE0D.jpg?v=1763121262,8,"",,,,,,,,,,,,,,,,,,https://cdn.shopify.com/s/files/1/0908/5508/0263/files/58ECA2E7-AC7A-4160-8269-7FEA97D64070.jpg?v=1763121118,kg,,,
peps-⚡️pampilles-interchangeable-avec-ou-sans-creoles,,,,,,,,,Peps ⚡️ citron et or,,,,,,,,,0.0,shopify,1,deny,manual,8.00,,true,true,,,,,,https://cdn.shopify.com/s/files/1/0908/5508/0263/files/IMG-8233.heic?v=1771412927,9,"",,,,,,,,,,,,,,,,,,https://cdn.shopify.com/s/files/1/0908/5508/0263/files/IMG-8233.heic?v=1771412927,kg,,,
peps-⚡️pampilles-interchangeable-avec-ou-sans-creoles,,,,,,,,,Peps ⚡️ citron/jaune/blanc et or,,,,,,,,,0.0,shopify,1,deny,manual,8.00,,true,true,,,,,,https://cdn.shopify.com/s/files/1/0908/5508/0263/files/IMG-8235.heic?v=1771413004,10,"",,,,,,,,,,,,,,,,,,https://cdn.shopify.com/s/files/1/0908/5508/0263/files/IMG-8235.heic?v=1771413004,kg,,,
peps-⚡️pampilles-interchangeable-avec-ou-sans-creoles,,,,,,,,,Citron jaune blanc et or,,,,,,,,,0.0,shopify,1,deny,manual,8.00,,true,true,,,,,,https://cdn.shopify.com/s/files/1/0908/5508/0263/files/IMG-8236.heic?v=1771413069,11,"",,,,,,,,,,,,,,,,,,https://cdn.shopify.com/s/files/1/0908/5508/0263/files/IMG-8236.heic?v=1771413069,kg,,,
peps-⚡️pampilles-interchangeable-avec-ou-sans-creoles,,,,,,,,,🟨 citron et or,,,,,,,,,0.0,shopify,1,deny,manual,8.00,,true,true,,,,,,https://cdn.shopify.com/s/files/1/0908/5508/0263/files/IMG-8237.heic?v=1771413108,12,"",,,,,,,,,,,,,,,,,,https://cdn.shopify.com/s/files/1/0908/5508/0263/files/IMG-8237.heic?v=1771413108,kg,,,
peps-⚡️pampilles-interchangeable-avec-ou-sans-creoles,,,,,,,,,Peps ⚡️ citron / or,,,,,,,,,0.0,shopify,1,deny,manual,8.00,,true,true,,,,,,https://cdn.shopify.com/s/files/1/0908/5508/0263/files/IMG-8238.heic?v=1771413185,13,"",,,,,,,,,,,,,,,,,,https://cdn.shopify.com/s/files/1/0908/5508/0263/files/IMG-8238.heic?v=1771413185,kg,,,
peps-⚡️pampilles-interchangeable-avec-ou-sans-creoles,,,,,,,,,Peps ⚡️ citron - blanc/or,,,,,,,,,0.0,shopify,1,deny,manual,8.00,,true,true,,,,,,https://cdn.shopify.com/s/files/1/0908/5508/0263/files/IMG-8239.heic?v=1771413241,14,"",,,,,,,,,,,,,,,,,,https://cdn.shopify.com/s/files/1/0908/5508/0263/files/IMG-8239.heic?v=1771413241,kg,,,
peps-⚡️pampilles-interchangeable-avec-ou-sans-creoles,,,,,,,,,🍋 jaune blanc /or,,,,,,,,,0.0,shopify,1,deny,manual,8.00,,true,true,,,,,,https://cdn.shopify.com/s/files/1/0908/5508/0263/files/IMG-8240.heic?v=1771418771,15,"",,,,,,,,,,,,,,,,,,https://cdn.shopify.com/s/files/1/0908/5508/0263/files/IMG-8240.heic?v=1771418771,kg,,,
peps-⚡️pampilles-interchangeable-avec-ou-sans-creoles,,,,,,,,,💛 citron /or,,,,,,,,,0.0,shopify,1,deny,manual,8.00,,true,true,,,,,,https://cdn.shopify.com/s/files/1/0908/5508/0263/files/IMG-8241.heic?v=1771418814,16,"",,,,,,,,,,,,,,,,,,https://cdn.shopify.com/s/files/1/0908/5508/0263/files/IMG-8241.heic?v=1771418814,kg,,,
peps-⚡️pampilles-interchangeable-avec-ou-sans-creoles,,,,,,,,,Peps ⚡️ jaune blanc or et citron,,,,,,,,,0.0,shopify,1,deny,manual,8.00,,true,true,,,,,,https://cdn.shopify.com/s/files/1/0908/5508/0263/files/IMG-8242.heic?v=1771418856,17,"",,,,,,,,,,,,,,,,,,https://cdn.shopify.com/s/files/1/0908/5508/0263/files/IMG-8242.heic?v=1771418856,kg,,,
peps-⚡️pampilles-interchangeable-avec-ou-sans-creoles,,,,,,,,,Peps ⚡️ Orange 🍊 corail / or,,,,,,,,,0.0,shopify,1,deny,manual,8.00,,true,true,,,,,,https://cdn.shopify.com/s/files/1/0908/5508/0263/files/IMG-8253.heic?v=1771419602,18,"",,,,,,,,,,,,,,,,,,https://cdn.shopify.com/s/files/1/0908/5508/0263/files/IMG-8253.heic?v=1771419602,kg,,,
peps-⚡️pampilles-interchangeable-avec-ou-sans-creoles,,,,,,,,,Orange/ corail / or ⚡️,,,,,,,,,0.0,shopify,1,deny,manual,8.00,,true,true,,,,,,https://cdn.shopify.com/s/files/1/0908/5508/0263/files/IMG-8254.heic?v=1771419650,19,"",,,,,,,,,,,,,,,,,,https://cdn.shopify.com/s/files/1/0908/5508/0263/files/IMG-8254.heic?v=1771419650,kg,,,
peps-⚡️pampilles-interchangeable-avec-ou-sans-creoles,,,,,,,,,🧡 corail / or,,,,,,,,,0.0,shopify,1,deny,manual,8.00,,true,true,,,,,,https://cdn.shopify.com/s/files/1/0908/5508/0263/files/IMG-8255.heic?v=1771419699,20,"",,,,,,,,,,,,,,,,,,https://cdn.shopify.com/s/files/1/0908/5508/0263/files/IMG-8255.heic?v=1771419699,kg,,,
peps-⚡️pampilles-interchangeable-avec-ou-sans-creoles,,,,,,,,,🧡 corail - or,,,,,,,,,0.0,shopify,1,deny,manual,8.00,,true,true,,,,,,https://cdn.shopify.com/s/files/1/0908/5508/0263/files/IMG-8256.heic?v=1771419743,21,"",,,,,,,,,,,,,,,,,,https://cdn.shopify.com/s/files/1/0908/5508/0263/files/IMG-8256.heic?v=1771419743,kg,,,
peps-⚡️pampilles-interchangeable-avec-ou-sans-creoles,,,,,,,,,🌸 orange corail / or,,,,,,,,,0.0,shopify,1,deny,manual,8.00,,true,true,,,,,,https://cdn.shopify.com/s/files/1/0908/5508/0263/files/IMG-8257.heic?v=1771419789,22,"",,,,,,,,,,,,,,,,,,https://cdn.shopify.com/s/files/1/0908/5508/0263/files/IMG-8257.heic?v=1771419789,kg,,,
peps-⚡️pampilles-interchangeable-avec-ou-sans-creoles,,,,,,,,,🌸 Orange corail / or,,,,,,,,,0.0,shopify,1,deny,manual,8.00,,true,true,,,,,,https://cdn.shopify.com/s/files/1/0908/5508/0263/files/IMG-8258.heic?v=1771419831,23,"",,,,,,,,,,,,,,,,,,https://cdn.shopify.com/s/files/1/0908/5508/0263/files/IMG-8258.heic?v=1771419831,kg,,,
peps-⚡️pampilles-interchangeable-avec-ou-sans-creoles,,,,,,,,,Peps ⚡️ 🍊 corail / or,,,,,,,,,0.0,shopify,1,deny,manual,8.00,,true,true,,,,,,https://cdn.shopify.com/s/files/1/0908/5508/0263/files/IMG-8259.heic?v=1771419884,24,"",,,,,,,,,,,,,,,,,,https://cdn.shopify.com/s/files/1/0908/5508/0263/files/IMG-8259.heic?v=1771419884,kg,,,
peps-⚡️pampilles-interchangeable-avec-ou-sans-creoles,,,,,,,,,🧡 allongée /or,,,,,,,,,0.0,shopify,1,deny,manual,8.00,,true,true,,,,,,https://cdn.shopify.com/s/files/1/0908/5508/0263/files/IMG-8260.heic?v=1771419945,25,"",,,,,,,,,,,,,,,,,,https://cdn.shopify.com/s/files/1/0908/5508/0263/files/IMG-8260.heic?v=1771419945,kg,,,
peps-⚡️pampilles-interchangeable-avec-ou-sans-creoles,,,,,,,,,🧡 🍊 corail /or,,,,,,,,,0.0,shopify,1,deny,manual,8.00,,true,true,,,,,,https://cdn.shopify.com/s/files/1/0908/5508/0263/files/IMG-8261.heic?v=1771420001,26,"",,,,,,,,,,,,,,,,,,https://cdn.shopify.com/s/files/1/0908/5508/0263/files/IMG-8261.heic?v=1771420001,kg,,,
peps-⚡️pampilles-interchangeable-avec-ou-sans-creoles,,,,,,,,,🌸 🍊 corail-or,,,,,,,,,0.0,shopify,1,deny,manual,8.00,,true,true,,,,,,https://cdn.shopify.com/s/files/1/0908/5508/0263/files/IMG-8262.heic?v=1771420033,27,"",,,,,,,,,,,,,,,,,,https://cdn.shopify.com/s/files/1/0908/5508/0263/files/IMG-8262.heic?v=1771420033,kg,,,
peps-⚡️pampilles-interchangeable-avec-ou-sans-creoles,,,,,,,,,Peps ⚡️ 🌸 🍊 corail /or,,,,,,,,,0.0,shopify,1,deny,manual,8.00,,true,true,,,,,,https://cdn.shopify.com/s/files/1/0908/5508/0263/files/IMG-8263.heic?v=1771420074,28,"",,,,,,,,,,,,,,,,,,https://cdn.shopify.com/s/files/1/0908/5508/0263/files/IMG-8263.heic?v=1771420074,kg,,,
peps-⚡️pampilles-interchangeable-avec-ou-sans-creoles,,,,,,,,,Peps ⚡️ Orange/rose/or,,,,,,,,,0.0,shopify,1,deny,manual,8.00,,true,true,,,,,,https://cdn.shopify.com/s/files/1/0908/5508/0263/files/IMG-8264.heic?v=1771420114,29,"",,,,,,,,,,,,,,,,,,https://cdn.shopify.com/s/files/1/0908/5508/0263/files/IMG-8264.heic?v=1771420114,kg,,,
vibrations-pampilles-interchangeables-avec-ou-sans-pampilles,Vibrations 🫨,"<p>Collection Vibrations:</p>
<p>Des couleurs qui osent, des formes qui vivent..</p>
<p>Unique colorée,assumée : comme toi.</p>
<p class=""p1""><span class=""s1"">Chaque pièce est fabriquée à la main en pâte polymère, certaine sont recouverte de résine.</span></p>
<p class=""p1""><span class=""s1"">Un matériau très délicat, léger et confortable.</span></p>
<p class=""p1""><span class=""s1"">En raison de la nature artisanale de mes produits, aucun produit ne peut être recréé exactement à l'identique. Vous obtiendrez toujours un modèle fait main unique qui correspond à votre style.</span></p>
<p class=""p1""><span class=""s1"">Conseils d'entretien : à conserver dans un endroit propre et sec. Tenir à l'écart des huiles, crèmes, parfums, etc. Ne pas porter dans l'eau. Peut se briser en cas de chute ou de torsion. Pour nettoyer la pâte polymère, frottez doucement avec un chiffon doux.</span></p>
<p><span>Créoles non incluses.</span></p>
<p><span>Les créoles peuvent être choisies et commandées séparément afin de personnaliser votre bijou.</span></p>",JOLANANAS,Apparel & Accessories > Jewelry > Earrings,"","",true,Vibrations,Vibrations 1,,,,,,,,,0.0,shopify,1,deny,manual,8.00,,true,true,,,,,,https://cdn.shopify.com/s/files/1/0908/5508/0263/files/F34E0C54-1BB2-4C15-A271-31BC6B6D0FC6.jpg?v=1763119033,1,"",false,,,adultes,,,multicolore,pendante,,,polymere; resine; acier-inoxydable,bijoux-pate-polymere,,,,feminin,,https://cdn.shopify.com/s/files/1/0908/5508/0263/files/F34E0C54-1BB2-4C15-A271-31BC6B6D0FC6.jpg?v=1763119033,kg,,,active
vibrations-pampilles-interchangeables-avec-ou-sans-pampilles,,,,,,,,,Vibrations  3,,,,,,,,,0.0,shopify,1,deny,manual,8.00,,true,true,,,,,,https://cdn.shopify.com/s/files/1/0908/5508/0263/files/408DEEE8-95C1-4AAD-B9F6-A10D9166139B.jpg?v=1763119091,2,"",,,,,,,,,,,,,,,,,,https://cdn.shopify.com/s/files/1/0908/5508/0263/files/408DEEE8-95C1-4AAD-B9F6-A10D9166139B.jpg?v=1763119091,kg,,,
vibrations-pampilles-interchangeables-avec-ou-sans-pampilles,,,,,,,,,Vibrations 2,,,,,,,,,0.0,shopify,1,deny,manual,8.00,,true,true,,,,,,https://cdn.shopify.com/s/files/1/0908/5508/0263/files/DC49116C-FE7B-4AB8-9490-C7E38C22EC6F.jpg?v=1763119135,3,"",,,,,,,,,,,,,,,,,,https://cdn.shopify.com/s/files/1/0908/5508/0263/files/DC49116C-FE7B-4AB8-9490-C7E38C22EC6F.jpg?v=1763119135,kg,,,
vibrations-pampilles-interchangeables-avec-ou-sans-pampilles,,,,,,,,,Vibrations 4,,,,,,,,,0.0,shopify,1,deny,manual,8.00,,true,true,,,,,,https://cdn.shopify.com/s/files/1/0908/5508/0263/files/8447BC73-288A-4B8C-882A-198C5BCB4068.jpg?v=1763119164,4,"",,,,,,,,,,,,,,,,,,https://cdn.shopify.com/s/files/1/0908/5508/0263/files/8447BC73-288A-4B8C-882A-198C5BCB4068.jpg?v=1763119164,kg,,,
vibrations-pampilles-interchangeables-avec-ou-sans-pampilles,,,,,,,,,Vibrations 5,,,,,,,,,0.0,shopify,1,deny,manual,8.00,,true,true,,,,,,https://cdn.shopify.com/s/files/1/0908/5508/0263/files/50B4E12A-6CF8-4C22-B34F-106164F3AA7D.jpg?v=1763119208,5,"",,,,,,,,,,,,,,,,,,https://cdn.shopify.com/s/files/1/0908/5508/0263/files/50B4E12A-6CF8-4C22-B34F-106164F3AA7D.jpg?v=1763119208,kg,,,
vibrations-pampilles-interchangeables-avec-ou-sans-pampilles,,,,,,,,,Vibrations 6,,,,,,,,,0.0,shopify,1,deny,manual,8.00,,true,true,,,,,,https://cdn.shopify.com/s/files/1/0908/5508/0263/files/6367F64B-CD72-4410-8946-1991FC084629.jpg?v=1763119234,6,"",,,,,,,,,,,,,,,,,,https://cdn.shopify.com/s/files/1/0908/5508/0263/files/6367F64B-CD72-4410-8946-1991FC084629.jpg?v=1763119234,kg,,,
vibrations-pampilles-interchangeables-avec-ou-sans-pampilles,,,,,,,,,Vibrations 7,,,,,,,,,0.0,shopify,1,deny,manual,8.00,,true,true,,,,,,https://cdn.shopify.com/s/files/1/0908/5508/0263/files/B476B3EC-CA45-4250-B603-DA65033F11AA.jpg?v=1763119263,7,"",,,,,,,,,,,,,,,,,,https://cdn.shopify.com/s/files/1/0908/5508/0263/files/B476B3EC-CA45-4250-B603-DA65033F11AA.jpg?v=1763119263,kg,,,
vibrations-pampilles-interchangeables-avec-ou-sans-pampilles,,,,,,,,,Vibrations 8,,,,,,,,,0.0,shopify,1,deny,manual,8.00,,true,true,,,,,,https://cdn.shopify.com/s/files/1/0908/5508/0263/files/BB89DEF9-83D8-4396-BB3E-5FB4A338D4D5.jpg?v=1763119302,8,"",,,,,,,,,,,,,,,,,,https://cdn.shopify.com/s/files/1/0908/5508/0263/files/BB89DEF9-83D8-4396-BB3E-5FB4A338D4D5.jpg?v=1763119302,kg,,,
vibrations-pampilles-interchangeables-avec-ou-sans-pampilles,,,,,,,,,Vibrations 9,,,,,,,,,0.0,shopify,1,deny,manual,8.00,,true,true,,,,,,https://cdn.shopify.com/s/files/1/0908/5508/0263/files/6513EC6E-8327-40B5-9C95-8C0017799EDF.jpg?v=1763119329,9,"",,,,,,,,,,,,,,,,,,https://cdn.shopify.com/s/files/1/0908/5508/0263/files/6513EC6E-8327-40B5-9C95-8C0017799EDF.jpg?v=1763119329,kg,,,
vibrations-pampilles-interchangeables-avec-ou-sans-pampilles,,,,,,,,,Vibrations 10,,,,,,,,,0.0,shopify,1,deny,manual,8.00,,true,true,,,,,,https://cdn.shopify.com/s/files/1/0908/5508/0263/files/D977D43A-B347-4011-BDF5-6C54969BE692.jpg?v=1763119355,10,"",,,,,,,,,,,,,,,,,,https://cdn.shopify.com/s/files/1/0908/5508/0263/files/D977D43A-B347-4011-BDF5-6C54969BE692.jpg?v=1763119355,kg,,,
vibrations-pampilles-interchangeables-avec-ou-sans-pampilles,,,,,,,,,Vibrations 11,,,,,,,,,0.0,shopify,1,deny,manual,8.00,,true,true,,,,,,https://cdn.shopify.com/s/files/1/0908/5508/0263/files/B8F9B3E2-0FE3-411A-9BC2-E5BBF6728EEA.jpg?v=1763119381,11,"",,,,,,,,,,,,,,,,,,https://cdn.shopify.com/s/files/1/0908/5508/0263/files/B8F9B3E2-0FE3-411A-9BC2-E5BBF6728EEA.jpg?v=1763119381,kg,,,
vibrations-pampilles-interchangeables-avec-ou-sans-pampilles,,,,,,,,,Vibrations 12,,,,,,,,,0.0,shopify,1,deny,manual,8.00,,true,true,,,,,,https://cdn.shopify.com/s/files/1/0908/5508/0263/files/A258C743-4013-49A7-9D76-574DF52E524C.jpg?v=1763119415,12,"",,,,,,,,,,,,,,,,,,https://cdn.shopify.com/s/files/1/0908/5508/0263/files/A258C743-4013-49A7-9D76-574DF52E524C.jpg?v=1763119415,kg,,,
vibrations-pampilles-interchangeables-avec-ou-sans-pampilles,,,,,,,,,Vibrations 13,,,,,,,,,0.0,shopify,1,deny,manual,8.00,,true,true,,,,,,https://cdn.shopify.com/s/files/1/0908/5508/0263/files/CF08E66C-21A3-4344-BFF8-E634E0F20661.jpg?v=1763119453,13,"",,,,,,,,,,,,,,,,,,https://cdn.shopify.com/s/files/1/0908/5508/0263/files/CF08E66C-21A3-4344-BFF8-E634E0F20661.jpg?v=1763119453,kg,,,
vibrations-pampilles-interchangeables-avec-ou-sans-pampilles,,,,,,,,,Vibrations 14,,,,,,,,,0.0,shopify,1,deny,manual,8.00,,true,true,,,,,,https://cdn.shopify.com/s/files/1/0908/5508/0263/files/CEC62AE4-430C-434E-8DB6-41E56B0E507B.jpg?v=1763119484,14,"",,,,,,,,,,,,,,,,,,https://cdn.shopify.com/s/files/1/0908/5508/0263/files/CEC62AE4-430C-434E-8DB6-41E56B0E507B.jpg?v=1763119484,kg,,,
vibrations-pampilles-interchangeables-avec-ou-sans-pampilles,,,,,,,,,Vibrations 15,,,,,,,,,0.0,shopify,1,deny,manual,8.00,,true,true,,,,,,https://cdn.shopify.com/s/files/1/0908/5508/0263/files/DEAEB84F-DB0F-488B-9CF7-255F6DC453C9.jpg?v=1763119513,15,"",,,,,,,,,,,,,,,,,,https://cdn.shopify.com/s/files/1/0908/5508/0263/files/DEAEB84F-DB0F-488B-9CF7-255F6DC453C9.jpg?v=1763119513,kg,,,
vibrations-pampilles-interchangeables-avec-ou-sans-pampilles,,,,,,,,,Vibrations  16,,,,,,,,,0.0,shopify,1,deny,manual,8.00,,true,true,,,,,,https://cdn.shopify.com/s/files/1/0908/5508/0263/files/99C5DC4C-DF66-4C2F-A1A2-D35313016D43.jpg?v=1763119528,16,"",,,,,,,,,,,,,,,,,,https://cdn.shopify.com/s/files/1/0908/5508/0263/files/99C5DC4C-DF66-4C2F-A1A2-D35313016D43.jpg?v=1763119528,kg,,,
🌿green-spirit-pampilles-interchangeables-avec-ou-sans-creoles,🌿Green Spirit,"<p><span>Collection 🌿Green Spirit<span class=""Apple-converted-space""> :</span></span></p>
<p>L’élégance qui respire la nature.</p>
<p>Un souffle de nature à porter, simplement au quotidien.<br><span></span></p>
<p>Chaque pièce est fabriquée à la main en pâte polymère, certaine sont recouverte de résine.</p>
<p class=""p1""><span class=""s1"">Un matériau très délicat, léger et confortable.</span></p>
<p class=""p1""><span class=""s1"">En raison de la nature artisanale de mes produits, aucun produit ne peut être recréé exactement à l'identique. Vous obtiendrez toujours un modèle fait main unique qui correspond à votre style.</span></p>
<p class=""p1""><span class=""s1"">Conseils d'entretien : à conserver dans un endroit propre et sec. Tenir à l'écart des huiles, crèmes, parfums, etc. Ne pas porter dans l'eau. Peut se briser en cas de chute ou de torsion. Pour nettoyer la pâte polymère, frottez doucement avec un chiffon doux.</span></p>
<p><span>Créoles non incluses.</span></p>
<p><span>Les créoles peuvent être choisies et commandées séparément afin de personnaliser votre bijou.</span></p>
<p class=""p1""> </p>",JOLANANAS,Apparel & Accessories > Jewelry > Earrings,"","",true,🌿 Green Spirit,🌿Green Spirit 1,,,,,,,,,0.0,shopify,1,deny,manual,8.00,,true,true,,,,,,https://cdn.shopify.com/s/files/1/0908/5508/0263/files/EA06B757-F789-40BB-BE57-E9357540D16E.jpg?v=1763115791,1,"",false,,,adultes,,,or; argent; clair; vert; multicolore,diminue; pendante,,,polymere; resine; acier-inoxydable,bijoux-pate-polymere,,,,feminin,,https://cdn.shopify.com/s/files/1/0908/5508/0263/files/EA06B757-F789-40BB-BE57-E9357540D16E.jpg?v=1763115791,kg,,,active
🌿green-spirit-pampilles-interchangeables-avec-ou-sans-creoles,,,,,,,,,🌿Green Spirit 2,,,,,,,,,0.0,shopify,1,deny,manual,8.00,,true,true,,,,,,https://cdn.shopify.com/s/files/1/0908/5508/0263/files/757F321D-4151-484C-AE83-DFB8C061698A.jpg?v=1763115822,2,"",,,,,,,,,,,,,,,,,,https://cdn.shopify.com/s/files/1/0908/5508/0263/files/757F321D-4151-484C-AE83-DFB8C061698A.jpg?v=1763115822,kg,,,
🌿green-spirit-pampilles-interchangeables-avec-ou-sans-creoles,,,,,,,,,🌿Green Spirit 3,,,,,,,,,0.0,shopify,1,deny,manual,8.00,,true,true,,,,,,https://cdn.shopify.com/s/files/1/0908/5508/0263/files/CFC3F8EC-6DBC-411D-8C31-E5AA8EB6A614.jpg?v=1763115852,3,"",,,,,,,,,,,,,,,,,,https://cdn.shopify.com/s/files/1/0908/5508/0263/files/CFC3F8EC-6DBC-411D-8C31-E5AA8EB6A614.jpg?v=1763115852,kg,,,
🌿green-spirit-pampilles-interchangeables-avec-ou-sans-creoles,,,,,,,,,🌿Green Spirit 5,,,,,,,,,0.0,shopify,1,deny,manual,8.00,,true,true,,,,,,https://cdn.shopify.com/s/files/1/0908/5508/0263/files/0A020607-CA28-455A-9265-6E1BD1EDE187.jpg?v=1763115926,4,"",,,,,,,,,,,,,,,,,,https://cdn.shopify.com/s/files/1/0908/5508/0263/files/0A020607-CA28-455A-9265-6E1BD1EDE187.jpg?v=1763115926,kg,,,
🌿green-spirit-pampilles-interchangeables-avec-ou-sans-creoles,,,,,,,,,🌿Green Spirit 6,,,,,,,,,0.0,shopify,1,deny,manual,8.00,,true,true,,,,,,https://cdn.shopify.com/s/files/1/0908/5508/0263/files/09423ED4-5120-4854-BAEF-79E66F785D9C.jpg?v=1763115988,5,"",,,,,,,,,,,,,,,,,,https://cdn.shopify.com/s/files/1/0908/5508/0263/files/09423ED4-5120-4854-BAEF-79E66F785D9C.jpg?v=1763115988,kg,,,
🌿green-spirit-pampilles-interchangeables-avec-ou-sans-creoles,,,,,,,,,🌿Green Spirit 7,,,,,,,,,0.0,shopify,1,deny,manual,8.00,,true,true,,,,,,https://cdn.shopify.com/s/files/1/0908/5508/0263/files/487FD2E3-0E7A-4B86-9A86-24B861709FBA.jpg?v=1763116025,6,"",,,,,,,,,,,,,,,,,,https://cdn.shopify.com/s/files/1/0908/5508/0263/files/487FD2E3-0E7A-4B86-9A86-24B861709FBA.jpg?v=1763116025,kg,,,
🌿green-spirit-pampilles-interchangeables-avec-ou-sans-creoles,,,,,,,,,🌿Green Spirit 8,,,,,,,,,0.0,shopify,1,deny,manual,8.00,,true,true,,,,,,https://cdn.shopify.com/s/files/1/0908/5508/0263/files/3031B1EF-B854-4C70-A3F9-34EF08E76903.jpg?v=1763116049,7,"",,,,,,,,,,,,,,,,,,https://cdn.shopify.com/s/files/1/0908/5508/0263/files/3031B1EF-B854-4C70-A3F9-34EF08E76903.jpg?v=1763116049,kg,,,
🌿green-spirit-pampilles-interchangeables-avec-ou-sans-creoles,,,,,,,,,🌿Green Spirit 9,,,,,,,,,0.0,shopify,1,deny,manual,8.00,,true,true,,,,,,https://cdn.shopify.com/s/files/1/0908/5508/0263/files/5DF85637-5E81-4BDD-A265-7F88BC88D452.jpg?v=1763116087,8,"",,,,,,,,,,,,,,,,,,https://cdn.shopify.com/s/files/1/0908/5508/0263/files/5DF85637-5E81-4BDD-A265-7F88BC88D452.jpg?v=1763116087,kg,,,
🌿green-spirit-pampilles-interchangeables-avec-ou-sans-creoles,,,,,,,,,🌿Green Spirit 10,,,,,,,,,0.0,shopify,1,deny,manual,8.00,,true,true,,,,,,https://cdn.shopify.com/s/files/1/0908/5508/0263/files/E4E67E8F-1E01-4F3C-BDE2-6A98B3A5C519.jpg?v=1763116113,9,"",,,,,,,,,,,,,,,,,,https://cdn.shopify.com/s/files/1/0908/5508/0263/files/E4E67E8F-1E01-4F3C-BDE2-6A98B3A5C519.jpg?v=1763116113,kg,,,
🌿green-spirit-pampilles-interchangeables-avec-ou-sans-creoles,,,,,,,,,🌿Green Spirit 11,,,,,,,,,0.0,shopify,1,deny,manual,8.00,,true,true,,,,,,https://cdn.shopify.com/s/files/1/0908/5508/0263/files/3EB83B49-9733-4839-A1B9-2885D9DA2234.jpg?v=1763116142,10,"",,,,,,,,,,,,,,,,,,https://cdn.shopify.com/s/files/1/0908/5508/0263/files/3EB83B49-9733-4839-A1B9-2885D9DA2234.jpg?v=1763116142,kg,,,
🌿green-spirit-pampilles-interchangeables-avec-ou-sans-creoles,,,,,,,,,🌿Green Spirit 12,,,,,,,,,0.0,shopify,1,deny,manual,8.00,,true,true,,,,,,https://cdn.shopify.com/s/files/1/0908/5508/0263/files/CD03EEA2-7CAD-4478-8E62-674F7618ED66.jpg?v=1763116171,11,"",,,,,,,,,,,,,,,,,,https://cdn.shopify.com/s/files/1/0908/5508/0263/files/CD03EEA2-7CAD-4478-8E62-674F7618ED66.jpg?v=1763116171,kg,,,
🌿green-spirit-pampilles-interchangeables-avec-ou-sans-creoles,,,,,,,,,🌿Green Spirit 13,,,,,,,,,0.0,shopify,1,deny,manual,8.00,,true,true,,,,,,https://cdn.shopify.com/s/files/1/0908/5508/0263/files/1AD16459-51BC-4E56-9A01-8F31E5B11C88.jpg?v=1763116199,12,"",,,,,,,,,,,,,,,,,,https://cdn.shopify.com/s/files/1/0908/5508/0263/files/1AD16459-51BC-4E56-9A01-8F31E5B11C88.jpg?v=1763116199,kg,,,
🌿green-spirit-pampilles-interchangeables-avec-ou-sans-creoles,,,,,,,,,🌿Green Spirit 14,,,,,,,,,0.0,shopify,1,deny,manual,8.00,,true,true,,,,,,https://cdn.shopify.com/s/files/1/0908/5508/0263/files/53FE4D93-45DF-4D5E-BF1D-FE92D1D57C13.jpg?v=1763116227,13,"",,,,,,,,,,,,,,,,,,https://cdn.shopify.com/s/files/1/0908/5508/0263/files/53FE4D93-45DF-4D5E-BF1D-FE92D1D57C13.jpg?v=1763116227,kg,,,
🌿green-spirit-pampilles-interchangeables-avec-ou-sans-creoles,,,,,,,,,🌿Green Spirit 15,,,,,,,,,0.0,shopify,1,deny,manual,8.00,,true,true,,,,,,https://cdn.shopify.com/s/files/1/0908/5508/0263/files/EE7F76AC-A339-4498-AF1A-ED3E4DBA4D0C.jpg?v=1763116255,14,"",,,,,,,,,,,,,,,,,,https://cdn.shopify.com/s/files/1/0908/5508/0263/files/EE7F76AC-A339-4498-AF1A-ED3E4DBA4D0C.jpg?v=1763116255,kg,,,
🌿green-spirit-pampilles-interchangeables-avec-ou-sans-creoles,,,,,,,,,🌿Green Spirit 16,,,,,,,,,0.0,shopify,1,deny,manual,8.00,,true,true,,,,,,https://cdn.shopify.com/s/files/1/0908/5508/0263/files/E8222BA8-23F2-4CB9-9D6F-6D185E4983DB.jpg?v=1763116279,15,"",,,,,,,,,,,,,,,,,,https://cdn.shopify.com/s/files/1/0908/5508/0263/files/E8222BA8-23F2-4CB9-9D6F-6D185E4983DB.jpg?v=1763116279,kg,,,
🌿green-spirit-pampilles-interchangeables-avec-ou-sans-creoles,,,,,,,,,🌿Green Spirit 17,,,,,,,,,0.0,shopify,1,deny,manual,8.00,,true,true,,,,,,https://cdn.shopify.com/s/files/1/0908/5508/0263/files/061C0CC0-7391-4118-A487-048BAFDE538E.jpg?v=1763116308,16,"",,,,,,,,,,,,,,,,,,https://cdn.shopify.com/s/files/1/0908/5508/0263/files/061C0CC0-7391-4118-A487-048BAFDE538E.jpg?v=1763116308,kg,,,
🌿green-spirit-pampilles-interchangeables-avec-ou-sans-creoles,,,,,,,,,🌿Green Spirit 18,,,,,,,,,0.0,shopify,1,deny,manual,8.00,,true,true,,,,,,https://cdn.shopify.com/s/files/1/0908/5508/0263/files/97E7F94F-71CC-4B5C-B1F4-ED7860845E53.jpg?v=1763116347,17,"",,,,,,,,,,,,,,,,,,https://cdn.shopify.com/s/files/1/0908/5508/0263/files/97E7F94F-71CC-4B5C-B1F4-ED7860845E53.jpg?v=1763116347,kg,,,
🌿green-spirit-pampilles-interchangeables-avec-ou-sans-creoles,,,,,,,,,🌿Green Spirit 19,,,,,,,,,0.0,shopify,1,deny,manual,8.00,,true,true,,,,,,https://cdn.shopify.com/s/files/1/0908/5508/0263/files/41CEB76D-AA18-42C0-83ED-5E74CD2D321C.jpg?v=1763116387,18,"",,,,,,,,,,,,,,,,,,https://cdn.shopify.com/s/files/1/0908/5508/0263/files/41CEB76D-AA18-42C0-83ED-5E74CD2D321C.jpg?v=1763116387,kg,,,
🌿green-spirit-pampilles-interchangeables-avec-ou-sans-creoles,,,,,,,,,🌿Green Spirit 20,,,,,,,,,0.0,shopify,1,deny,manual,8.00,,true,true,,,,,,https://cdn.shopify.com/s/files/1/0908/5508/0263/files/F695BDAD-7782-4495-AE59-DB24DB38FB17.jpg?v=1763116414,19,"",,,,,,,,,,,,,,,,,,https://cdn.shopify.com/s/files/1/0908/5508/0263/files/F695BDAD-7782-4495-AE59-DB24DB38FB17.jpg?v=1763116414,kg,,,
🌿green-spirit-pampilles-interchangeables-avec-ou-sans-creoles,,,,,,,,,🌿 Green Spirit verte et feuille d’or,,,,,,,,,0.0,shopify,1,deny,manual,8.00,,true,true,,,,,,https://cdn.shopify.com/s/files/1/0908/5508/0263/files/341A65BD-5BA1-4672-8919-08AF72D840A8.jpg?v=1767545205,20,"",,,,,,,,,,,,,,,,,,https://cdn.shopify.com/s/files/1/0908/5508/0263/files/341A65BD-5BA1-4672-8919-08AF72D840A8.jpg?v=1767545205,kg,,,
rouge-addict-pampilles-interchangeables-avec-ou-sans-creoles,Rouge addict,"<p class=""p1""><span class=""s1"">Collection Rouge Addict :</span></p>
<p class=""p1""><span class=""s1"">Rouge qui Attire, rouge qui affirme. <br></span><span class=""s1""><br>Une collection moderne, facile à porter au quotidien.</span></p>
<p class=""p1""><span class=""s1"">Chaque pièce est fabriquée à la main en pâte polymère, certaine sont recouverte de résine.</span></p>
<p class=""p1""><span class=""s1"">Un matériau très délicat, léger et confortable.</span></p>
<p class=""p1""><span class=""s1"">En raison de la nature artisanale de mes produits, aucun produit ne peut être recréé exactement à l'identique. Vous obtiendrez toujours un modèle fait main unique qui correspond à votre style.</span></p>
<p class=""p1""><span class=""s1"">Conseils d'entretien : à conserver dans un endroit propre et sec. Tenir à l'écart des huiles, crèmes, parfums, etc. Ne pas porter dans l'eau. Peut se briser en cas de chute ou de torsion. Pour nettoyer la pâte polymère, frottez doucement avec un chiffon doux. </span></p>
<p><span>Créoles non incluses.</span></p>
<p><span>Les créoles peuvent être choisies et commandées séparément afin de personnaliser votre bijou.</span></p>",JOLANANAS,Apparel & Accessories > Jewelry > Earrings,"","",true,Rouge addict,Rouge addict 1,,,,,,,,,0.0,shopify,1,deny,manual,8.00,,true,true,,,,,,https://cdn.shopify.com/s/files/1/0908/5508/0263/files/9AF58A6F-7BB4-491D-AA91-133711D7BC95.jpg?v=1763114156,1,"",false,,,adultes,,,rouge; or; multicolore; clair,diminue,,,polymere; resine; acier-inoxydable,bijoux-pate-polymere,,,,feminin,,https://cdn.shopify.com/s/files/1/0908/5508/0263/files/9AF58A6F-7BB4-491D-AA91-133711D7BC95.jpg?v=1763114156,kg,,,active
rouge-addict-pampilles-interchangeables-avec-ou-sans-creoles,,,,,,,,,Rouge addict 2,,,,,,,,,0.0,shopify,1,deny,manual,8.00,,true,true,,,,,,https://cdn.shopify.com/s/files/1/0908/5508/0263/files/E604E4C8-9678-417C-A599-EB7185CA2D89.jpg?v=1763114199,2,"",,,,,,,,,,,,,,,,,,https://cdn.shopify.com/s/files/1/0908/5508/0263/files/E604E4C8-9678-417C-A599-EB7185CA2D89.jpg?v=1763114199,kg,,,
rouge-addict-pampilles-interchangeables-avec-ou-sans-creoles,,,,,,,,,Rouge addict 3,,,,,,,,,0.0,shopify,1,deny,manual,8.00,,true,true,,,,,,https://cdn.shopify.com/s/files/1/0908/5508/0263/files/5A548933-399A-4891-B0CF-00AE4BDDF5E2.jpg?v=1763114256,3,"",,,,,,,,,,,,,,,,,,https://cdn.shopify.com/s/files/1/0908/5508/0263/files/5A548933-399A-4891-B0CF-00AE4BDDF5E2.jpg?v=1763114256,kg,,,
rouge-addict-pampilles-interchangeables-avec-ou-sans-creoles,,,,,,,,,Rouge addict 4,,,,,,,,,0.0,shopify,1,deny,manual,8.00,,true,true,,,,,,https://cdn.shopify.com/s/files/1/0908/5508/0263/files/9C64416F-AF14-4B0D-8F44-479017F78AD5.jpg?v=1763114298,4,"",,,,,,,,,,,,,,,,,,https://cdn.shopify.com/s/files/1/0908/5508/0263/files/9C64416F-AF14-4B0D-8F44-479017F78AD5.jpg?v=1763114298,kg,,,
rouge-addict-pampilles-interchangeables-avec-ou-sans-creoles,,,,,,,,,Rouge addict  5,,,,,,,,,0.0,shopify,1,deny,manual,8.00,,true,true,,,,,,https://cdn.shopify.com/s/files/1/0908/5508/0263/files/39CA94E5-F065-422B-8C3B-8569D23698BB.jpg?v=1763114352,5,"",,,,,,,,,,,,,,,,,,https://cdn.shopify.com/s/files/1/0908/5508/0263/files/39CA94E5-F065-422B-8C3B-8569D23698BB.jpg?v=1763114352,kg,,,
rouge-addict-pampilles-interchangeables-avec-ou-sans-creoles,,,,,,,,,Rouge addict 6,,,,,,,,,0.0,shopify,1,deny,manual,8.00,,true,true,,,,,,https://cdn.shopify.com/s/files/1/0908/5508/0263/files/4F7FFD4A-E3F5-4165-833F-38D1129588F1.jpg?v=1763114389,6,"",,,,,,,,,,,,,,,,,,https://cdn.shopify.com/s/files/1/0908/5508/0263/files/4F7FFD4A-E3F5-4165-833F-38D1129588F1.jpg?v=1763114389,kg,,,
rouge-addict-pampilles-interchangeables-avec-ou-sans-creoles,,,,,,,,,Rouge addict 7,,,,,,,,,0.0,shopify,1,deny,manual,8.00,,true,true,,,,,,https://cdn.shopify.com/s/files/1/0908/5508/0263/files/03190F22-0186-4F86-BE11-94498308ACCF.jpg?v=1763114430,7,"",,,,,,,,,,,,,,,,,,https://cdn.shopify.com/s/files/1/0908/5508/0263/files/03190F22-0186-4F86-BE11-94498308ACCF.jpg?v=1763114430,kg,,,
rouge-addict-pampilles-interchangeables-avec-ou-sans-creoles,,,,,,,,,Rouge addict 8,,,,,,,,,0.0,shopify,1,deny,manual,8.00,,true,true,,,,,,https://cdn.shopify.com/s/files/1/0908/5508/0263/files/191F7883-91A3-43CF-B74B-9380FA90B5F5.jpg?v=1763114477,8,"",,,,,,,,,,,,,,,,,,https://cdn.shopify.com/s/files/1/0908/5508/0263/files/191F7883-91A3-43CF-B74B-9380FA90B5F5.jpg?v=1763114477,kg,,,
rouge-addict-pampilles-interchangeables-avec-ou-sans-creoles,,,,,,,,,Rouge addict 9,,,,,,,,,0.0,shopify,1,deny,manual,8.00,,true,true,,,,,,https://cdn.shopify.com/s/files/1/0908/5508/0263/files/20D7A10B-25AD-4A4F-870A-C9070D5FF380.jpg?v=1763114512,9,"",,,,,,,,,,,,,,,,,,https://cdn.shopify.com/s/files/1/0908/5508/0263/files/20D7A10B-25AD-4A4F-870A-C9070D5FF380.jpg?v=1763114512,kg,,,
rouge-addict-pampilles-interchangeables-avec-ou-sans-creoles,,,,,,,,,Rouge addict 10,,,,,,,,,0.0,shopify,1,deny,manual,8.00,,true,true,,,,,,https://cdn.shopify.com/s/files/1/0908/5508/0263/files/B8FEAE9C-151F-4318-A7B4-E95132D250B4.jpg?v=1763114551,10,"",,,,,,,,,,,,,,,,,,https://cdn.shopify.com/s/files/1/0908/5508/0263/files/B8FEAE9C-151F-4318-A7B4-E95132D250B4.jpg?v=1763114551,kg,,,
rouge-addict-pampilles-interchangeables-avec-ou-sans-creoles,,,,,,,,,Rouge addict 11,,,,,,,,,0.0,shopify,1,deny,manual,8.00,,true,true,,,,,,https://cdn.shopify.com/s/files/1/0908/5508/0263/files/2B2188FF-D526-48C1-B2FB-72E4C3F9B445.jpg?v=1763114605,11,"",,,,,,,,,,,,,,,,,,https://cdn.shopify.com/s/files/1/0908/5508/0263/files/2B2188FF-D526-48C1-B2FB-72E4C3F9B445.jpg?v=1763114605,kg,,,
rouge-addict-pampilles-interchangeables-avec-ou-sans-creoles,,,,,,,,,Rouge addict 12,,,,,,,,,0.0,shopify,1,deny,manual,8.00,,true,true,,,,,,https://cdn.shopify.com/s/files/1/0908/5508/0263/files/32B609E8-4732-4DEB-9C4F-CBC6024AD4D6.jpg?v=1763114657,12,"",,,,,,,,,,,,,,,,,,https://cdn.shopify.com/s/files/1/0908/5508/0263/files/32B609E8-4732-4DEB-9C4F-CBC6024AD4D6.jpg?v=1763114657,kg,,,
rouge-addict-pampilles-interchangeables-avec-ou-sans-creoles,,,,,,,,,Rouge addict  13,,,,,,,,,0.0,shopify,1,deny,manual,8.00,,true,true,,,,,,https://cdn.shopify.com/s/files/1/0908/5508/0263/files/12FD5618-7708-41D2-BA90-6D2B0898CE56.jpg?v=1763114707,13,"",,,,,,,,,,,,,,,,,,https://cdn.shopify.com/s/files/1/0908/5508/0263/files/12FD5618-7708-41D2-BA90-6D2B0898CE56.jpg?v=1763114707,kg,,,
rouge-addict-pampilles-interchangeables-avec-ou-sans-creoles,,,,,,,,,Rouge addict 14,,,,,,,,,0.0,shopify,1,deny,manual,8.00,,true,true,,,,,,https://cdn.shopify.com/s/files/1/0908/5508/0263/files/52256F41-90A9-41C4-ACAF-15E4385A0EB3.jpg?v=1763114756,14,"",,,,,,,,,,,,,,,,,,https://cdn.shopify.com/s/files/1/0908/5508/0263/files/52256F41-90A9-41C4-ACAF-15E4385A0EB3.jpg?v=1763114756,kg,,,
rouge-addict-pampilles-interchangeables-avec-ou-sans-creoles,,,,,,,,,Rouge addict 15,,,,,,,,,0.0,shopify,1,deny,manual,8.00,,true,true,,,,,,https://cdn.shopify.com/s/files/1/0908/5508/0263/files/1A1528BB-3F9F-4671-93B5-AB372B9CCDA5.jpg?v=1763114813,15,"",,,,,,,,,,,,,,,,,,https://cdn.shopify.com/s/files/1/0908/5508/0263/files/1A1528BB-3F9F-4671-93B5-AB372B9CCDA5.jpg?v=1763114813,kg,,,
rouge-addict-pampilles-interchangeables-avec-ou-sans-creoles,,,,,,,,,Rouge addict 16,,,,,,,,,0.0,shopify,1,deny,manual,8.00,,true,true,,,,,,https://cdn.shopify.com/s/files/1/0908/5508/0263/files/42EA44BC-B666-4B66-98E6-7860FADC35C3.jpg?v=1763114862,16,"",,,,,,,,,,,,,,,,,,https://cdn.shopify.com/s/files/1/0908/5508/0263/files/42EA44BC-B666-4B66-98E6-7860FADC35C3.jpg?v=1763114862,kg,,,
rouge-addict-pampilles-interchangeables-avec-ou-sans-creoles,,,,,,,,,Rouge addict 17,,,,,,,,,0.0,shopify,1,deny,manual,8.00,,true,true,,,,,,https://cdn.shopify.com/s/files/1/0908/5508/0263/files/A8FF46F3-475C-4395-BBAB-27536C8C3464.jpg?v=1763114909,17,"",,,,,,,,,,,,,,,,,,https://cdn.shopify.com/s/files/1/0908/5508/0263/files/A8FF46F3-475C-4395-BBAB-27536C8C3464.jpg?v=1763114909,kg,,,
rouge-addict-pampilles-interchangeables-avec-ou-sans-creoles,,,,,,,,,Rouge addict 18,,,,,,,,,0.0,shopify,1,deny,manual,8.00,,true,true,,,,,,https://cdn.shopify.com/s/files/1/0908/5508/0263/files/C7F747D0-44ED-48E4-A7FD-C60192DEC73F.jpg?v=1763114946,18,"",,,,,,,,,,,,,,,,,,https://cdn.shopify.com/s/files/1/0908/5508/0263/files/C7F747D0-44ED-48E4-A7FD-C60192DEC73F.jpg?v=1763114946,kg,,,
rouge-addict-pampilles-interchangeables-avec-ou-sans-creoles,,,,,,,,,Rouge addict 🟥▫️,,,,,,,,,0.0,shopify,1,deny,manual,8.00,,true,true,,,,,,https://cdn.shopify.com/s/files/1/0908/5508/0263/files/BA1A094F-FBB8-482E-953C-4189511D71A4.jpg?v=1767548053,19,"",,,,,,,,,,,,,,,,,,https://cdn.shopify.com/s/files/1/0908/5508/0263/files/BA1A094F-FBB8-482E-953C-4189511D71A4.jpg?v=1767548053,kg,,,
rouge-addict-pampilles-interchangeables-avec-ou-sans-creoles,,,,,,,,,Rouge addict 🔴⚪️,,,,,,,,,0.0,shopify,1,deny,manual,8.00,,true,true,,,,,,https://cdn.shopify.com/s/files/1/0908/5508/0263/files/43FD6374-22B6-4229-B4C3-DBC78C061BBA.jpg?v=1767548214,20,"",,,,,,,,,,,,,,,,,,https://cdn.shopify.com/s/files/1/0908/5508/0263/files/43FD6374-22B6-4229-B4C3-DBC78C061BBA.jpg?v=1767548214,kg,,,
rouge-addict-pampilles-interchangeables-avec-ou-sans-creoles,,,,,,,,,Rouge addict ♥️ feuille d’or,,,,,,,,,0.0,shopify,1,deny,manual,8.00,,true,true,,,,,,https://cdn.shopify.com/s/files/1/0908/5508/0263/files/0097B674-57D3-4715-BAF9-1BAB338E8A13.jpg?v=1767548337,21,"",,,,,,,,,,,,,,,,,,https://cdn.shopify.com/s/files/1/0908/5508/0263/files/0097B674-57D3-4715-BAF9-1BAB338E8A13.jpg?v=1767548337,kg,,,
rouge-addict-pampilles-interchangeables-avec-ou-sans-creoles,,,,,,,,,Rouge addict et or,,,,,,,,,0.0,shopify,1,deny,manual,8.00,,true,true,,,,,,https://cdn.shopify.com/s/files/1/0908/5508/0263/files/010968DA-416C-4269-8FF1-21104000BE57.jpg?v=1767548394,22,"",,,,,,,,,,,,,,,,,,https://cdn.shopify.com/s/files/1/0908/5508/0263/files/010968DA-416C-4269-8FF1-21104000BE57.jpg?v=1767548394,kg,,,
rouge-addict-pampilles-interchangeables-avec-ou-sans-creoles,,,,,,,,,Rouge addict et blanc,,,,,,,,,0.0,shopify,1,deny,manual,8.00,,true,true,,,,,,https://cdn.shopify.com/s/files/1/0908/5508/0263/files/145C861E-5C84-478E-BDF1-45550CBCB65C.jpg?v=1767548445,23,"",,,,,,,,,,,,,,,,,,https://cdn.shopify.com/s/files/1/0908/5508/0263/files/145C861E-5C84-478E-BDF1-45550CBCB65C.jpg?v=1767548445,kg,,,
rouge-addict-pampilles-interchangeables-avec-ou-sans-creoles,,,,,,,,,Rouge addict & feuille d’or,,,,,,,,,0.0,shopify,1,deny,manual,8.00,,true,true,,,,,,https://cdn.shopify.com/s/files/1/0908/5508/0263/files/AE8334E6-1063-404E-A540-1684762F3A07.jpg?v=1767548502,24,"",,,,,,,,,,,,,,,,,,https://cdn.shopify.com/s/files/1/0908/5508/0263/files/AE8334E6-1063-404E-A540-1684762F3A07.jpg?v=1767548502,kg,,,
sans-titre-13nov-_14-01,Lilas Sauvage 💜,"<p>Collection : Lilas Sauvage 💜</p>
<p class=""p1""><span class=""s1"">Une collection moderne, Lumineuse , féminine, vibrante…facile à porter au quotidien.</span></p>
<p class=""p1""><span class=""s1"">Chaque pièce est fabriquée à la main en pâte polymère, certaine sont recouverte de résine.</span></p>
<p class=""p1""><span class=""s1"">Un matériau très délicat, léger et confortable.</span></p>
<p class=""p1""><span class=""s1"">En raison de la nature artisanale de mes produits, aucun produit ne peut être recréé exactement à l'identique. Vous obtiendrez toujours un modèle fait main unique qui correspond à votre style.</span></p>
<p class=""p1""><span class=""s1"">Conseils d'entretien : à conserver dans un endroit propre et sec. Tenir à l'écart des huiles, crèmes, parfums, etc. Ne pas porter dans l'eau. Peut se briser en cas de chute ou de torsion. Pour nettoyer la pâte polymère, frottez doucement avec un chiffon doux.</span></p>
<p><span>Créoles non incluses.</span></p>
<p><span>Les créoles peuvent être choisies et commandées séparément afin de personnaliser votre bijou.</span></p>
<p><span> </span></p>",JOLANANAS,Apparel & Accessories > Jewelry > Earrings,"","",true,Lilas Sauvage 💜,Lilas Sauvage 💜  2,,,,,,,,,0.0,shopify,1,deny,manual,8.00,,true,true,,,,,,https://cdn.shopify.com/s/files/1/0908/5508/0263/files/A637165B-AB24-4DCC-A70A-5ED2D46E164A.jpg?v=1763039401,1,"",false,,,,,,violet; clair; multicolore,,,,polymere; resine; acier-inoxydable,bijoux-pate-polymere,,,,,,https://cdn.shopify.com/s/files/1/0908/5508/0263/files/A637165B-AB24-4DCC-A70A-5ED2D46E164A.jpg?v=1763039401,kg,,,active
sans-titre-13nov-_14-01,,,,,,,,,Lilas Sauvage 💜  3,,,,,,,,,0.0,shopify,1,deny,manual,8.00,,true,true,,,,,,https://cdn.shopify.com/s/files/1/0908/5508/0263/files/4C6BB16A-66A5-4D27-B431-5C19EE44BDDB.jpg?v=1763041340,2,"",,,,,,,,,,,,,,,,,,https://cdn.shopify.com/s/files/1/0908/5508/0263/files/4C6BB16A-66A5-4D27-B431-5C19EE44BDDB.jpg?v=1763041340,kg,,,
sans-titre-13nov-_14-01,,,,,,,,,Lilas Sauvage 💜  4,,,,,,,,,0.0,shopify,1,deny,manual,8.00,,true,true,,,,,,https://cdn.shopify.com/s/files/1/0908/5508/0263/files/16AF5ECB-37E9-4649-BAD4-BE4E20564C9E.jpg?v=1763041378,3,"",,,,,,,,,,,,,,,,,,https://cdn.shopify.com/s/files/1/0908/5508/0263/files/16AF5ECB-37E9-4649-BAD4-BE4E20564C9E.jpg?v=1763041378,kg,,,
sans-titre-13nov-_14-01,,,,,,,,,Lilas Sauvage 💜  5,,,,,,,,,0.0,shopify,1,deny,manual,8.00,,true,true,,,,,,https://cdn.shopify.com/s/files/1/0908/5508/0263/files/A40CD833-B115-4677-9393-BD861A374935.jpg?v=1763041412,4,"",,,,,,,,,,,,,,,,,,https://cdn.shopify.com/s/files/1/0908/5508/0263/files/A40CD833-B115-4677-9393-BD861A374935.jpg?v=1763041412,kg,,,
sans-titre-13nov-_14-01,,,,,,,,,Lilas Sauvage 💜 6,,,,,,,,,0.0,shopify,1,deny,manual,8.00,,true,true,,,,,,https://cdn.shopify.com/s/files/1/0908/5508/0263/files/3CC063CB-136A-4C22-B96F-0A28EAEA0041.jpg?v=1763041451,5,"",,,,,,,,,,,,,,,,,,https://cdn.shopify.com/s/files/1/0908/5508/0263/files/3CC063CB-136A-4C22-B96F-0A28EAEA0041.jpg?v=1763041451,kg,,,
sans-titre-13nov-_14-01,,,,,,,,,Lilas Sauvage 💜  7,,,,,,,,,0.0,shopify,1,deny,manual,8.00,,true,true,,,,,,https://cdn.shopify.com/s/files/1/0908/5508/0263/files/A3B49B42-460D-4122-A7B2-0A70D9D1E4D9.jpg?v=1763041485,6,"",,,,,,,,,,,,,,,,,,https://cdn.shopify.com/s/files/1/0908/5508/0263/files/A3B49B42-460D-4122-A7B2-0A70D9D1E4D9.jpg?v=1763041485,kg,,,
sans-titre-13nov-_14-01,,,,,,,,,Lilas Sauvage 💜 8,,,,,,,,,0.0,shopify,1,deny,manual,8.00,,true,true,,,,,,https://cdn.shopify.com/s/files/1/0908/5508/0263/files/F0BEAA28-E5F6-4398-A9F1-37726B2866DE.jpg?v=1763041532,7,"",,,,,,,,,,,,,,,,,,https://cdn.shopify.com/s/files/1/0908/5508/0263/files/F0BEAA28-E5F6-4398-A9F1-37726B2866DE.jpg?v=1763041532,kg,,,
sans-titre-13nov-_14-01,,,,,,,,,Lilas Sauvage 💜 9,,,,,,,,,0.0,shopify,1,deny,manual,8.00,,true,true,,,,,,https://cdn.shopify.com/s/files/1/0908/5508/0263/files/CC7EA10A-1969-46FC-8F2E-A893FEFC1AD5.jpg?v=1763041568,8,"",,,,,,,,,,,,,,,,,,https://cdn.shopify.com/s/files/1/0908/5508/0263/files/CC7EA10A-1969-46FC-8F2E-A893FEFC1AD5.jpg?v=1763041568,kg,,,
sans-titre-13nov-_14-01,,,,,,,,,Lilas Sauvage 💜  10,,,,,,,,,0.0,shopify,1,deny,manual,8.00,,true,true,,,,,,https://cdn.shopify.com/s/files/1/0908/5508/0263/files/2F2F61EB-F83A-4EB4-AA0D-967BB8FE379F.jpg?v=1763041611,9,"",,,,,,,,,,,,,,,,,,https://cdn.shopify.com/s/files/1/0908/5508/0263/files/2F2F61EB-F83A-4EB4-AA0D-967BB8FE379F.jpg?v=1763041611,kg,,,
sans-titre-13nov-_14-01,,,,,,,,,Lilas Sauvage 💜  11,,,,,,,,,0.0,shopify,1,deny,manual,8.00,,true,true,,,,,,https://cdn.shopify.com/s/files/1/0908/5508/0263/files/D4026FDC-38A3-427E-A60C-22C27892AD61.jpg?v=1763041710,10,"",,,,,,,,,,,,,,,,,,https://cdn.shopify.com/s/files/1/0908/5508/0263/files/D4026FDC-38A3-427E-A60C-22C27892AD61.jpg?v=1763041710,kg,,,
sans-titre-13nov-_14-01,,,,,,,,,Lilas Sauvage 💜  12,,,,,,,,,0.0,shopify,1,deny,manual,8.00,,true,true,,,,,,https://cdn.shopify.com/s/files/1/0908/5508/0263/files/5EE1B843-1B3A-42A9-A2B6-78A71C0AEFD4.jpg?v=1763041772,11,"",,,,,,,,,,,,,,,,,,https://cdn.shopify.com/s/files/1/0908/5508/0263/files/5EE1B843-1B3A-42A9-A2B6-78A71C0AEFD4.jpg?v=1763041772,kg,,,
sans-titre-13nov-_14-01,,,,,,,,,Lilas Sauvage 💜  13,,,,,,,,,0.0,shopify,1,deny,manual,8.00,,true,true,,,,,,https://cdn.shopify.com/s/files/1/0908/5508/0263/files/FC72C77B-4530-4C62-AA24-3C8DD9F832FB.jpg?v=1763041820,12,"",,,,,,,,,,,,,,,,,,https://cdn.shopify.com/s/files/1/0908/5508/0263/files/FC72C77B-4530-4C62-AA24-3C8DD9F832FB.jpg?v=1763041820,kg,,,
sans-titre-13nov-_14-01,,,,,,,,,Lilas Sauvage 💜  14,,,,,,,,,0.0,shopify,1,deny,manual,8.00,,true,true,,,,,,https://cdn.shopify.com/s/files/1/0908/5508/0263/files/6A0F37F3-A059-472D-BB39-9D236E262A21.jpg?v=1763041894,13,"",,,,,,,,,,,,,,,,,,https://cdn.shopify.com/s/files/1/0908/5508/0263/files/6A0F37F3-A059-472D-BB39-9D236E262A21.jpg?v=1763041894,kg,,,
sans-titre-13nov-_14-01,,,,,,,,,Lilas Sauvage 💜 16,,,,,,,,,0.0,shopify,1,deny,manual,8.00,,true,true,,,,,,https://cdn.shopify.com/s/files/1/0908/5508/0263/files/A820096C-9D3C-4EF4-A939-69DBFD0651CF.jpg?v=1763042074,14,"",,,,,,,,,,,,,,,,,,https://cdn.shopify.com/s/files/1/0908/5508/0263/files/A820096C-9D3C-4EF4-A939-69DBFD0651CF.jpg?v=1763042074,kg,,,
sans-titre-13nov-_14-01,,,,,,,,,Lilas Sauvage 💜 17,,,,,,,,,0.0,shopify,1,deny,manual,8.00,,true,true,,,,,,https://cdn.shopify.com/s/files/1/0908/5508/0263/files/E4AB2A69-1B64-4FA2-9BFE-3E463381DD18.jpg?v=1763042231,15,"",,,,,,,,,,,,,,,,,,https://cdn.shopify.com/s/files/1/0908/5508/0263/files/E4AB2A69-1B64-4FA2-9BFE-3E463381DD18.jpg?v=1763042231,kg,,,
sans-titre-13nov-_14-01,,,,,,,,,Lilas Sauvage 💜 18,,,,,,,,,0.0,shopify,1,deny,manual,8.00,,true,true,,,,,,https://cdn.shopify.com/s/files/1/0908/5508/0263/files/49DF78E6-7A70-4FA6-B0B4-9E431B168821.jpg?v=1763042279,16,"",,,,,,,,,,,,,,,,,,https://cdn.shopify.com/s/files/1/0908/5508/0263/files/49DF78E6-7A70-4FA6-B0B4-9E431B168821.jpg?v=1763042279,kg,,,
sans-titre-13nov-_14-01,,,,,,,,,Lilas Sauvage 💜  19,,,,,,,,,0.0,shopify,1,deny,manual,8.00,,true,true,,,,,,https://cdn.shopify.com/s/files/1/0908/5508/0263/files/7AD6DF5B-6A44-4F5F-97E0-DB2C8C78EEEE.jpg?v=1763042318,17,"",,,,,,,,,,,,,,,,,,https://cdn.shopify.com/s/files/1/0908/5508/0263/files/7AD6DF5B-6A44-4F5F-97E0-DB2C8C78EEEE.jpg?v=1763042318,kg,,,
sans-titre-13nov-_14-01,,,,,,,,,Lilas Sauvage 💜 21,,,,,,,,,0.0,shopify,1,deny,manual,8.00,,true,true,,,,,,https://cdn.shopify.com/s/files/1/0908/5508/0263/files/664CDF1C-C1B8-4C2E-A5A2-D502A82ED796.jpg?v=1763042395,18,"",,,,,,,,,,,,,,,,,,https://cdn.shopify.com/s/files/1/0908/5508/0263/files/664CDF1C-C1B8-4C2E-A5A2-D502A82ED796.jpg?v=1763042395,kg,,,
sans-titre-13nov-_14-01,,,,,,,,,Lilas Sauvage 💜  22,,,,,,,,,0.0,shopify,1,deny,manual,8.00,,true,true,,,,,,https://cdn.shopify.com/s/files/1/0908/5508/0263/files/B506DA64-ED33-42B4-B6F7-BA29DE5FE85B.jpg?v=1763042442,19,"",,,,,,,,,,,,,,,,,,https://cdn.shopify.com/s/files/1/0908/5508/0263/files/B506DA64-ED33-42B4-B6F7-BA29DE5FE85B.jpg?v=1763042442,kg,,,
sans-titre-13nov-_14-01,,,,,,,,,Lilas Sauvage 💜 23,,,,,,,,,0.0,shopify,1,deny,manual,8.00,,true,true,,,,,,https://cdn.shopify.com/s/files/1/0908/5508/0263/files/2CE689A8-9908-41AE-B413-9EDE4843F7F0.jpg?v=1763042488,20,"",,,,,,,,,,,,,,,,,,https://cdn.shopify.com/s/files/1/0908/5508/0263/files/2CE689A8-9908-41AE-B413-9EDE4843F7F0.jpg?v=1763042488,kg,,,
sans-titre-13nov-_14-01,,,,,,,,,Lilas Sauvage 💜 24,,,,,,,,,0.0,shopify,1,deny,manual,8.00,,true,true,,,,,,https://cdn.shopify.com/s/files/1/0908/5508/0263/files/56E2D544-0BEF-4252-B56E-8706CAB92874.jpg?v=1763042545,21,"",,,,,,,,,,,,,,,,,,https://cdn.shopify.com/s/files/1/0908/5508/0263/files/56E2D544-0BEF-4252-B56E-8706CAB92874.jpg?v=1763042545,kg,,,
sans-titre-13nov-_14-01,,,,,,,,,Lilas Sauvage 💜 25,,,,,,,,,0.0,shopify,1,deny,manual,8.00,,true,true,,,,,,https://cdn.shopify.com/s/files/1/0908/5508/0263/files/28192CBD-1F5D-4BFA-B2F0-B030C405F643.jpg?v=1763042644,22,"",,,,,,,,,,,,,,,,,,https://cdn.shopify.com/s/files/1/0908/5508/0263/files/28192CBD-1F5D-4BFA-B2F0-B030C405F643.jpg?v=1763042644,kg,,,
sans-titre-13nov-_14-01,,,,,,,,,Lilas Sauvage 💜  26,,,,,,,,,0.0,shopify,1,deny,manual,8.00,,true,true,,,,,,https://cdn.shopify.com/s/files/1/0908/5508/0263/files/CEA04BEA-86F4-42BE-8D3A-9548D4ADC9B4.jpg?v=1763042719,23,"",,,,,,,,,,,,,,,,,,https://cdn.shopify.com/s/files/1/0908/5508/0263/files/CEA04BEA-86F4-42BE-8D3A-9548D4ADC9B4.jpg?v=1763042719,kg,,,
sans-titre-13nov-_14-01,,,,,,,,,Lilas Sauvage 💜  27,,,,,,,,,0.0,shopify,1,deny,manual,8.00,,true,true,,,,,,https://cdn.shopify.com/s/files/1/0908/5508/0263/files/4EB61F0E-1A93-463B-B79C-2D980BDFFD9C.jpg?v=1763042780,24,"",,,,,,,,,,,,,,,,,,https://cdn.shopify.com/s/files/1/0908/5508/0263/files/4EB61F0E-1A93-463B-B79C-2D980BDFFD9C.jpg?v=1763042780,kg,,,
sans-titre-13nov-_14-01,,,,,,,,,Lilas Sauvage 💜 28,,,,,,,,,0.0,shopify,1,deny,manual,8.00,,true,true,,,,,,https://cdn.shopify.com/s/files/1/0908/5508/0263/files/84FB9C24-9F1D-45E7-9DC9-E97DEBF1B402.jpg?v=1763042860,25,"",,,,,,,,,,,,,,,,,,https://cdn.shopify.com/s/files/1/0908/5508/0263/files/84FB9C24-9F1D-45E7-9DC9-E97DEBF1B402.jpg?v=1763042860,kg,,,
sans-titre-13nov-_14-01,,,,,,,,,Lilas Sauvage 💜  29,,,,,,,,,0.0,shopify,1,deny,manual,8.00,,true,true,,,,,,https://cdn.shopify.com/s/files/1/0908/5508/0263/files/9B5D56AC-33C5-492D-BEB9-0DDC3E583D87.jpg?v=1763115047,26,"",,,,,,,,,,,,,,,,,,https://cdn.shopify.com/s/files/1/0908/5508/0263/files/9B5D56AC-33C5-492D-BEB9-0DDC3E583D87.jpg?v=1763115047,kg,,,
sans-titre-13nov-_14-01,,,,,,,,,Lilas Sauvage 💜 30,,,,,,,,,0.0,shopify,1,deny,manual,8.00,,true,true,,,,,,https://cdn.shopify.com/s/files/1/0908/5508/0263/files/72D7E358-25E6-4C7C-BA8B-739F78546C5B.jpg?v=1763115114,27,"",,,,,,,,,,,,,,,,,,https://cdn.shopify.com/s/files/1/0908/5508/0263/files/72D7E358-25E6-4C7C-BA8B-739F78546C5B.jpg?v=1763115114,kg,,,
sans-titre-13nov-_14-01,,,,,,,,,Lilas Sauvage 💕💜 et feuille d’or,,,,,,,,,0.0,shopify,1,deny,manual,8.00,,true,true,,,,,,https://cdn.shopify.com/s/files/1/0908/5508/0263/files/4660FCFC-4146-471F-A728-1E0EFA777998.jpg?v=1767545439,28,"",,,,,,,,,,,,,,,,,,https://cdn.shopify.com/s/files/1/0908/5508/0263/files/4660FCFC-4146-471F-A728-1E0EFA777998.jpg?v=1767545439,kg,,,
sans-titre-13nov-_14-01,,,,,,,,,Lilas Sauvage 💜 touche de rose/feuille d’or,,,,,,,,,0.0,shopify,1,deny,manual,8.00,,true,true,,,,,,https://cdn.shopify.com/s/files/1/0908/5508/0263/files/3858BF2F-4199-426A-8277-F770DDBF49C2.jpg?v=1767545526,29,"",,,,,,,,,,,,,,,,,,https://cdn.shopify.com/s/files/1/0908/5508/0263/files/3858BF2F-4199-426A-8277-F770DDBF49C2.jpg?v=1767545526,kg,,,
sans-titre-13nov-_14-01,,,,,,,,,Lilas Sauvage 💜 / feuille d’or,,,,,,,,,0.0,shopify,1,deny,manual,8.00,,true,true,,,,,,https://cdn.shopify.com/s/files/1/0908/5508/0263/files/B0C8E1FD-1A1A-4FB4-B19A-A4EF499A25E6.jpg?v=1767545584,30,"",,,,,,,,,,,,,,,,,,https://cdn.shopify.com/s/files/1/0908/5508/0263/files/B0C8E1FD-1A1A-4FB4-B19A-A4EF499A25E6.jpg?v=1767545584,kg,,,
sans-titre-13nov-_14-01,,,,,,,,,Lilas Sauvage 💜🩷/ feuille d’or,,,,,,,,,0.0,shopify,1,deny,manual,8.00,,true,true,,,,,,https://cdn.shopify.com/s/files/1/0908/5508/0263/files/72A8BC67-BB55-4863-A12B-8B8BC48679FF.jpg?v=1767545735,31,"",,,,,,,,,,,,,,,,,,https://cdn.shopify.com/s/files/1/0908/5508/0263/files/72A8BC67-BB55-4863-A12B-8B8BC48679FF.jpg?v=1767545735,kg,,,
sans-titre-13nov-_14-01,,,,,,,,,Lilas Sauvage 💜 touche de rose / feuille d’or,,,,,,,,,0.0,shopify,1,deny,manual,8.00,,true,true,,,,,,https://cdn.shopify.com/s/files/1/0908/5508/0263/files/5ED89B9E-C1EF-4A91-AD2E-F97C70BCDC11.jpg?v=1767545817,32,"",,,,,,,,,,,,,,,,,,https://cdn.shopify.com/s/files/1/0908/5508/0263/files/5ED89B9E-C1EF-4A91-AD2E-F97C70BCDC11.jpg?v=1767545817,kg,,,
sans-titre-13nov-_14-01,,,,,,,,,Lilas Sauvage 💜 💗feuille d’or,,,,,,,,,0.0,shopify,1,deny,manual,8.00,,true,true,,,,,,https://cdn.shopify.com/s/files/1/0908/5508/0263/files/0A3253BE-A832-41A5-BF83-066381D3330D.jpg?v=1767545865,33,"",,,,,,,,,,,,,,,,,,https://cdn.shopify.com/s/files/1/0908/5508/0263/files/0A3253BE-A832-41A5-BF83-066381D3330D.jpg?v=1767545865,kg,,,
sans-titre-13nov-_14-01,,,,,,,,,Lilas Sauvage 💜feuille d’or,,,,,,,,,0.0,shopify,1,deny,manual,8.00,,true,true,,,,,,https://cdn.shopify.com/s/files/1/0908/5508/0263/files/689C1A4A-1CEF-44F0-BE83-AA58D2840D9F.jpg?v=1767545981,34,"",,,,,,,,,,,,,,,,,,https://cdn.shopify.com/s/files/1/0908/5508/0263/files/689C1A4A-1CEF-44F0-BE83-AA58D2840D9F.jpg?v=1767545981,kg,,,
sans-titre-13nov-_14-01,,,,,,,,,Lilas Sauvage 💜 🎀 feuille d’or,,,,,,,,,0.0,shopify,1,deny,manual,8.00,,true,true,,,,,,https://cdn.shopify.com/s/files/1/0908/5508/0263/files/29B4AEB6-97AD-4316-BD59-226CCD1B4F4C.jpg?v=1767546076,35,"",,,,,,,,,,,,,,,,,,https://cdn.shopify.com/s/files/1/0908/5508/0263/files/29B4AEB6-97AD-4316-BD59-226CCD1B4F4C.jpg?v=1767546076,kg,,,
sans-titre-13nov-_14-01,,,,,,,,,Lilas Sauvage 🟪,,,,,,,,,0.0,shopify,1,deny,manual,8.00,,true,true,,,,,,https://cdn.shopify.com/s/files/1/0908/5508/0263/files/FB2666AD-3EED-4FEE-B38C-8DB0F45547CE.jpg?v=1767546198,36,"",,,,,,,,,,,,,,,,,,https://cdn.shopify.com/s/files/1/0908/5508/0263/files/FB2666AD-3EED-4FEE-B38C-8DB0F45547CE.jpg?v=1767546198,kg,,,
sans-titre-13nov-_14-01,,,,,,,,,Lilas Sauvage 💜 feuille d’or,,,,,,,,,0.0,shopify,1,deny,manual,8.00,,true,true,,,,,,https://cdn.shopify.com/s/files/1/0908/5508/0263/files/3670C2B3-371F-474E-A11F-E10C7BD47236.jpg?v=1767546292,37,"",,,,,,,,,,,,,,,,,,https://cdn.shopify.com/s/files/1/0908/5508/0263/files/3670C2B3-371F-474E-A11F-E10C7BD47236.jpg?v=1767546292,kg,,,
sans-titre-13nov-_14-01,,,,,,,,,Lilas Sauvage 🟣,,,,,,,,,0.0,shopify,1,deny,manual,8.00,,true,true,,,,,,https://cdn.shopify.com/s/files/1/0908/5508/0263/files/44BD91B1-4C1E-4682-A25A-32DBBBB4E7CE.jpg?v=1767546457,38,"",,,,,,,,,,,,,,,,,,https://cdn.shopify.com/s/files/1/0908/5508/0263/files/44BD91B1-4C1E-4682-A25A-32DBBBB4E7CE.jpg?v=1767546457,kg,,,
blue-mood,Blue Mood 🟦🔵🟦,"<p>Collection Blue Mood :</p>
<p>Les nuances du bleu, en version Jolananas.</p>
<p class=""p1""><span class=""s1"">Une collection moderne, chic et facile à porter au quotidien.</span></p>
<p class=""p1""><span class=""s1"">Chaque pièce est fabriquée à la main en pâte polymère, certaine sont recouverte de résine.</span></p>
<p class=""p1""><span class=""s1"">Un matériau très délicat, léger et confortable.</span></p>
<p class=""p1""><span class=""s1"">En raison de la nature artisanale de mes produits, aucun produit ne peut être recréé exactement à l'identique. Vous obtiendrez toujours un modèle fait main unique qui correspond à votre style.</span></p>
<p class=""p1""><span class=""s1"">Conseils d'entretien : à conserver dans un endroit propre et sec. Tenir à l'écart des huiles, crèmes, parfums, etc. Ne pas porter dans l'eau. Peut se briser en cas de chute ou de torsion. Pour nettoyer la pâte polymère, frottez doucement avec un chiffon doux.</span></p>
<p><span>Créoles non incluses.</span></p>
<p><span>Les créoles peuvent être choisies et commandées séparément afin de personnaliser votre bijou.</span></p>
<p class=""p1""><span class=""s1""> </span></p>",JOLANANAS,Apparel & Accessories > Jewelry > Earrings,"","",true,Blue Mood,Blue Mood,,,,,,,,,0.0,shopify,1,deny,manual,8.00,,true,true,,,,,,https://cdn.shopify.com/s/files/1/0908/5508/0263/files/C4C8AC83-2F5C-4279-86A2-D27D051747F6.jpg?v=1762991354,1,"",false,,,adultes,,,turquoise; blanc; bleu; marine,diminue,,,polymere; resine; acier-inoxydable,bijoux-pate-polymere,,,,feminin,,https://cdn.shopify.com/s/files/1/0908/5508/0263/files/C4C8AC83-2F5C-4279-86A2-D27D051747F6.jpg?v=1762991354,kg,,,active
blue-mood,,,,,,,,,Blue Mood 2,,,,,,,,,0.0,shopify,1,deny,manual,8.00,,true,true,,,,,,https://cdn.shopify.com/s/files/1/0908/5508/0263/files/92402B7A-AD57-4298-8E5B-E1CE0F9E15F7.jpg?v=1763037633,2,"",,,,,,,,,,,,,,,,,,https://cdn.shopify.com/s/files/1/0908/5508/0263/files/92402B7A-AD57-4298-8E5B-E1CE0F9E15F7.jpg?v=1763037633,kg,,,
blue-mood,,,,,,,,,Blue Mood 3,,,,,,,,,0.0,shopify,1,deny,manual,8.00,,true,true,,,,,,https://cdn.shopify.com/s/files/1/0908/5508/0263/files/38B744F8-F6A3-4B6D-A051-40FC51B61619.jpg?v=1763037748,3,"",,,,,,,,,,,,,,,,,,https://cdn.shopify.com/s/files/1/0908/5508/0263/files/38B744F8-F6A3-4B6D-A051-40FC51B61619.jpg?v=1763037748,kg,,,
blue-mood,,,,,,,,,Blue Mood  4,,,,,,,,,0.0,shopify,1,deny,manual,8.00,,true,true,,,,,,https://cdn.shopify.com/s/files/1/0908/5508/0263/files/235B4343-E388-4A65-94F8-106726CF9310.jpg?v=1763037817,4,"",,,,,,,,,,,,,,,,,,https://cdn.shopify.com/s/files/1/0908/5508/0263/files/235B4343-E388-4A65-94F8-106726CF9310.jpg?v=1763037817,kg,,,
blue-mood,,,,,,,,,Blue Mood 5,,,,,,,,,0.0,shopify,1,deny,manual,8.00,,true,true,,,,,,https://cdn.shopify.com/s/files/1/0908/5508/0263/files/24CF14D2-FEC0-4964-81B6-CD8374A93CA6.jpg?v=1763037875,5,"",,,,,,,,,,,,,,,,,,https://cdn.shopify.com/s/files/1/0908/5508/0263/files/24CF14D2-FEC0-4964-81B6-CD8374A93CA6.jpg?v=1763037875,kg,,,
blue-mood,,,,,,,,,Blue Mood 6,,,,,,,,,0.0,shopify,1,deny,manual,8.00,,true,true,,,,,,https://cdn.shopify.com/s/files/1/0908/5508/0263/files/4F867185-2854-459B-B9BB-7CEE7796CCCE.jpg?v=1763037926,6,"",,,,,,,,,,,,,,,,,,https://cdn.shopify.com/s/files/1/0908/5508/0263/files/4F867185-2854-459B-B9BB-7CEE7796CCCE.jpg?v=1763037926,kg,,,
blue-mood,,,,,,,,,Blue Mood 7,,,,,,,,,0.0,shopify,1,deny,manual,8.00,,true,true,,,,,,https://cdn.shopify.com/s/files/1/0908/5508/0263/files/293B376C-DE28-4758-AC9D-48B51FC6DB6E.jpg?v=1763037963,7,"",,,,,,,,,,,,,,,,,,https://cdn.shopify.com/s/files/1/0908/5508/0263/files/293B376C-DE28-4758-AC9D-48B51FC6DB6E.jpg?v=1763037963,kg,,,
blue-mood,,,,,,,,,Blue Mood 8,,,,,,,,,0.0,shopify,1,deny,manual,8.00,,true,true,,,,,,https://cdn.shopify.com/s/files/1/0908/5508/0263/files/FDABA9F8-2429-4BD0-981D-953A8B108544.jpg?v=1763038029,8,"",,,,,,,,,,,,,,,,,,https://cdn.shopify.com/s/files/1/0908/5508/0263/files/FDABA9F8-2429-4BD0-981D-953A8B108544.jpg?v=1763038029,kg,,,
blue-mood,,,,,,,,,Blue Mood  9,,,,,,,,,0.0,shopify,1,deny,manual,8.00,,true,true,,,,,,https://cdn.shopify.com/s/files/1/0908/5508/0263/files/E495C9B5-8AAC-4083-A8A4-5F8DE345EBFC.jpg?v=1763038066,9,"",,,,,,,,,,,,,,,,,,https://cdn.shopify.com/s/files/1/0908/5508/0263/files/E495C9B5-8AAC-4083-A8A4-5F8DE345EBFC.jpg?v=1763038066,kg,,,
blue-mood,,,,,,,,,Blue Mood  10,,,,,,,,,0.0,shopify,1,deny,manual,8.00,,true,true,,,,,,https://cdn.shopify.com/s/files/1/0908/5508/0263/files/63F32D80-A1B9-4BAC-BAC9-951D74231FED.jpg?v=1763038110,10,"",,,,,,,,,,,,,,,,,,https://cdn.shopify.com/s/files/1/0908/5508/0263/files/63F32D80-A1B9-4BAC-BAC9-951D74231FED.jpg?v=1763038110,kg,,,
blue-mood,,,,,,,,,Blue Mood 11,,,,,,,,,0.0,shopify,1,deny,manual,8.00,,true,true,,,,,,https://cdn.shopify.com/s/files/1/0908/5508/0263/files/2CCC31FC-688E-4C4B-A6A7-7D7576D34BBC.jpg?v=1763038156,11,"",,,,,,,,,,,,,,,,,,https://cdn.shopify.com/s/files/1/0908/5508/0263/files/2CCC31FC-688E-4C4B-A6A7-7D7576D34BBC.jpg?v=1763038156,kg,,,
blue-mood,,,,,,,,,Blue Mood 12,,,,,,,,,0.0,shopify,1,deny,manual,8.00,,true,true,,,,,,https://cdn.shopify.com/s/files/1/0908/5508/0263/files/FBE748D3-D9DF-48FE-BE17-560A21B39F33.jpg?v=1763038189,12,"",,,,,,,,,,,,,,,,,,https://cdn.shopify.com/s/files/1/0908/5508/0263/files/FBE748D3-D9DF-48FE-BE17-560A21B39F33.jpg?v=1763038189,kg,,,
blue-mood,,,,,,,,,Blue Mood 13,,,,,,,,,0.0,shopify,1,deny,manual,8.00,,true,true,,,,,,https://cdn.shopify.com/s/files/1/0908/5508/0263/files/0DBECEC8-191F-4006-9759-2283F545A12E.jpg?v=1763038219,13,"",,,,,,,,,,,,,,,,,,https://cdn.shopify.com/s/files/1/0908/5508/0263/files/0DBECEC8-191F-4006-9759-2283F545A12E.jpg?v=1763038219,kg,,,
blue-mood,,,,,,,,,Blue Mood 14,,,,,,,,,0.0,shopify,1,deny,manual,8.00,,true,true,,,,,,https://cdn.shopify.com/s/files/1/0908/5508/0263/files/E1375EB7-19FC-44F4-A09E-178E450D9812.jpg?v=1763038266,14,"",,,,,,,,,,,,,,,,,,https://cdn.shopify.com/s/files/1/0908/5508/0263/files/E1375EB7-19FC-44F4-A09E-178E450D9812.jpg?v=1763038266,kg,,,
blue-mood,,,,,,,,,Blue Mood  15,,,,,,,,,0.0,shopify,1,deny,manual,8.00,,true,true,,,,,,https://cdn.shopify.com/s/files/1/0908/5508/0263/files/FE8E1ADF-AA8E-47F6-A803-86CC22724835.jpg?v=1763038306,15,"",,,,,,,,,,,,,,,,,,https://cdn.shopify.com/s/files/1/0908/5508/0263/files/FE8E1ADF-AA8E-47F6-A803-86CC22724835.jpg?v=1763038306,kg,,,
blue-mood,,,,,,,,,Blue Mood 16,,,,,,,,,0.0,shopify,1,deny,manual,8.00,,true,true,,,,,,https://cdn.shopify.com/s/files/1/0908/5508/0263/files/CF281177-4A99-4928-B491-744FBA63761C.jpg?v=1763038341,16,"",,,,,,,,,,,,,,,,,,https://cdn.shopify.com/s/files/1/0908/5508/0263/files/CF281177-4A99-4928-B491-744FBA63761C.jpg?v=1763038341,kg,,,
blue-mood,,,,,,,,,Blue Mood  17,,,,,,,,,0.0,shopify,1,deny,manual,8.00,,true,true,,,,,,https://cdn.shopify.com/s/files/1/0908/5508/0263/files/B999B427-CE16-425B-8895-CA34FF382E2F.jpg?v=1763038371,17,"",,,,,,,,,,,,,,,,,,https://cdn.shopify.com/s/files/1/0908/5508/0263/files/B999B427-CE16-425B-8895-CA34FF382E2F.jpg?v=1763038371,kg,,,
blue-mood,,,,,,,,,Blue Mood 18,,,,,,,,,0.0,shopify,1,deny,manual,8.00,,true,true,,,,,,https://cdn.shopify.com/s/files/1/0908/5508/0263/files/5696CB4B-8B07-466D-9ECC-F4EA5361E3B4.jpg?v=1763038409,18,"",,,,,,,,,,,,,,,,,,https://cdn.shopify.com/s/files/1/0908/5508/0263/files/5696CB4B-8B07-466D-9ECC-F4EA5361E3B4.jpg?v=1763038409,kg,,,
blue-mood,,,,,,,,,Blue Mood 19,,,,,,,,,0.0,shopify,1,deny,manual,8.00,,true,true,,,,,,https://cdn.shopify.com/s/files/1/0908/5508/0263/files/E01DC8BF-1CCA-4B7D-850F-F40B824180CB.jpg?v=1763038476,19,"",,,,,,,,,,,,,,,,,,https://cdn.shopify.com/s/files/1/0908/5508/0263/files/E01DC8BF-1CCA-4B7D-850F-F40B824180CB.jpg?v=1763038476,kg,,,
blue-mood,,,,,,,,,Blue Mood 20,,,,,,,,,0.0,shopify,1,deny,manual,8.00,,true,true,,,,,,https://cdn.shopify.com/s/files/1/0908/5508/0263/files/C2D0B80C-B42F-42DC-8BC6-DA4A8ED80076.jpg?v=1763038514,20,"",,,,,,,,,,,,,,,,,,https://cdn.shopify.com/s/files/1/0908/5508/0263/files/C2D0B80C-B42F-42DC-8BC6-DA4A8ED80076.jpg?v=1763038514,kg,,,
blue-mood,,,,,,,,,Blue Mood 21,,,,,,,,,0.0,shopify,1,deny,manual,8.00,,true,true,,,,,,https://cdn.shopify.com/s/files/1/0908/5508/0263/files/954A7754-3155-486E-971E-9D6A70AD7074.jpg?v=1763038552,21,"",,,,,,,,,,,,,,,,,,https://cdn.shopify.com/s/files/1/0908/5508/0263/files/954A7754-3155-486E-971E-9D6A70AD7074.jpg?v=1763038552,kg,,,
blue-mood,,,,,,,,,Blue Mood 22,,,,,,,,,0.0,shopify,1,deny,manual,8.00,,true,true,,,,,,https://cdn.shopify.com/s/files/1/0908/5508/0263/files/48F73A3F-0F93-40DF-B82E-4CE82A17375E.jpg?v=1763038588,22,"",,,,,,,,,,,,,,,,,,https://cdn.shopify.com/s/files/1/0908/5508/0263/files/48F73A3F-0F93-40DF-B82E-4CE82A17375E.jpg?v=1763038588,kg,,,
blue-mood,,,,,,,,,Blue Mood 23,,,,,,,,,0.0,shopify,1,deny,manual,8.00,,true,true,,,,,,https://cdn.shopify.com/s/files/1/0908/5508/0263/files/B6711EA0-C491-4170-ABE1-334A8996645A.jpg?v=1763038627,23,"",,,,,,,,,,,,,,,,,,https://cdn.shopify.com/s/files/1/0908/5508/0263/files/B6711EA0-C491-4170-ABE1-334A8996645A.jpg?v=1763038627,kg,,,
blue-mood,,,,,,,,,Blue Mood 24,,,,,,,,,0.0,shopify,1,deny,manual,8.00,,true,true,,,,,,https://cdn.shopify.com/s/files/1/0908/5508/0263/files/A6510852-D1E9-4BCA-8E31-4B73DAE35B84.jpg?v=1763038658,24,"",,,,,,,,,,,,,,,,,,https://cdn.shopify.com/s/files/1/0908/5508/0263/files/A6510852-D1E9-4BCA-8E31-4B73DAE35B84.jpg?v=1763038658,kg,,,
blue-mood,,,,,,,,,Blue Mood 26,,,,,,,,,0.0,shopify,1,deny,manual,8.00,,true,true,,,,,,https://cdn.shopify.com/s/files/1/0908/5508/0263/files/C197527D-67A1-42FA-823C-DEBC6C566B6D.jpg?v=1763038722,25,"",,,,,,,,,,,,,,,,,,https://cdn.shopify.com/s/files/1/0908/5508/0263/files/C197527D-67A1-42FA-823C-DEBC6C566B6D.jpg?v=1763038722,kg,,,
blue-mood,,,,,,,,,Blue Mood 27,,,,,,,,,0.0,shopify,1,deny,manual,8.00,,true,true,,,,,,https://cdn.shopify.com/s/files/1/0908/5508/0263/files/D6164E79-EA34-4637-AEC7-15D2FB4CCC3B.jpg?v=1763038763,26,"",,,,,,,,,,,,,,,,,,https://cdn.shopify.com/s/files/1/0908/5508/0263/files/D6164E79-EA34-4637-AEC7-15D2FB4CCC3B.jpg?v=1763038763,kg,,,
blue-mood,,,,,,,,,Blue Mood 28,,,,,,,,,0.0,shopify,1,deny,manual,8.00,,true,true,,,,,,https://cdn.shopify.com/s/files/1/0908/5508/0263/files/70EDBD4C-547A-4C53-BBD5-45FA6556768C.jpg?v=1763038795,27,"",,,,,,,,,,,,,,,,,,https://cdn.shopify.com/s/files/1/0908/5508/0263/files/70EDBD4C-547A-4C53-BBD5-45FA6556768C.jpg?v=1763038795,kg,,,
blue-mood,,,,,,,,,Blue Mood 🟦,,,,,,,,,0.0,shopify,1,deny,manual,8.00,,true,true,,,,,,https://cdn.shopify.com/s/files/1/0908/5508/0263/files/1954ED95-F7E6-484F-940F-4B72BB0531A8.jpg?v=1767546688,28,"",,,,,,,,,,,,,,,,,,https://cdn.shopify.com/s/files/1/0908/5508/0263/files/1954ED95-F7E6-484F-940F-4B72BB0531A8.jpg?v=1767546688,kg,,,
blue-mood,,,,,,,,,Blue Mood 💙,,,,,,,,,0.0,shopify,1,deny,manual,8.00,,true,true,,,,,,https://cdn.shopify.com/s/files/1/0908/5508/0263/files/631D48C8-FF2D-44C0-A893-E8F60A951C22.jpg?v=1767546758,29,"",,,,,,,,,,,,,,,,,,https://cdn.shopify.com/s/files/1/0908/5508/0263/files/631D48C8-FF2D-44C0-A893-E8F60A951C22.jpg?v=1767546758,kg,,,
blue-mood,,,,,,,,,Blue Mood 🔵🟦,,,,,,,,,0.0,shopify,1,deny,manual,8.00,,true,true,,,,,,https://cdn.shopify.com/s/files/1/0908/5508/0263/files/93A2BC8D-51D8-44FA-8490-537D49D9C894.jpg?v=1767546837,30,"",,,,,,,,,,,,,,,,,,https://cdn.shopify.com/s/files/1/0908/5508/0263/files/93A2BC8D-51D8-44FA-8490-537D49D9C894.jpg?v=1767546837,kg,,,
blue-mood,,,,,,,,,Blue Mood 🔵✨,,,,,,,,,0.0,shopify,1,deny,manual,8.00,,true,true,,,,,,https://cdn.shopify.com/s/files/1/0908/5508/0263/files/91945B25-E0C9-4FA2-8B23-3D355A915632.jpg?v=1767546943,31,"",,,,,,,,,,,,,,,,,,https://cdn.shopify.com/s/files/1/0908/5508/0263/files/91945B25-E0C9-4FA2-8B23-3D355A915632.jpg?v=1767546943,kg,,,
blue-mood,,,,,,,,,Blue Mood ✨,,,,,,,,,0.0,shopify,1,deny,manual,8.00,,true,true,,,,,,https://cdn.shopify.com/s/files/1/0908/5508/0263/files/1B3308A8-BC7B-4474-AF94-EB5B408C2716.jpg?v=1767547022,32,"",,,,,,,,,,,,,,,,,,https://cdn.shopify.com/s/files/1/0908/5508/0263/files/1B3308A8-BC7B-4474-AF94-EB5B408C2716.jpg?v=1767547022,kg,,,
blue-mood,,,,,,,,,Blue Mood 🔵 🌟,,,,,,,,,0.0,shopify,1,deny,manual,8.00,,true,true,,,,,,https://cdn.shopify.com/s/files/1/0908/5508/0263/files/BC0FFA33-EEFF-4778-B7D7-72C65D9B2B54.jpg?v=1767547129,33,"",,,,,,,,,,,,,,,,,,https://cdn.shopify.com/s/files/1/0908/5508/0263/files/BC0FFA33-EEFF-4778-B7D7-72C65D9B2B54.jpg?v=1767547129,kg,,,
blue-mood,,,,,,,,,Blue Mood 🔵 ⚪️,,,,,,,,,0.0,shopify,1,deny,manual,8.00,,true,true,,,,,,https://cdn.shopify.com/s/files/1/0908/5508/0263/files/FE7FCDD7-A8F5-475F-98C1-3577B7088CD9.jpg?v=1767547256,34,"",,,,,,,,,,,,,,,,,,https://cdn.shopify.com/s/files/1/0908/5508/0263/files/FE7FCDD7-A8F5-475F-98C1-3577B7088CD9.jpg?v=1767547256,kg,,,
blue-mood,,,,,,,,,Blue Mood 🟦▫️,,,,,,,,,0.0,shopify,1,deny,manual,8.00,,true,true,,,,,,https://cdn.shopify.com/s/files/1/0908/5508/0263/files/71CA3558-902F-42D4-A683-83453C0A1CF7.jpg?v=1767547324,35,"",,,,,,,,,,,,,,,,,,https://cdn.shopify.com/s/files/1/0908/5508/0263/files/71CA3558-902F-42D4-A683-83453C0A1CF7.jpg?v=1767547324,kg,,,
blue-mood,,,,,,,,,🟦🌸 Blue MOod / or,,,,,,,,,0.0,shopify,1,deny,manual,8.00,,true,true,,,,,,https://cdn.shopify.com/s/files/1/0908/5508/0263/files/IMG-8266.heic?v=1771420222,36,"",,,,,,,,,,,,,,,,,,https://cdn.shopify.com/s/files/1/0908/5508/0263/files/IMG-8266.heic?v=1771420222,kg,,,
blue-mood,,,,,,,,,🌼 🩵🟦 /or,,,,,,,,,0.0,shopify,1,deny,manual,8.00,,true,true,,,,,,https://cdn.shopify.com/s/files/1/0908/5508/0263/files/IMG-8267.heic?v=1771420290,37,"",,,,,,,,,,,,,,,,,,https://cdn.shopify.com/s/files/1/0908/5508/0263/files/IMG-8267.heic?v=1771420290,kg,,,
blue-mood,,,,,,,,,Blue Mood / or,,,,,,,,,0.0,shopify,1,deny,manual,8.00,,true,true,,,,,,https://cdn.shopify.com/s/files/1/0908/5508/0263/files/IMG-8268.heic?v=1771420342,38,"",,,,,,,,,,,,,,,,,,https://cdn.shopify.com/s/files/1/0908/5508/0263/files/IMG-8268.heic?v=1771420342,kg,,,
blue-mood,,,,,,,,,🩵💙allongée / or,,,,,,,,,0.0,shopify,1,deny,manual,8.00,,true,true,,,,,,https://cdn.shopify.com/s/files/1/0908/5508/0263/files/IMG-8269.heic?v=1771420379,39,"",,,,,,,,,,,,,,,,,,https://cdn.shopify.com/s/files/1/0908/5508/0263/files/IMG-8269.heic?v=1771420379,kg,,,
blue-mood,,,,,,,,,🌺 🟦 /or,,,,,,,,,0.0,shopify,1,deny,manual,8.00,,true,true,,,,,,https://cdn.shopify.com/s/files/1/0908/5508/0263/files/IMG-8270.heic?v=1771420433,40,"",,,,,,,,,,,,,,,,,,https://cdn.shopify.com/s/files/1/0908/5508/0263/files/IMG-8270.heic?v=1771420433,kg,,,
blue-mood,,,,,,,,,🟦 or,,,,,,,,,0.0,shopify,1,deny,manual,8.00,,true,true,,,,,,https://cdn.shopify.com/s/files/1/0908/5508/0263/files/IMG-8271.heic?v=1771420473,41,"",,,,,,,,,,,,,,,,,,https://cdn.shopify.com/s/files/1/0908/5508/0263/files/IMG-8271.heic?v=1771420473,kg,,,
blue-mood,,,,,,,,,🟦or,,,,,,,,,0.0,shopify,1,deny,manual,8.00,,true,true,,,,,,https://cdn.shopify.com/s/files/1/0908/5508/0263/files/IMG-8272.heic?v=1771420513,42,"",,,,,,,,,,,,,,,,,,https://cdn.shopify.com/s/files/1/0908/5508/0263/files/IMG-8272.heic?v=1771420513,kg,,,
blue-mood,,,,,,,,,🌺💙🩵 or,,,,,,,,,0.0,shopify,1,deny,manual,8.00,,true,true,,,,,,https://cdn.shopify.com/s/files/1/0908/5508/0263/files/IMG-8273.heic?v=1771420545,43,"",,,,,,,,,,,,,,,,,,https://cdn.shopify.com/s/files/1/0908/5508/0263/files/IMG-8273.heic?v=1771420545,kg,,,
blue-mood,,,,,,,,,🔵⚪️or,,,,,,,,,0.0,shopify,1,deny,manual,8.00,,true,true,,,,,,https://cdn.shopify.com/s/files/1/0908/5508/0263/files/IMG-8274.heic?v=1771420575,44,"",,,,,,,,,,,,,,,,,,https://cdn.shopify.com/s/files/1/0908/5508/0263/files/IMG-8274.heic?v=1771420575,kg,,,
blue-mood,,,,,,,,,🟦 - or,,,,,,,,,0.0,shopify,1,deny,manual,8.00,,true,true,,,,,,https://cdn.shopify.com/s/files/1/0908/5508/0263/files/IMG-8275.heic?v=1771420632,45,"",,,,,,,,,,,,,,,,,,https://cdn.shopify.com/s/files/1/0908/5508/0263/files/IMG-8275.heic?v=1771420632,kg,,,
blue-mood,,,,,,,,,⚪️🔵 or,,,,,,,,,0.0,shopify,1,deny,manual,8.00,,true,true,,,,,,https://cdn.shopify.com/s/files/1/0908/5508/0263/files/IMG-8276.heic?v=1771420664,46,"",,,,,,,,,,,,,,,,,,https://cdn.shopify.com/s/files/1/0908/5508/0263/files/IMG-8276.heic?v=1771420664,kg,,,
blue-mood,,,,,,,,,🔵or⚪️,,,,,,,,,0.0,shopify,1,deny,manual,8.00,,true,true,,,,,,https://cdn.shopify.com/s/files/1/0908/5508/0263/files/IMG-8277.heic?v=1771420695,47,"",,,,,,,,,,,,,,,,,,https://cdn.shopify.com/s/files/1/0908/5508/0263/files/IMG-8277.heic?v=1771420695,kg,,,
les-sauvages-🐆-pampilles-interchangeable-avec-ou-sans-creoles,Les sauvages 🐆,"<p>Collections Les Sauvages 🐆 : </p>
<p>Sauvages, mais toujours pleine de douceur.</p>
<p class=""p1""><span class=""s1"">Une collection moderne, chic et facile à porter au quotidien.</span></p>
<p class=""p1""><span class=""s1"">Chaque pièce est fabriquée à la main en pâte polymère, certaine sont recouverte de résine.</span></p>
<p class=""p1""><span class=""s1"">Un matériau très délicat, léger et confortable.</span></p>
<p class=""p1""><span class=""s1"">En raison de la nature artisanale de mes produits, aucun produit ne peut être recréé exactement à l'identique. Vous obtiendrez toujours un modèle fait main unique qui correspond à votre style.</span></p>
<p class=""p1""><span class=""s1"">Conseils d'entretien : à conserver dans un endroit propre et sec. Tenir à l'écart des huiles, crèmes, parfums, etc. Ne pas porter dans l'eau. Peut se briser en cas de chute ou de torsion. Pour nettoyer la pâte polymère, frottez doucement avec un chiffon doux.</span></p>
<p><span>Créoles non incluses.</span></p>
<p><span>Les créoles peuvent être choisies et commandées séparément afin de personnaliser votre bijou.</span></p>
<p class=""p2""> </p>",JOLANANAS,Apparel & Accessories > Jewelry > Earrings,"","",true,T,Les sauvages 🐆  1,,,,,,,,,0.0,shopify,1,deny,manual,8.00,,true,true,,,,,,https://cdn.shopify.com/s/files/1/0908/5508/0263/files/70B7C68A-D940-44E9-9B97-3335CCB60D92.jpg?v=1762943308,1,"",false,,,adultes,,,multicolore; animal,diminue; pendante,,,polymere; resine; acier-inoxydable,bijoux-pate-polymere,,,,feminin,,https://cdn.shopify.com/s/files/1/0908/5508/0263/files/70B7C68A-D940-44E9-9B97-3335CCB60D92.jpg?v=1762943308,kg,,,active
les-sauvages-🐆-pampilles-interchangeable-avec-ou-sans-creoles,,,,,,,,,Les sauvages 🐆  2,,,,,,,,,0.0,shopify,1,deny,manual,8.00,,true,true,,,,,,https://cdn.shopify.com/s/files/1/0908/5508/0263/files/27B4FF2D-58A8-43C0-81AB-43C8496C882C.jpg?v=1762943442,2,"",,,,,,,,,,,,,,,,,,https://cdn.shopify.com/s/files/1/0908/5508/0263/files/27B4FF2D-58A8-43C0-81AB-43C8496C882C.jpg?v=1762943442,kg,,,
les-sauvages-🐆-pampilles-interchangeable-avec-ou-sans-creoles,,,,,,,,,Les sauvages 🐆  3,,,,,,,,,0.0,shopify,1,deny,manual,8.00,,true,true,,,,,,https://cdn.shopify.com/s/files/1/0908/5508/0263/files/CE117088-950C-4EE1-A709-CD4B33885E03.jpg?v=1762943486,3,"",,,,,,,,,,,,,,,,,,https://cdn.shopify.com/s/files/1/0908/5508/0263/files/CE117088-950C-4EE1-A709-CD4B33885E03.jpg?v=1762943486,kg,,,
les-sauvages-🐆-pampilles-interchangeable-avec-ou-sans-creoles,,,,,,,,,Les sauvages 🐆  4,,,,,,,,,0.0,shopify,1,deny,manual,8.00,,true,true,,,,,,https://cdn.shopify.com/s/files/1/0908/5508/0263/files/9F2043C8-76B3-47B6-81A2-A946CE2B097F.jpg?v=1762943532,4,"",,,,,,,,,,,,,,,,,,https://cdn.shopify.com/s/files/1/0908/5508/0263/files/9F2043C8-76B3-47B6-81A2-A946CE2B097F.jpg?v=1762943532,kg,,,
les-sauvages-🐆-pampilles-interchangeable-avec-ou-sans-creoles,,,,,,,,,Les sauvages 🐆  5,,,,,,,,,0.0,shopify,1,deny,manual,8.00,,true,true,,,,,,https://cdn.shopify.com/s/files/1/0908/5508/0263/files/021A0048-529C-4BDA-AC63-9C14C91B113D.jpg?v=1762943605,5,"",,,,,,,,,,,,,,,,,,https://cdn.shopify.com/s/files/1/0908/5508/0263/files/021A0048-529C-4BDA-AC63-9C14C91B113D.jpg?v=1762943605,kg,,,
les-sauvages-🐆-pampilles-interchangeable-avec-ou-sans-creoles,,,,,,,,,Les sauvages 🐆  6,,,,,,,,,0.0,shopify,1,deny,manual,8.00,,true,true,,,,,,https://cdn.shopify.com/s/files/1/0908/5508/0263/files/F9177D5E-DDD1-4E94-8E23-1D9B616BC680.jpg?v=1762943691,6,"",,,,,,,,,,,,,,,,,,https://cdn.shopify.com/s/files/1/0908/5508/0263/files/F9177D5E-DDD1-4E94-8E23-1D9B616BC680.jpg?v=1762943691,kg,,,
les-sauvages-🐆-pampilles-interchangeable-avec-ou-sans-creoles,,,,,,,,,Les sauvages 🐆  7,,,,,,,,,0.0,shopify,1,deny,manual,8.00,,true,true,,,,,,https://cdn.shopify.com/s/files/1/0908/5508/0263/files/FE710B4E-FF52-4C8A-A44D-CEF7EDAF345F.jpg?v=1762943739,7,"",,,,,,,,,,,,,,,,,,https://cdn.shopify.com/s/files/1/0908/5508/0263/files/FE710B4E-FF52-4C8A-A44D-CEF7EDAF345F.jpg?v=1762943739,kg,,,
les-sauvages-🐆-pampilles-interchangeable-avec-ou-sans-creoles,,,,,,,,,Les sauvages 🐆  8,,,,,,,,,0.0,shopify,1,deny,manual,8.00,,true,true,,,,,,https://cdn.shopify.com/s/files/1/0908/5508/0263/files/E31EC0CF-153D-4F45-8FA9-2416F83F8369.jpg?v=1762943779,8,"",,,,,,,,,,,,,,,,,,https://cdn.shopify.com/s/files/1/0908/5508/0263/files/E31EC0CF-153D-4F45-8FA9-2416F83F8369.jpg?v=1762943779,kg,,,
les-sauvages-🐆-pampilles-interchangeable-avec-ou-sans-creoles,,,,,,,,,Les sauvages 🐆  9,,,,,,,,,0.0,shopify,1,deny,manual,8.00,,true,true,,,,,,https://cdn.shopify.com/s/files/1/0908/5508/0263/files/EA6E7B62-A581-4D2C-9F01-0C474A3033B2.jpg?v=1762943834,9,"",,,,,,,,,,,,,,,,,,https://cdn.shopify.com/s/files/1/0908/5508/0263/files/EA6E7B62-A581-4D2C-9F01-0C474A3033B2.jpg?v=1762943834,kg,,,
les-sauvages-🐆-pampilles-interchangeable-avec-ou-sans-creoles,,,,,,,,,Les sauvages 🐆  10,,,,,,,,,0.0,shopify,1,deny,manual,8.00,,true,true,,,,,,https://cdn.shopify.com/s/files/1/0908/5508/0263/files/8001F563-7579-44C0-B7AD-6471B39E10B1.jpg?v=1762943866,10,"",,,,,,,,,,,,,,,,,,https://cdn.shopify.com/s/files/1/0908/5508/0263/files/8001F563-7579-44C0-B7AD-6471B39E10B1.jpg?v=1762943866,kg,,,
les-sauvages-🐆-pampilles-interchangeable-avec-ou-sans-creoles,,,,,,,,,Les sauvages 🐆  11,,,,,,,,,0.0,shopify,1,deny,manual,8.00,,true,true,,,,,,https://cdn.shopify.com/s/files/1/0908/5508/0263/files/B4224595-C07D-4EA9-A00E-BCA4C059397A.jpg?v=1762943910,11,"",,,,,,,,,,,,,,,,,,https://cdn.shopify.com/s/files/1/0908/5508/0263/files/B4224595-C07D-4EA9-A00E-BCA4C059397A.jpg?v=1762943910,kg,,,
les-sauvages-🐆-pampilles-interchangeable-avec-ou-sans-creoles,,,,,,,,,Les sauvages 🐆  12,,,,,,,,,0.0,shopify,1,deny,manual,8.00,,true,true,,,,,,https://cdn.shopify.com/s/files/1/0908/5508/0263/files/65820F55-BA65-4BEC-BF1A-B8828A4C66E5.jpg?v=1762943962,12,"",,,,,,,,,,,,,,,,,,https://cdn.shopify.com/s/files/1/0908/5508/0263/files/65820F55-BA65-4BEC-BF1A-B8828A4C66E5.jpg?v=1762943962,kg,,,
les-sauvages-🐆-pampilles-interchangeable-avec-ou-sans-creoles,,,,,,,,,Les sauvages 🐆  13,,,,,,,,,0.0,shopify,1,deny,manual,8.00,,true,true,,,,,,https://cdn.shopify.com/s/files/1/0908/5508/0263/files/C1148DE6-33AD-4064-96C8-C0C778392E27.jpg?v=1762944012,13,"",,,,,,,,,,,,,,,,,,https://cdn.shopify.com/s/files/1/0908/5508/0263/files/C1148DE6-33AD-4064-96C8-C0C778392E27.jpg?v=1762944012,kg,,,
les-sauvages-🐆-pampilles-interchangeable-avec-ou-sans-creoles,,,,,,,,,Les sauvages 🐆  14,,,,,,,,,0.0,shopify,1,deny,manual,8.00,,true,true,,,,,,https://cdn.shopify.com/s/files/1/0908/5508/0263/files/F25D213B-C131-4B4D-8F8F-6B2BA83A2BB8.jpg?v=1762944078,14,"",,,,,,,,,,,,,,,,,,https://cdn.shopify.com/s/files/1/0908/5508/0263/files/F25D213B-C131-4B4D-8F8F-6B2BA83A2BB8.jpg?v=1762944078,kg,,,
les-sauvages-🐆-pampilles-interchangeable-avec-ou-sans-creoles,,,,,,,,,Les sauvages 🐆 15,,,,,,,,,0.0,shopify,1,deny,manual,8.00,,true,true,,,,,,https://cdn.shopify.com/s/files/1/0908/5508/0263/files/2316BC88-55F4-476F-B2E9-A42A06A70DD5.jpg?v=1762944131,15,"",,,,,,,,,,,,,,,,,,https://cdn.shopify.com/s/files/1/0908/5508/0263/files/2316BC88-55F4-476F-B2E9-A42A06A70DD5.jpg?v=1762944131,kg,,,
la-vie-en-rose-pampilles-interchangeable-avec-ou-sans-creoles,La vie en rose 🩷,"<p>Collection la vie en rose 🩷:</p>
<p>Un brin de douceur pour voir la vie en rose.</p>
<p class=""p1""><span class=""s1"">Une collection moderne et facile à porter au quotidien.</span></p>
<p class=""p1""><span class=""s1"">Chaque pièce est fabriquée à la main en pâte polymère, certaine sont recouverte de résine.</span></p>
<p class=""p1""><span class=""s1"">Un matériau très délicat, léger et confortable.</span></p>
<p class=""p1""><span class=""s1"">En raison de la nature artisanale de mes produits, aucun produit ne peut être recréé exactement à l'identique. Vous obtiendrez toujours un modèle fait main unique qui correspond à votre style.</span></p>
<p class=""p1""><span class=""s1"">Conseils d'entretien : à conserver dans un endroit propre et sec. Tenir à l'écart des huiles, crèmes, parfums, etc. Ne pas porter dans l'eau. Peut se briser en cas de chute ou de torsion. Pour nettoyer la pâte polymère, frottez doucement avec un chiffon doux.</span></p>
<p><span>Créoles non incluses.</span></p>
<p><span>Les créoles peuvent être choisies et commandées séparément afin de personnaliser votre bijou.</span></p>
<p class=""p2""> </p>",JOLANANAS,Apparel & Accessories > Jewelry > Earrings,Bijoux pâte polymère,"",true,La vie en rose 🩷,La vie en rose 🩷 2,,,,,,,,,0.0,shopify,1,deny,manual,8.00,,true,true,,,,,,https://cdn.shopify.com/s/files/1/0908/5508/0263/files/2C201949-7435-425A-A999-1B013D6856C6.jpg?v=1762936353,1,"",false,,,adultes,,,rose; or; clair,pendante,,,polymere; resine; acier-inoxydable,bijoux-pate-polymere,,,,feminin,,https://cdn.shopify.com/s/files/1/0908/5508/0263/files/2C201949-7435-425A-A999-1B013D6856C6.jpg?v=1762936353,kg,,,active
la-vie-en-rose-pampilles-interchangeable-avec-ou-sans-creoles,,,,,,,,,La vie en rose 🩷 3,,,,,,,,,0.0,shopify,1,deny,manual,8.00,,true,true,,,,,,https://cdn.shopify.com/s/files/1/0908/5508/0263/files/E9DB24D0-4D42-4F98-82B8-311D5A426635.jpg?v=1762936405,2,"",,,,,,,,,,,,,,,,,,https://cdn.shopify.com/s/files/1/0908/5508/0263/files/E9DB24D0-4D42-4F98-82B8-311D5A426635.jpg?v=1762936405,kg,,,
la-vie-en-rose-pampilles-interchangeable-avec-ou-sans-creoles,,,,,,,,,La vie en rose 🩷 4,,,,,,,,,0.0,shopify,1,deny,manual,8.00,,true,true,,,,,,https://cdn.shopify.com/s/files/1/0908/5508/0263/files/EC996C3F-C627-4D9F-A226-294AF48E14A8.jpg?v=1762936445,3,"",,,,,,,,,,,,,,,,,,https://cdn.shopify.com/s/files/1/0908/5508/0263/files/EC996C3F-C627-4D9F-A226-294AF48E14A8.jpg?v=1762936445,kg,,,
la-vie-en-rose-pampilles-interchangeable-avec-ou-sans-creoles,,,,,,,,,La vie en rose 🩷 6,,,,,,,,,0.0,shopify,1,deny,manual,8.00,,true,true,,,,,,https://cdn.shopify.com/s/files/1/0908/5508/0263/files/7299863B-C15E-4232-93CC-FE8DBFFA764D.jpg?v=1762936540,4,"",,,,,,,,,,,,,,,,,,https://cdn.shopify.com/s/files/1/0908/5508/0263/files/7299863B-C15E-4232-93CC-FE8DBFFA764D.jpg?v=1762936540,kg,,,
la-vie-en-rose-pampilles-interchangeable-avec-ou-sans-creoles,,,,,,,,,La vie en rose 🩷 7,,,,,,,,,0.0,shopify,1,deny,manual,8.00,,true,true,,,,,,https://cdn.shopify.com/s/files/1/0908/5508/0263/files/B6BF77FD-947B-4197-8D47-C9EEB527D24A.jpg?v=1762936581,5,"",,,,,,,,,,,,,,,,,,https://cdn.shopify.com/s/files/1/0908/5508/0263/files/B6BF77FD-947B-4197-8D47-C9EEB527D24A.jpg?v=1762936581,kg,,,
la-vie-en-rose-pampilles-interchangeable-avec-ou-sans-creoles,,,,,,,,,La vie en rose 🩷 8,,,,,,,,,0.0,shopify,1,deny,manual,8.00,,true,true,,,,,,https://cdn.shopify.com/s/files/1/0908/5508/0263/files/DA08F3A1-FDE9-4B6D-94B0-57C1D98ABD74.jpg?v=1762936622,6,"",,,,,,,,,,,,,,,,,,https://cdn.shopify.com/s/files/1/0908/5508/0263/files/DA08F3A1-FDE9-4B6D-94B0-57C1D98ABD74.jpg?v=1762936622,kg,,,
la-vie-en-rose-pampilles-interchangeable-avec-ou-sans-creoles,,,,,,,,,La vie en rose 🩷 9,,,,,,,,,0.0,shopify,1,deny,manual,8.00,,true,true,,,,,,https://cdn.shopify.com/s/files/1/0908/5508/0263/files/3F7CD85F-80E3-4002-992F-6C55E1012A24.jpg?v=1762936659,7,"",,,,,,,,,,,,,,,,,,https://cdn.shopify.com/s/files/1/0908/5508/0263/files/3F7CD85F-80E3-4002-992F-6C55E1012A24.jpg?v=1762936659,kg,,,
la-vie-en-rose-pampilles-interchangeable-avec-ou-sans-creoles,,,,,,,,,La vie en rose 🩷 10,,,,,,,,,0.0,shopify,1,deny,manual,8.00,,true,true,,,,,,https://cdn.shopify.com/s/files/1/0908/5508/0263/files/2ADE35BD-3067-4D0B-BA5C-84078F3F0979.jpg?v=1762936706,8,"",,,,,,,,,,,,,,,,,,https://cdn.shopify.com/s/files/1/0908/5508/0263/files/2ADE35BD-3067-4D0B-BA5C-84078F3F0979.jpg?v=1762936706,kg,,,
la-vie-en-rose-pampilles-interchangeable-avec-ou-sans-creoles,,,,,,,,,La vie en rose 🩷 11,,,,,,,,,0.0,shopify,1,deny,manual,8.00,,true,true,,,,,,https://cdn.shopify.com/s/files/1/0908/5508/0263/files/B228B0F8-8748-44DF-847A-698DC3A5011C.jpg?v=1762936740,9,"",,,,,,,,,,,,,,,,,,https://cdn.shopify.com/s/files/1/0908/5508/0263/files/B228B0F8-8748-44DF-847A-698DC3A5011C.jpg?v=1762936740,kg,,,
la-vie-en-rose-pampilles-interchangeable-avec-ou-sans-creoles,,,,,,,,,La vie en rose 🩷 12,,,,,,,,,0.0,shopify,1,deny,manual,8.00,,true,true,,,,,,https://cdn.shopify.com/s/files/1/0908/5508/0263/files/799F6460-11F4-4580-8F95-6594CD127D92.jpg?v=1762936978,10,"",,,,,,,,,,,,,,,,,,https://cdn.shopify.com/s/files/1/0908/5508/0263/files/799F6460-11F4-4580-8F95-6594CD127D92.jpg?v=1762936978,kg,,,
la-vie-en-rose-pampilles-interchangeable-avec-ou-sans-creoles,,,,,,,,,🌸 rose/ rose fluo et or,,,,,,,,,0.0,shopify,1,deny,manual,8.00,,true,true,,,,,,https://cdn.shopify.com/s/files/1/0908/5508/0263/files/IMG-8243.heic?v=1771418940,11,"",,,,,,,,,,,,,,,,,,https://cdn.shopify.com/s/files/1/0908/5508/0263/files/IMG-8243.heic?v=1771418940,kg,,,
la-vie-en-rose-pampilles-interchangeable-avec-ou-sans-creoles,,,,,,,,,Rose fluo / or / rose,,,,,,,,,0.0,shopify,1,deny,manual,8.00,,true,true,,,,,,https://cdn.shopify.com/s/files/1/0908/5508/0263/files/IMG-8244.heic?v=1771419018,12,"",,,,,,,,,,,,,,,,,,https://cdn.shopify.com/s/files/1/0908/5508/0263/files/IMG-8244.heic?v=1771419018,kg,,,
la-vie-en-rose-pampilles-interchangeable-avec-ou-sans-creoles,,,,,,,,,🩷 rose fluo / rose et or,,,,,,,,,0.0,shopify,1,deny,manual,8.00,,true,true,,,,,,https://cdn.shopify.com/s/files/1/0908/5508/0263/files/IMG-8245.heic?v=1771419062,13,"",,,,,,,,,,,,,,,,,,https://cdn.shopify.com/s/files/1/0908/5508/0263/files/IMG-8245.heic?v=1771419062,kg,,,
la-vie-en-rose-pampilles-interchangeable-avec-ou-sans-creoles,,,,,,,,,🩷 allongé rose fluo/ rose / or,,,,,,,,,0.0,shopify,1,deny,manual,8.00,,true,true,,,,,,https://cdn.shopify.com/s/files/1/0908/5508/0263/files/IMG-8246.heic?v=1771419121,14,"",,,,,,,,,,,,,,,,,,https://cdn.shopify.com/s/files/1/0908/5508/0263/files/IMG-8246.heic?v=1771419121,kg,,,
la-vie-en-rose-pampilles-interchangeable-avec-ou-sans-creoles,,,,,,,,,Dégradée de rose /or,,,,,,,,,0.0,shopify,1,deny,manual,8.00,,true,true,,,,,,https://cdn.shopify.com/s/files/1/0908/5508/0263/files/IMG-8247.heic?v=1771419176,15,"",,,,,,,,,,,,,,,,,,https://cdn.shopify.com/s/files/1/0908/5508/0263/files/IMG-8247.heic?v=1771419176,kg,,,
la-vie-en-rose-pampilles-interchangeable-avec-ou-sans-creoles,,,,,,,,,🌸 différents rose /or,,,,,,,,,0.0,shopify,1,deny,manual,8.00,,true,true,,,,,,https://cdn.shopify.com/s/files/1/0908/5508/0263/files/IMG-8248.heic?v=1771419238,16,"",,,,,,,,,,,,,,,,,,https://cdn.shopify.com/s/files/1/0908/5508/0263/files/IMG-8248.heic?v=1771419238,kg,,,
la-vie-en-rose-pampilles-interchangeable-avec-ou-sans-creoles,,,,,,,,,💞 dégradée de 3 rose / or,,,,,,,,,0.0,shopify,1,deny,manual,8.00,,true,true,,,,,,https://cdn.shopify.com/s/files/1/0908/5508/0263/files/IMG-8249.heic?v=1771419298,17,"",,,,,,,,,,,,,,,,,,https://cdn.shopify.com/s/files/1/0908/5508/0263/files/IMG-8249.heic?v=1771419298,kg,,,
la-vie-en-rose-pampilles-interchangeable-avec-ou-sans-creoles,,,,,,,,,Rose (clair/ fluo) or,,,,,,,,,0.0,shopify,1,deny,manual,8.00,,true,true,,,,,,https://cdn.shopify.com/s/files/1/0908/5508/0263/files/IMG-8250.heic?v=1771419396,18,"",,,,,,,,,,,,,,,,,,https://cdn.shopify.com/s/files/1/0908/5508/0263/files/IMG-8250.heic?v=1771419396,kg,,,
la-vie-en-rose-pampilles-interchangeable-avec-ou-sans-creoles,,,,,,,,,▫️ la vie en rose / or,,,,,,,,,0.0,shopify,1,deny,manual,8.00,,true,true,,,,,,https://cdn.shopify.com/s/files/1/0908/5508/0263/files/IMG-8251.heic?v=1771419451,19,"",,,,,,,,,,,,,,,,,,https://cdn.shopify.com/s/files/1/0908/5508/0263/files/IMG-8251.heic?v=1771419451,kg,,,
la-vie-en-rose-pampilles-interchangeable-avec-ou-sans-creoles,,,,,,,,,🌸 la vie en rose / or,,,,,,,,,0.0,shopify,1,deny,manual,8.00,,true,true,,,,,,https://cdn.shopify.com/s/files/1/0908/5508/0263/files/IMG-8252.heic?v=1771419528,20,"",,,,,,,,,,,,,,,,,,https://cdn.shopify.com/s/files/1/0908/5508/0263/files/IMG-8252.heic?v=1771419528,kg,,,
eclat-de-terre-🍂-nuance-marron-pampilles-interchangeable-avec-ou-sans-creoles,Éclat de terre 🍂 *nuance marron *,"<p>Collection Éclat de terre 🍂</p>
<p>Le marron, couleur d’élégance et d’authenticité.</p>
<p class=""p1""><span class=""s1"">Une collection moderne, chic et facile à porter au quotidien.</span></p>
<p class=""p1""><span class=""s1"">Chaque pièce est fabriquée à la main en pâte polymère, certaine sont recouverte de résine.</span></p>
<p class=""p1""><span class=""s1"">Un matériau très délicat, léger et confortable.</span></p>
<p class=""p1""><span class=""s1"">En raison de la nature artisanale de mes produits, aucun produit ne peut être recréé exactement à l'identique. Vous obtiendrez toujours un modèle fait main unique qui correspond à votre style.</span></p>
<p class=""p1""><span class=""s1"">Conseils d'entretien : à conserver dans un endroit propre et sec. Tenir à l'écart des huiles, crèmes, parfums, etc. Ne pas porter dans l'eau. Peut se briser en cas de chute ou de torsion. Pour nettoyer la pâte polymère, frottez doucement avec un chiffon doux. </span></p>
<p><span>Créoles non incluses.</span></p>
<p><span>Les créoles peuvent être choisies et commandées séparément afin de personnaliser votre bijou.</span></p>
<p class=""p1""> </p>",JOLANANAS,Apparel & Accessories > Jewelry > Earrings,"","",true,R,Éclat de terre 🍂*nuance marron* 1,,,,,,,,,0.0,shopify,1,deny,manual,8.00,,true,true,,,,,,https://cdn.shopify.com/s/files/1/0908/5508/0263/files/99CFC879-E38D-42C3-9401-BF434B124BB0.jpg?v=1762931194,1,"",false,,,adultes,,,marron; gris; or; beige; noir; clair,pendante; diminue,,,polymere; resine; acier-inoxydable,bijoux-pate-polymere; bijoux-resine,,,,feminin,,https://cdn.shopify.com/s/files/1/0908/5508/0263/files/99CFC879-E38D-42C3-9401-BF434B124BB0.jpg?v=1762931194,kg,,,active
eclat-de-terre-🍂-nuance-marron-pampilles-interchangeable-avec-ou-sans-creoles,,,,,,,,,Éclat de terre 🍂*nuance marron* 2,,,,,,,,,0.0,shopify,1,deny,manual,8.00,,true,true,,,,,,https://cdn.shopify.com/s/files/1/0908/5508/0263/files/7058149B-F9C3-4E3A-8F09-235678F2FB8F.jpg?v=1762931315,2,"",,,,,,,,,,,,,,,,,,https://cdn.shopify.com/s/files/1/0908/5508/0263/files/7058149B-F9C3-4E3A-8F09-235678F2FB8F.jpg?v=1762931315,kg,,,
eclat-de-terre-🍂-nuance-marron-pampilles-interchangeable-avec-ou-sans-creoles,,,,,,,,,Éclat de terre 🍂*nuance marron* 4,,,,,,,,,0.0,shopify,1,deny,manual,8.00,,true,true,,,,,,https://cdn.shopify.com/s/files/1/0908/5508/0263/files/93A5655C-75E3-45FF-8814-CC708E769BFE.jpg?v=1762931413,3,"",,,,,,,,,,,,,,,,,,https://cdn.shopify.com/s/files/1/0908/5508/0263/files/93A5655C-75E3-45FF-8814-CC708E769BFE.jpg?v=1762931413,kg,,,
eclat-de-terre-🍂-nuance-marron-pampilles-interchangeable-avec-ou-sans-creoles,,,,,,,,,Éclat de terre 🍂*nuance marron* 5,,,,,,,,,0.0,shopify,1,deny,manual,8.00,,true,true,,,,,,https://cdn.shopify.com/s/files/1/0908/5508/0263/files/6960823A-E34D-436A-BB7E-14886CC847AA.jpg?v=1762931470,4,"",,,,,,,,,,,,,,,,,,https://cdn.shopify.com/s/files/1/0908/5508/0263/files/6960823A-E34D-436A-BB7E-14886CC847AA.jpg?v=1762931470,kg,,,
eclat-de-terre-🍂-nuance-marron-pampilles-interchangeable-avec-ou-sans-creoles,,,,,,,,,Éclat de terre 🍂*nuance marron*6,,,,,,,,,0.0,shopify,1,deny,manual,8.00,,true,true,,,,,,https://cdn.shopify.com/s/files/1/0908/5508/0263/files/11CAF54F-0D93-45C8-A29F-F019ED4DCEA2.jpg?v=1762931516,5,"",,,,,,,,,,,,,,,,,,https://cdn.shopify.com/s/files/1/0908/5508/0263/files/11CAF54F-0D93-45C8-A29F-F019ED4DCEA2.jpg?v=1762931516,kg,,,
eclat-de-terre-🍂-nuance-marron-pampilles-interchangeable-avec-ou-sans-creoles,,,,,,,,,Éclat de terre 🍂*nuance marron*7,,,,,,,,,0.0,shopify,1,deny,manual,8.00,,true,true,,,,,,https://cdn.shopify.com/s/files/1/0908/5508/0263/files/D796B95D-B394-45F1-8DCE-BE7FFB1AF566.jpg?v=1762931563,6,"",,,,,,,,,,,,,,,,,,https://cdn.shopify.com/s/files/1/0908/5508/0263/files/D796B95D-B394-45F1-8DCE-BE7FFB1AF566.jpg?v=1762931563,kg,,,
eclat-de-terre-🍂-nuance-marron-pampilles-interchangeable-avec-ou-sans-creoles,,,,,,,,,Éclat de terre 🍂*nuance marron* 8,,,,,,,,,0.0,shopify,1,deny,manual,8.00,,true,true,,,,,,https://cdn.shopify.com/s/files/1/0908/5508/0263/files/D8BB9680-75D4-4F76-A481-43786A985F55.jpg?v=1762931632,7,"",,,,,,,,,,,,,,,,,,https://cdn.shopify.com/s/files/1/0908/5508/0263/files/D8BB9680-75D4-4F76-A481-43786A985F55.jpg?v=1762931632,kg,,,
eclat-de-terre-🍂-nuance-marron-pampilles-interchangeable-avec-ou-sans-creoles,,,,,,,,,Éclat de terre 🍂*nuance marron* 9,,,,,,,,,0.0,shopify,1,deny,manual,8.00,,true,true,,,,,,https://cdn.shopify.com/s/files/1/0908/5508/0263/files/D76A84B9-9285-491E-BC5A-890EA1075FA9.jpg?v=1762931713,8,"",,,,,,,,,,,,,,,,,,https://cdn.shopify.com/s/files/1/0908/5508/0263/files/D76A84B9-9285-491E-BC5A-890EA1075FA9.jpg?v=1762931713,kg,,,
eclat-de-terre-🍂-nuance-marron-pampilles-interchangeable-avec-ou-sans-creoles,,,,,,,,,Éclat de terre 🍂*nuance marron *10,,,,,,,,,0.0,shopify,1,deny,manual,8.00,,true,true,,,,,,https://cdn.shopify.com/s/files/1/0908/5508/0263/files/69CB92FF-1D62-4530-8F94-8CBE5479EA77.jpg?v=1762931758,9,"",,,,,,,,,,,,,,,,,,https://cdn.shopify.com/s/files/1/0908/5508/0263/files/69CB92FF-1D62-4530-8F94-8CBE5479EA77.jpg?v=1762931758,kg,,,
eclat-de-terre-🍂-nuance-marron-pampilles-interchangeable-avec-ou-sans-creoles,,,,,,,,,Éclat de terre 🍂*nuance marron* 11,,,,,,,,,0.0,shopify,1,deny,manual,8.00,,true,true,,,,,,https://cdn.shopify.com/s/files/1/0908/5508/0263/files/CD9F1C4E-5A1E-4D9F-867A-6F4C801C2740.jpg?v=1762931807,10,"",,,,,,,,,,,,,,,,,,https://cdn.shopify.com/s/files/1/0908/5508/0263/files/CD9F1C4E-5A1E-4D9F-867A-6F4C801C2740.jpg?v=1762931807,kg,,,
eclat-de-terre-🍂-nuance-marron-pampilles-interchangeable-avec-ou-sans-creoles,,,,,,,,,Éclat de terre 🍂*nuance marron* 12,,,,,,,,,0.0,shopify,1,deny,manual,8.00,,true,true,,,,,,https://cdn.shopify.com/s/files/1/0908/5508/0263/files/7AD0424F-0C81-4FFB-AC36-419D924D391F.jpg?v=1762931850,11,"",,,,,,,,,,,,,,,,,,https://cdn.shopify.com/s/files/1/0908/5508/0263/files/7AD0424F-0C81-4FFB-AC36-419D924D391F.jpg?v=1762931850,kg,,,
eclat-de-terre-🍂-nuance-marron-pampilles-interchangeable-avec-ou-sans-creoles,,,,,,,,,Éclat de terre 🍂*nuance marron*13,,,,,,,,,0.0,shopify,1,deny,manual,8.00,,true,true,,,,,,https://cdn.shopify.com/s/files/1/0908/5508/0263/files/CD027AA3-23C8-4070-B5A3-EFC0365A2ED2.jpg?v=1762931902,12,"",,,,,,,,,,,,,,,,,,https://cdn.shopify.com/s/files/1/0908/5508/0263/files/CD027AA3-23C8-4070-B5A3-EFC0365A2ED2.jpg?v=1762931902,kg,,,
eclat-de-terre-🍂-nuance-marron-pampilles-interchangeable-avec-ou-sans-creoles,,,,,,,,,Éclat de terre 🍂*nuance marron* 14,,,,,,,,,0.0,shopify,1,deny,manual,8.00,,true,true,,,,,,https://cdn.shopify.com/s/files/1/0908/5508/0263/files/464A379B-A8C5-4C7C-8B6A-65468FEBA9AF.jpg?v=1762931978,13,"",,,,,,,,,,,,,,,,,,https://cdn.shopify.com/s/files/1/0908/5508/0263/files/464A379B-A8C5-4C7C-8B6A-65468FEBA9AF.jpg?v=1762931978,kg,,,
eclat-de-terre-🍂-nuance-marron-pampilles-interchangeable-avec-ou-sans-creoles,,,,,,,,,Éclat de terre 🍂*nuance marron*16,,,,,,,,,0.0,shopify,1,deny,manual,8.00,,true,true,,,,,,https://cdn.shopify.com/s/files/1/0908/5508/0263/files/4DE7B0C6-FC78-4DD4-BF63-B3FC56C6BD33.jpg?v=1762932049,14,"",,,,,,,,,,,,,,,,,,https://cdn.shopify.com/s/files/1/0908/5508/0263/files/4DE7B0C6-FC78-4DD4-BF63-B3FC56C6BD33.jpg?v=1762932049,kg,,,
eclat-de-terre-🍂-nuance-marron-pampilles-interchangeable-avec-ou-sans-creoles,,,,,,,,,Éclat de terre 🍂*nuance marron*17,,,,,,,,,0.0,shopify,1,deny,manual,8.00,,true,true,,,,,,https://cdn.shopify.com/s/files/1/0908/5508/0263/files/41B1CBA9-565A-4FA8-8A3D-B79627F43F5A.jpg?v=1762932088,15,"",,,,,,,,,,,,,,,,,,https://cdn.shopify.com/s/files/1/0908/5508/0263/files/41B1CBA9-565A-4FA8-8A3D-B79627F43F5A.jpg?v=1762932088,kg,,,
eclat-de-terre-🍂-nuance-marron-pampilles-interchangeable-avec-ou-sans-creoles,,,,,,,,,Éclat de terre 🍂*nuance marron*18,,,,,,,,,0.0,shopify,1,deny,manual,8.00,,true,true,,,,,,https://cdn.shopify.com/s/files/1/0908/5508/0263/files/9ADB74A3-AEE1-4E7D-A3D0-88A26792814D.jpg?v=1762932170,16,"",,,,,,,,,,,,,,,,,,https://cdn.shopify.com/s/files/1/0908/5508/0263/files/9ADB74A3-AEE1-4E7D-A3D0-88A26792814D.jpg?v=1762932170,kg,,,
eclat-de-terre-🍂-nuance-marron-pampilles-interchangeable-avec-ou-sans-creoles,,,,,,,,,Éclat de terre 🍂*nuance marron*19,,,,,,,,,0.0,shopify,1,deny,manual,8.00,,true,true,,,,,,https://cdn.shopify.com/s/files/1/0908/5508/0263/files/6E929AE3-12AF-4077-AF81-FB6BB13A9866.jpg?v=1762932202,17,"",,,,,,,,,,,,,,,,,,https://cdn.shopify.com/s/files/1/0908/5508/0263/files/6E929AE3-12AF-4077-AF81-FB6BB13A9866.jpg?v=1762932202,kg,,,
eclat-de-terre-🍂-nuance-marron-pampilles-interchangeable-avec-ou-sans-creoles,,,,,,,,,Éclat de terre 🍂*nuance marron* 20,,,,,,,,,0.0,shopify,1,deny,manual,8.00,,true,true,,,,,,https://cdn.shopify.com/s/files/1/0908/5508/0263/files/F158CDA6-8A74-47D0-9D0A-1AE6137554C6.jpg?v=1762932236,18,"",,,,,,,,,,,,,,,,,,https://cdn.shopify.com/s/files/1/0908/5508/0263/files/F158CDA6-8A74-47D0-9D0A-1AE6137554C6.jpg?v=1762932236,kg,,,
eclat-de-terre-🍂-nuance-marron-pampilles-interchangeable-avec-ou-sans-creoles,,,,,,,,,Éclat de terre 🍂 *nuance marron *,,,,,,,,,0.0,shopify,1,deny,manual,8.00,,true,true,,,,,,https://cdn.shopify.com/s/files/1/0908/5508/0263/files/779F3A70-30CD-4BD2-A9C2-EB4FE493F513.jpg?v=1766479090,19,"",,,,,,,,,,,,,,,,,,https://cdn.shopify.com/s/files/1/0908/5508/0263/files/779F3A70-30CD-4BD2-A9C2-EB4FE493F513.jpg?v=1766479090,kg,,,
eclat-de-terre-🍂-nuance-marron-pampilles-interchangeable-avec-ou-sans-creoles,,,,,,,,,Éclat de terre 🍂 *nuance marron*  🍂,,,,,,,,,0.0,shopify,1,deny,manual,8.00,,true,true,,,,,,https://cdn.shopify.com/s/files/1/0908/5508/0263/files/97BB8F2D-C9BC-4781-8598-19D68D3A84A0.jpg?v=1766479179,20,"",,,,,,,,,,,,,,,,,,https://cdn.shopify.com/s/files/1/0908/5508/0263/files/97BB8F2D-C9BC-4781-8598-19D68D3A84A0.jpg?v=1766479179,kg,,,
eclat-de-terre-🍂-nuance-marron-pampilles-interchangeable-avec-ou-sans-creoles,,,,,,,,,Éclat de terre 🍂*nuance marron*🎀,,,,,,,,,0.0,shopify,1,deny,manual,8.00,,true,true,,,,,,https://cdn.shopify.com/s/files/1/0908/5508/0263/files/C1F83F88-2243-4C8E-92DC-E754E02D692F.jpg?v=1766489402,21,"",,,,,,,,,,,,,,,,,,https://cdn.shopify.com/s/files/1/0908/5508/0263/files/C1F83F88-2243-4C8E-92DC-E754E02D692F.jpg?v=1766489402,kg,,,
eclat-de-terre-🍂-nuance-marron-pampilles-interchangeable-avec-ou-sans-creoles,,,,,,,,,Éclat de terre🍂*nuance marron* ronde doré,,,,,,,,,0.0,shopify,1,deny,manual,8.00,,true,true,,,,,,https://cdn.shopify.com/s/files/1/0908/5508/0263/files/319A8049-C90F-48D8-AB67-0F9174F6C1D6.jpg?v=1766489576,22,"",,,,,,,,,,,,,,,,,,https://cdn.shopify.com/s/files/1/0908/5508/0263/files/319A8049-C90F-48D8-AB67-0F9174F6C1D6.jpg?v=1766489576,kg,,,
eclat-de-terre-🍂-nuance-marron-pampilles-interchangeable-avec-ou-sans-creoles,,,,,,,,,Éclat de terre 🍂 aux nuances doré,,,,,,,,,0.0,shopify,1,deny,manual,8.00,,true,true,,,,,,https://cdn.shopify.com/s/files/1/0908/5508/0263/files/D9FE57B4-08B9-44B9-B345-6DBF313EF3DA.jpg?v=1766489661,23,"",,,,,,,,,,,,,,,,,,https://cdn.shopify.com/s/files/1/0908/5508/0263/files/D9FE57B4-08B9-44B9-B345-6DBF313EF3DA.jpg?v=1766489661,kg,,,
eclat-de-terre-🍂-nuance-marron-pampilles-interchangeable-avec-ou-sans-creoles,,,,,,,,,Éclat de terre 🍂feuille d’or,,,,,,,,,0.0,shopify,1,deny,manual,8.00,,true,true,,,,,,https://cdn.shopify.com/s/files/1/0908/5508/0263/files/1C300884-BB88-4A41-AA5B-E1342B004724.jpg?v=1766489781,24,"",,,,,,,,,,,,,,,,,,https://cdn.shopify.com/s/files/1/0908/5508/0263/files/1C300884-BB88-4A41-AA5B-E1342B004724.jpg?v=1766489781,kg,,,
eclat-de-terre-🍂-nuance-marron-pampilles-interchangeable-avec-ou-sans-creoles,,,,,,,,,Éclat de terre 🍂 feuille d’or ▫️,,,,,,,,,0.0,shopify,1,deny,manual,8.00,,true,true,,,,,,https://cdn.shopify.com/s/files/1/0908/5508/0263/files/B2E4FFE5-609E-49FE-A28E-0B59171F5EAB.jpg?v=1766489877,25,"",,,,,,,,,,,,,,,,,,https://cdn.shopify.com/s/files/1/0908/5508/0263/files/B2E4FFE5-609E-49FE-A28E-0B59171F5EAB.jpg?v=1766489877,kg,,,
eclat-de-terre-🍂-nuance-marron-pampilles-interchangeable-avec-ou-sans-creoles,,,,,,,,,Éclat de terre 🍂Pailletées,,,,,,,,,0.0,shopify,1,deny,manual,8.00,,true,true,,,,,,https://cdn.shopify.com/s/files/1/0908/5508/0263/files/E4CC5AB1-1D2A-402A-B5FD-69A29434BAE2.jpg?v=1766489965,26,"",,,,,,,,,,,,,,,,,,https://cdn.shopify.com/s/files/1/0908/5508/0263/files/E4CC5AB1-1D2A-402A-B5FD-69A29434BAE2.jpg?v=1766489965,kg,,,
eclat-de-terre-🍂-nuance-marron-pampilles-interchangeable-avec-ou-sans-creoles,,,,,,,,,Éclat de terre 🍂 feuilles d’or,,,,,,,,,0.0,shopify,1,deny,manual,8.00,,true,true,,,,,,https://cdn.shopify.com/s/files/1/0908/5508/0263/files/9690AD2B-98D8-451C-A077-DBE92909B421.jpg?v=1766490036,27,"",,,,,,,,,,,,,,,,,,https://cdn.shopify.com/s/files/1/0908/5508/0263/files/9690AD2B-98D8-451C-A077-DBE92909B421.jpg?v=1766490036,kg,,,
eclat-de-terre-🍂-nuance-marron-pampilles-interchangeable-avec-ou-sans-creoles,,,,,,,,,Éclat de terre 🍂 avec ces feuilles d’or,,,,,,,,,0.0,shopify,1,deny,manual,8.00,,true,true,,,,,,https://cdn.shopify.com/s/files/1/0908/5508/0263/files/EBF2CB11-E3FF-4AD0-B51F-C64B355771C0.jpg?v=1766490119,28,"",,,,,,,,,,,,,,,,,,https://cdn.shopify.com/s/files/1/0908/5508/0263/files/EBF2CB11-E3FF-4AD0-B51F-C64B355771C0.jpg?v=1766490119,kg,,,
eclat-de-terre-🍂-nuance-marron-pampilles-interchangeable-avec-ou-sans-creoles,,,,,,,,,Éclat de terre 🍂avec paillettes,,,,,,,,,0.0,shopify,1,deny,manual,8.00,,true,true,,,,,,https://cdn.shopify.com/s/files/1/0908/5508/0263/files/91A3FF30-1AC8-41B0-9086-826532FBF00A.jpg?v=1766490198,29,"",,,,,,,,,,,,,,,,,,https://cdn.shopify.com/s/files/1/0908/5508/0263/files/91A3FF30-1AC8-41B0-9086-826532FBF00A.jpg?v=1766490198,kg,,,
eclat-de-terre-🍂-nuance-marron-pampilles-interchangeable-avec-ou-sans-creoles,,,,,,,,,Éclat de terre 🍂 pailletées,,,,,,,,,0.0,shopify,1,deny,manual,8.00,,true,true,,,,,,https://cdn.shopify.com/s/files/1/0908/5508/0263/files/85F4477A-861E-4E1C-9E3C-B8C822A288CE.jpg?v=1766490268,30,"",,,,,,,,,,,,,,,,,,https://cdn.shopify.com/s/files/1/0908/5508/0263/files/85F4477A-861E-4E1C-9E3C-B8C822A288CE.jpg?v=1766490268,kg,,,
black-gold-pampilles-interchangeable-avec-ou-sans-creoles,Black & Gold,"<p> </p>
<p>Collection Black &amp; Gold :</p>
<p>Le noir c’est le style. Le doré , c’est la signature.</p>
<p> </p>
<p class=""p1""><span class=""s1"">Une collection moderne, chic et facile à porter au quotidien ou en soirée...</span></p>
<p class=""p1""><span class=""s1"">Chaque pièce est fabriquée à la main en pâte polymère, certaine sont recouverte de résine.</span></p>
<p class=""p1""><span class=""s1"">Un matériau très délicat, léger et confortable.</span></p>
<p class=""p1""><span class=""s1"">En raison de la nature artisanale de mes produits, aucun produit ne peut être recréé exactement à l'identique. Vous obtiendrez toujours un modèle fait main unique qui correspond à votre style.</span></p>
<p class=""p1""><span class=""s1"">Conseils d'entretien : à conserver dans un endroit propre et sec. Tenir à l'écart des huiles, crèmes, parfums, etc. Ne pas porter dans l'eau. Peut se briser en cas de chute ou de torsion. Pour nettoyer la pâte polymère, frottez doucement avec un chiffon doux.</span></p>
<p><span>Créoles non incluses.</span></p>
<p><span>Les créoles peuvent être choisies et commandées séparément afin de personnaliser votre bijou.</span></p>
<p class=""p1""><span class=""s1""> </span></p>
<p class=""p2""><span class=""s1""><span class=""Apple-converted-space"">   </span></span></p>",JOLANANAS,Apparel & Accessories > Jewelry > Earrings,"","",true,À,Black & Gold  1,,,,,,,,,0.0,shopify,1,deny,manual,8.00,,true,true,,,,,,https://cdn.shopify.com/s/files/1/0908/5508/0263/files/7F01B64F-0F75-4C94-AC4E-FD5DAF976BE5.jpg?v=1762883141,1,"",false,,,,,,or; noir,,,,polymere; resine; acier-inoxydable,bijoux-pate-polymere,,,,,,https://cdn.shopify.com/s/files/1/0908/5508/0263/files/7F01B64F-0F75-4C94-AC4E-FD5DAF976BE5.jpg?v=1762883141,kg,,,active
black-gold-pampilles-interchangeable-avec-ou-sans-creoles,,,,,,,,,Black & Gold  2,,,,,,,,,0.0,shopify,1,deny,manual,8.00,,true,true,,,,,,https://cdn.shopify.com/s/files/1/0908/5508/0263/files/D64A43B1-25E5-4EF3-9961-7EC8A5C5E7BA.jpg?v=1762883182,2,"",,,,,,,,,,,,,,,,,,https://cdn.shopify.com/s/files/1/0908/5508/0263/files/D64A43B1-25E5-4EF3-9961-7EC8A5C5E7BA.jpg?v=1762883182,kg,,,
black-gold-pampilles-interchangeable-avec-ou-sans-creoles,,,,,,,,,Black & Gold  3,,,,,,,,,0.0,shopify,1,deny,manual,8.00,,true,true,,,,,,https://cdn.shopify.com/s/files/1/0908/5508/0263/files/F63C6D1C-5DDB-4743-A64E-2A2F98D6A138.jpg?v=1762883219,3,"",,,,,,,,,,,,,,,,,,https://cdn.shopify.com/s/files/1/0908/5508/0263/files/F63C6D1C-5DDB-4743-A64E-2A2F98D6A138.jpg?v=1762883219,kg,,,
black-gold-pampilles-interchangeable-avec-ou-sans-creoles,,,,,,,,,Black & Gold 4,,,,,,,,,0.0,shopify,1,deny,manual,8.00,,true,true,,,,,,https://cdn.shopify.com/s/files/1/0908/5508/0263/files/398A9B92-7A3B-4C6A-B3BD-97D06217E4C9.jpg?v=1762883260,4,"",,,,,,,,,,,,,,,,,,https://cdn.shopify.com/s/files/1/0908/5508/0263/files/398A9B92-7A3B-4C6A-B3BD-97D06217E4C9.jpg?v=1762883260,kg,,,
black-gold-pampilles-interchangeable-avec-ou-sans-creoles,,,,,,,,,Black & Gold 5,,,,,,,,,0.0,shopify,1,deny,manual,8.00,,true,true,,,,,,https://cdn.shopify.com/s/files/1/0908/5508/0263/files/E01D05C9-8A41-462C-97FA-D73DF16FAA20.jpg?v=1762883289,5,"",,,,,,,,,,,,,,,,,,https://cdn.shopify.com/s/files/1/0908/5508/0263/files/E01D05C9-8A41-462C-97FA-D73DF16FAA20.jpg?v=1762883289,kg,,,
black-gold-pampilles-interchangeable-avec-ou-sans-creoles,,,,,,,,,Black & Gold  6,,,,,,,,,0.0,shopify,1,deny,manual,8.00,,true,true,,,,,,https://cdn.shopify.com/s/files/1/0908/5508/0263/files/E8B74AE1-1808-412C-9523-4674604F7325.jpg?v=1762883322,6,"",,,,,,,,,,,,,,,,,,https://cdn.shopify.com/s/files/1/0908/5508/0263/files/E8B74AE1-1808-412C-9523-4674604F7325.jpg?v=1762883322,kg,,,
black-gold-pampilles-interchangeable-avec-ou-sans-creoles,,,,,,,,,Black & Gold  7,,,,,,,,,0.0,shopify,1,deny,manual,8.00,,true,true,,,,,,https://cdn.shopify.com/s/files/1/0908/5508/0263/files/4185FC7A-4777-4D17-9383-A0DE263BD836.jpg?v=1762929864,7,"",,,,,,,,,,,,,,,,,,https://cdn.shopify.com/s/files/1/0908/5508/0263/files/4185FC7A-4777-4D17-9383-A0DE263BD836.jpg?v=1762929864,kg,,,
black-gold-pampilles-interchangeable-avec-ou-sans-creoles,,,,,,,,,Black & Gold  8,,,,,,,,,0.0,shopify,1,deny,manual,8.00,,true,true,,,,,,https://cdn.shopify.com/s/files/1/0908/5508/0263/files/32BA60D2-9022-44C7-AAE2-D7129DDA6E62.jpg?v=1762929944,8,"",,,,,,,,,,,,,,,,,,https://cdn.shopify.com/s/files/1/0908/5508/0263/files/32BA60D2-9022-44C7-AAE2-D7129DDA6E62.jpg?v=1762929944,kg,,,
black-gold-pampilles-interchangeable-avec-ou-sans-creoles,,,,,,,,,Black & Gold 9,,,,,,,,,0.0,shopify,1,deny,manual,8.00,,true,true,,,,,,https://cdn.shopify.com/s/files/1/0908/5508/0263/files/342CA483-5944-4BFE-A5EF-6328E9FB3FCE.jpg?v=1762930053,9,"",,,,,,,,,,,,,,,,,,https://cdn.shopify.com/s/files/1/0908/5508/0263/files/342CA483-5944-4BFE-A5EF-6328E9FB3FCE.jpg?v=1762930053,kg,,,
black-gold-pampilles-interchangeable-avec-ou-sans-creoles,,,,,,,,,Black & Gold 10,,,,,,,,,0.0,shopify,1,deny,manual,8.00,,true,true,,,,,,https://cdn.shopify.com/s/files/1/0908/5508/0263/files/0C6961F2-660E-4C0F-A1A5-A174720F316E.jpg?v=1762930104,10,"",,,,,,,,,,,,,,,,,,https://cdn.shopify.com/s/files/1/0908/5508/0263/files/0C6961F2-660E-4C0F-A1A5-A174720F316E.jpg?v=1762930104,kg,,,
black-gold-pampilles-interchangeable-avec-ou-sans-creoles,,,,,,,,,Black & Gold 11,,,,,,,,,0.0,shopify,1,deny,manual,8.00,,true,true,,,,,,https://cdn.shopify.com/s/files/1/0908/5508/0263/files/9F2EB436-10C9-4525-B90A-60867EB9DB5B.jpg?v=1762930150,11,"",,,,,,,,,,,,,,,,,,https://cdn.shopify.com/s/files/1/0908/5508/0263/files/9F2EB436-10C9-4525-B90A-60867EB9DB5B.jpg?v=1762930150,kg,,,
black-gold-pampilles-interchangeable-avec-ou-sans-creoles,,,,,,,,,Black & Gold 13,,,,,,,,,0.0,shopify,1,deny,manual,8.00,,true,true,,,,,,https://cdn.shopify.com/s/files/1/0908/5508/0263/files/7655D7B1-FA2D-45B3-847E-8C074AFBFEE2.jpg?v=1762930214,12,"",,,,,,,,,,,,,,,,,,https://cdn.shopify.com/s/files/1/0908/5508/0263/files/80FF990C-00EF-4EB1-B1A3-C724928A4521.jpg?v=1763131539,kg,,,
black-gold-pampilles-interchangeable-avec-ou-sans-creoles,,,,,,,,,Black & Gold carré,,,,,,,,,0.0,shopify,1,deny,manual,8.00,,true,true,,,,,,https://cdn.shopify.com/s/files/1/0908/5508/0263/files/80FF990C-00EF-4EB1-B1A3-C724928A4521.jpg?v=1763131539,13,"",,,,,,,,,,,,,,,,,,https://cdn.shopify.com/s/files/1/0908/5508/0263/files/E1B4B6BD-0A53-47CD-8686-ECD3B7775284.jpg?v=1766490400,kg,,,
black-gold-pampilles-interchangeable-avec-ou-sans-creoles,,,,,,,,,Black & Gold feuille d’or,,,,,,,,,0.0,shopify,1,deny,manual,8.00,,true,true,,,,,,https://cdn.shopify.com/s/files/1/0908/5508/0263/files/E1B4B6BD-0A53-47CD-8686-ECD3B7775284.jpg?v=1766490400,14,"",,,,,,,,,,,,,,,,,,https://cdn.shopify.com/s/files/1/0908/5508/0263/files/59DA6CB0-942D-4A8D-9368-06864CD9D337.jpg?v=1766490462,kg,,,
black-gold-pampilles-interchangeable-avec-ou-sans-creoles,,,,,,,,,Black & Gold 🎀,,,,,,,,,0.0,shopify,1,deny,manual,8.00,,true,true,,,,,,https://cdn.shopify.com/s/files/1/0908/5508/0263/files/59DA6CB0-942D-4A8D-9368-06864CD9D337.jpg?v=1766490462,15,"",,,,,,,,,,,,,,,,,,https://cdn.shopify.com/s/files/1/0908/5508/0263/files/AFB5C95B-A49D-4D7F-A556-8E7ED7332945.jpg?v=1766490514,kg,,,
black-gold-pampilles-interchangeable-avec-ou-sans-creoles,,,,,,,,,Black & Gold ronde,,,,,,,,,0.0,shopify,1,deny,manual,8.00,,true,true,,,,,,https://cdn.shopify.com/s/files/1/0908/5508/0263/files/AFB5C95B-A49D-4D7F-A556-8E7ED7332945.jpg?v=1766490514,16,"",,,,,,,,,,,,,,,,,,https://cdn.shopify.com/s/files/1/0908/5508/0263/files/B3F2B1D8-7A7F-4780-B458-FCE3BF838E5E.jpg?v=1766490591,kg,,,
black-gold-pampilles-interchangeable-avec-ou-sans-creoles,,,,,,,,,Black & Gold,,,,,,,,,0.0,shopify,1,deny,manual,8.00,,true,true,,,,,,https://cdn.shopify.com/s/files/1/0908/5508/0263/files/B3F2B1D8-7A7F-4780-B458-FCE3BF838E5E.jpg?v=1766490591,17,"",,,,,,,,,,,,,,,,,,https://cdn.shopify.com/s/files/1/0908/5508/0263/files/765B85B9-3C28-4794-A3EC-17CF53FBD8F6.jpg?v=1766490853,kg,,,
black-gold-pampilles-interchangeable-avec-ou-sans-creoles,,,,,,,,,Black & Gold 🎀 🎀,,,,,,,,,0.0,shopify,1,deny,manual,8.00,,true,true,,,,,,https://cdn.shopify.com/s/files/1/0908/5508/0263/files/765B85B9-3C28-4794-A3EC-17CF53FBD8F6.jpg?v=1766490853,18,"",,,,,,,,,,,,,,,,,,https://cdn.shopify.com/s/files/1/0908/5508/0263/files/3C5B8386-5467-4D2E-A17D-80584D0AF197.jpg?v=1766490899,kg,,,
black-gold-pampilles-interchangeable-avec-ou-sans-creoles,,,,,,,,,Black & Gold 💕,,,,,,,,,0.0,shopify,1,deny,manual,8.00,,true,true,,,,,,https://cdn.shopify.com/s/files/1/0908/5508/0263/files/3C5B8386-5467-4D2E-A17D-80584D0AF197.jpg?v=1766490899,19,"",,,,,,,,,,,,,,,,,,https://cdn.shopify.com/s/files/1/0908/5508/0263/files/A9CBE4DF-DE2B-49FC-A6DC-4D0717A626E6.jpg?v=1766490974,kg,,,
black-gold-pampilles-interchangeable-avec-ou-sans-creoles,,,,,,,,,Black & GOld ◾️,,,,,,,,,0.0,shopify,1,deny,manual,8.00,,true,true,,,,,,https://cdn.shopify.com/s/files/1/0908/5508/0263/files/A9CBE4DF-DE2B-49FC-A6DC-4D0717A626E6.jpg?v=1766490974,20,"",,,,,,,,,,,,,,,,,,https://cdn.shopify.com/s/files/1/0908/5508/0263/files/48E751A5-6203-4CAD-9C9D-1A9E1C9BFFEE.jpg?v=1766491029,kg,,,
black-gold-pampilles-interchangeable-avec-ou-sans-creoles,,,,,,,,,Black & Gold feuille d’or / paillettes,,,,,,,,,0.0,shopify,1,deny,manual,8.00,,true,true,,,,,,https://cdn.shopify.com/s/files/1/0908/5508/0263/files/48E751A5-6203-4CAD-9C9D-1A9E1C9BFFEE.jpg?v=1766491029,21,"",,,,,,,,,,,,,,,,,,https://cdn.shopify.com/s/files/1/0908/5508/0263/files/9AEB6832-C0F1-48C0-9EFE-995044ADAF1D.jpg?v=1766491153,kg,,,
black-gold-pampilles-interchangeable-avec-ou-sans-creoles,,,,,,,,,Black & Gold ◾️ / feuilles d’or,,,,,,,,,0.0,shopify,1,deny,manual,8.00,,true,true,,,,,,https://cdn.shopify.com/s/files/1/0908/5508/0263/files/9AEB6832-C0F1-48C0-9EFE-995044ADAF1D.jpg?v=1766491153,22,"",,,,,,,,,,,,,,,,,,https://cdn.shopify.com/s/files/1/0908/5508/0263/files/1335E8BC-518F-471A-8327-2C94C7149191.jpg?v=1766491201,kg,,,
black-gold-pampilles-interchangeable-avec-ou-sans-creoles,,,,,,,,,,,,,,,,,,,,,,,,,,,,,,,,https://cdn.shopify.com/s/files/1/0908/5508/0263/files/1335E8BC-518F-471A-8327-2C94C7149191.jpg?v=1766491201,23,"",,,,,,,,,,,,,,,,,,,,,,
boucle-d-oreilles-collection-resine-1,Boucle d’oreilles collection : Résine,"<p><span>Collection Résine :</span></p>
<p><span>Chaque paire est coulée et assemblée à la main.</span></p>
<p><span>La résine cristalline laisse apparaître des inclusions délicates : fleurs séchées, paillettes, nacres ou motifs colorés…</span></p>
<p><span>Légères comme une plume, elles se portent toute la journée sans gêne.</span></p>
<p><span>Un bijou unique, fait à la main, pour un style tout en douceur et originalité.</span></p>
<p><span>Idéales pour offrir… ou se faire plaisir 🌸✨ </span></p>
<p class=""p1""><span class=""s1"">Un matériau très délicat, léger et confortable.</span></p>
<p class=""p1""><span class=""s1"">En raison de la nature artisanale de mes produits, aucun produit ne peut être recréé exactement à l'identique. Vous obtiendrez toujours un modèle fait main unique qui correspond à votre style.</span></p>
<p class=""p1""><span class=""s1"">Conseils d'entretien : à conserver dans un endroit propre et sec. Tenir à l'écart des huiles, crèmes, parfums, etc. Ne pas porter dans l'eau. Peut se briser en cas de chute ou de torsion. Pour nettoyer frottez doucement avec un chiffon doux. </span></p>",JOLANANAS,Apparel & Accessories > Jewelry > Earrings,Bijoux resine,"",true,2,Boucle d’oreilles collection: Résine 2,,,,,,,,,0.0,shopify,1,deny,manual,16.00,,true,true,,,,,,https://cdn.shopify.com/s/files/1/0908/5508/0263/files/D6E83920-E400-431E-B7D8-77B8D70A514A.jpg?v=1762876994,1,"",false,,,adultes,,,multicolore,pendante,,,resine; acier-inoxydable,bijoux-resine,,,,feminin,,https://cdn.shopify.com/s/files/1/0908/5508/0263/files/9ED2020C-EBAE-4105-81E0-BC5EE3F79654.jpg?v=1762877140,kg,,,active
boucle-d-oreilles-collection-resine-1,,,,,,,,,Boucle d’oreilles collection : Résine 3,,,,,,,,,0.0,shopify,1,deny,manual,16.00,,true,true,,,,,,https://cdn.shopify.com/s/files/1/0908/5508/0263/files/9ED2020C-EBAE-4105-81E0-BC5EE3F79654.jpg?v=1762877140,2,"",,,,,,,,,,,,,,,,,,https://cdn.shopify.com/s/files/1/0908/5508/0263/files/A7FF02A5-80F2-4055-98F7-549C38771EFE.jpg?v=1762877200,kg,,,
boucle-d-oreilles-collection-resine-1,,,,,,,,,Boucle d’oreilles collection : Résine 4,,,,,,,,,0.0,shopify,1,deny,manual,16.00,,true,true,,,,,,https://cdn.shopify.com/s/files/1/0908/5508/0263/files/A7FF02A5-80F2-4055-98F7-549C38771EFE.jpg?v=1762877200,3,"",,,,,,,,,,,,,,,,,,https://cdn.shopify.com/s/files/1/0908/5508/0263/files/67571ED3-09B7-4DDD-913E-5D246ECB81AD.jpg?v=1762877270,kg,,,
boucle-d-oreilles-collection-resine-1,,,,,,,,,Boucle d’oreilles collection : Résine 5,,,,,,,,,0.0,shopify,1,deny,manual,16.00,,true,true,,,,,,https://cdn.shopify.com/s/files/1/0908/5508/0263/files/67571ED3-09B7-4DDD-913E-5D246ECB81AD.jpg?v=1762877270,4,"",,,,,,,,,,,,,,,,,,https://cdn.shopify.com/s/files/1/0908/5508/0263/files/86598587-60F9-4ECC-BBC3-B5F5C75CC9F4.jpg?v=1762877332,kg,,,
boucle-d-oreilles-collection-resine-1,,,,,,,,,Boucle d’oreilles collection : Résine 6,,,,,,,,,0.0,shopify,1,deny,manual,18.00,,true,true,,,,,,https://cdn.shopify.com/s/files/1/0908/5508/0263/files/86598587-60F9-4ECC-BBC3-B5F5C75CC9F4.jpg?v=1762877332,5,"",,,,,,,,,,,,,,,,,,https://cdn.shopify.com/s/files/1/0908/5508/0263/files/85887060-DD57-4665-BE7C-BE6AF72F18E6.jpg?v=1762877387,kg,,,
boucle-d-oreilles-collection-resine-1,,,,,,,,,Boucle d’oreilles collection : Résine 7,,,,,,,,,0.0,shopify,1,deny,manual,16.00,,true,true,,,,,,https://cdn.shopify.com/s/files/1/0908/5508/0263/files/85887060-DD57-4665-BE7C-BE6AF72F18E6.jpg?v=1762877387,6,"",,,,,,,,,,,,,,,,,,https://cdn.shopify.com/s/files/1/0908/5508/0263/files/A6BD69B0-200D-46E1-A900-806ECDFF1083.jpg?v=1762877443,kg,,,
boucle-d-oreilles-collection-resine-1,,,,,,,,,Boucle d’oreilles collection : Résine 8,,,,,,,,,0.0,shopify,1,deny,manual,16.00,,true,true,,,,,,https://cdn.shopify.com/s/files/1/0908/5508/0263/files/A6BD69B0-200D-46E1-A900-806ECDFF1083.jpg?v=1762877443,7,"",,,,,,,,,,,,,,,,,,https://cdn.shopify.com/s/files/1/0908/5508/0263/files/BA45A285-CD13-40D5-A004-89F1145444AC.jpg?v=1762877504,kg,,,
boucle-d-oreilles-collection-resine-1,,,,,,,,,Boucle d’oreille collection : Résine 1,,,,,,,,,0.0,shopify,1,deny,manual,16.00,,true,true,,,,,,https://cdn.shopify.com/s/files/1/0908/5508/0263/files/BA45A285-CD13-40D5-A004-89F1145444AC.jpg?v=1762877504,8,"",,,,,,,,,,,,,,,,,,https://cdn.shopify.com/s/files/1/0908/5508/0263/files/D6E83920-E400-431E-B7D8-77B8D70A514A.jpg?v=1762876994,kg,,,
sans-titre-11nov-_15-57,Boucle d’oreilles collection Coeur,"<p><span>Collection Cœur: </span></p>
<p><span>Des boucles d’oreilles délicates déclinées en plusieurs couleurs et styles. Un symbole d’amour et de douceur, imaginé en version pleine, marbrée, pailletée…</span><span> Légères et féminines.</span></p>
<p> </p>
<p class=""p1""><span class=""s1"">Chaque pièce est fabriquée à la main en pâte polymère, certaine sont recouverte de résine.</span></p>
<p class=""p1""><span class=""s1"">Un matériau très délicat, léger et confortable.</span></p>
<p class=""p1""><span class=""s1"">En raison de la nature artisanale de mes produits, aucun produit ne peut être recréé exactement à l'identique. Vous obtiendrez toujours un modèle fait main unique qui correspond à votre style.</span></p>
<p class=""p1""><span class=""s1"">Conseils d'entretien : à conserver dans un endroit propre et sec. Tenir à l'écart des huiles, crèmes, parfums, etc. Ne pas porter dans l'eau. Peut se briser en cas de chute ou de torsion. Pour nettoyer la pâte polymère, frottez doucement avec un chiffon doux.</span></p>",JOLANANAS,Apparel & Accessories > Jewelry > Earrings,Boucle d’oreille,"",true,Cœur,Boucles d’oreille collection : Cœur 2,,,,,,,,,0.0,shopify,1,deny,manual,18.00,,true,true,,,,,,https://cdn.shopify.com/s/files/1/0908/5508/0263/files/AFFB41AE-E9A4-4C8C-B415-99566E86FDF2.jpg?v=1762873370,1,"",false,,,,,,multicolore,,,,polymere; acier-inoxydable; resine,bijoux-pate-polymere,,,,,,https://cdn.shopify.com/s/files/1/0908/5508/0263/files/AFFB41AE-E9A4-4C8C-B415-99566E86FDF2.jpg?v=1762873370,kg,,,active
sans-titre-11nov-_15-57,,,,,,,,,Boucles d’oreille collection : Cœur 3,,,,,,,,,0.0,shopify,1,deny,manual,18.00,,true,true,,,,,,https://cdn.shopify.com/s/files/1/0908/5508/0263/files/D5081E2A-8636-4F12-949C-2AFA43B6E432.jpg?v=1762873458,2,"",,,,,,,,,,,,,,,,,,https://cdn.shopify.com/s/files/1/0908/5508/0263/files/D5081E2A-8636-4F12-949C-2AFA43B6E432.jpg?v=1762873458,kg,,,
sans-titre-11nov-_15-57,,,,,,,,,Boucles d’oreille collection : Cœur 4,,,,,,,,,0.0,shopify,1,deny,manual,18.00,,true,true,,,,,,https://cdn.shopify.com/s/files/1/0908/5508/0263/files/57481DDD-59EF-4060-B4A0-FB01BAB393E7.jpg?v=1762873518,3,"",,,,,,,,,,,,,,,,,,https://cdn.shopify.com/s/files/1/0908/5508/0263/files/57481DDD-59EF-4060-B4A0-FB01BAB393E7.jpg?v=1762873518,kg,,,
sans-titre-11nov-_15-57,,,,,,,,,Boucles d’oreille collection : Cœur 5,,,,,,,,,0.0,shopify,1,deny,manual,18.00,,true,true,,,,,,https://cdn.shopify.com/s/files/1/0908/5508/0263/files/01333107-109B-4FC3-A625-9118E8463DD7.jpg?v=1762873584,4,"",,,,,,,,,,,,,,,,,,https://cdn.shopify.com/s/files/1/0908/5508/0263/files/01333107-109B-4FC3-A625-9118E8463DD7.jpg?v=1762873584,kg,,,
sans-titre-11nov-_15-57,,,,,,,,,Boucles d’oreille collection : Cœur 7,,,,,,,,,0.0,shopify,1,deny,manual,18.00,,true,true,,,,,,https://cdn.shopify.com/s/files/1/0908/5508/0263/files/5E162235-AA67-405D-A11F-8F0F8CB88D48.jpg?v=1762873714,5,"",,,,,,,,,,,,,,,,,,https://cdn.shopify.com/s/files/1/0908/5508/0263/files/5E162235-AA67-405D-A11F-8F0F8CB88D48.jpg?v=1762873714,kg,,,
sans-titre-11nov-_15-57,,,,,,,,,Boucles d’oreille collection : Cœur 8,,,,,,,,,0.0,shopify,1,deny,manual,18.00,,true,true,,,,,,https://cdn.shopify.com/s/files/1/0908/5508/0263/files/BB92798C-DB5A-41E3-9306-77A229EDFCE5.jpg?v=1762873763,6,"",,,,,,,,,,,,,,,,,,https://cdn.shopify.com/s/files/1/0908/5508/0263/files/BB92798C-DB5A-41E3-9306-77A229EDFCE5.jpg?v=1762873763,kg,,,
sans-titre-11nov-_15-57,,,,,,,,,Boucles d’oreille collection : Cœur 9,,,,,,,,,0.0,shopify,1,deny,manual,18.00,,true,true,,,,,,https://cdn.shopify.com/s/files/1/0908/5508/0263/files/32122186-457D-4AFB-B099-FEF1F9F090F0.jpg?v=1762873850,7,"",,,,,,,,,,,,,,,,,,https://cdn.shopify.com/s/files/1/0908/5508/0263/files/32122186-457D-4AFB-B099-FEF1F9F090F0.jpg?v=1762873850,kg,,,
sans-titre-11nov-_15-57,,,,,,,,,Boucles d’oreille collection : Cœur 10,,,,,,,,,0.0,shopify,1,deny,manual,18.00,,true,true,,,,,,https://cdn.shopify.com/s/files/1/0908/5508/0263/files/B18B6D33-3C7B-4989-A9A5-FDE2FA8D61CA.jpg?v=1762873960,8,"",,,,,,,,,,,,,,,,,,https://cdn.shopify.com/s/files/1/0908/5508/0263/files/B18B6D33-3C7B-4989-A9A5-FDE2FA8D61CA.jpg?v=1762873960,kg,,,
sans-titre-11nov-_15-57,,,,,,,,,Boucles d’oreille collection : Cœur 11,,,,,,,,,0.0,shopify,1,deny,manual,18.00,,true,true,,,,,,https://cdn.shopify.com/s/files/1/0908/5508/0263/files/2E603232-6D20-45A5-997E-6A477D2E968E.jpg?v=1762874013,9,"",,,,,,,,,,,,,,,,,,https://cdn.shopify.com/s/files/1/0908/5508/0263/files/2E603232-6D20-45A5-997E-6A477D2E968E.jpg?v=1762874013,kg,,,
sans-titre-11nov-_15-57,,,,,,,,,Boucles d’oreille collection : Cœur 12,,,,,,,,,0.0,shopify,1,deny,manual,18.00,,true,true,,,,,,https://cdn.shopify.com/s/files/1/0908/5508/0263/files/1E260625-478E-4BB7-A7F5-D9AB7BDFB9CD.jpg?v=1762874059,10,"",,,,,,,,,,,,,,,,,,https://cdn.shopify.com/s/files/1/0908/5508/0263/files/1E260625-478E-4BB7-A7F5-D9AB7BDFB9CD.jpg?v=1762874059,kg,,,
sans-titre-11nov-_15-57,,,,,,,,,Boucles d’oreille collection : Cœur 13,,,,,,,,,0.0,shopify,1,deny,manual,18.00,,true,true,,,,,,https://cdn.shopify.com/s/files/1/0908/5508/0263/files/AA4DE657-D4FF-4F98-B205-F701076924D5.jpg?v=1762874137,11,"",,,,,,,,,,,,,,,,,,https://cdn.shopify.com/s/files/1/0908/5508/0263/files/AA4DE657-D4FF-4F98-B205-F701076924D5.jpg?v=1762874137,kg,,,
sans-titre-11nov-_15-57,,,,,,,,,Boucles d’oreille collection : Cœur 14,,,,,,,,,0.0,shopify,1,deny,manual,18.00,,true,true,,,,,,https://cdn.shopify.com/s/files/1/0908/5508/0263/files/039718F5-F458-4DC4-A768-9CF53F1BE7B1.jpg?v=1762874183,12,"",,,,,,,,,,,,,,,,,,https://cdn.shopify.com/s/files/1/0908/5508/0263/files/039718F5-F458-4DC4-A768-9CF53F1BE7B1.jpg?v=1762874183,kg,,,
sans-titre-11nov-_15-57,,,,,,,,,Boucles d’oreille collection : Cœur 15,,,,,,,,,0.0,shopify,1,deny,manual,18.00,,true,true,,,,,,https://cdn.shopify.com/s/files/1/0908/5508/0263/files/D216ABF6-541B-4501-AC1E-8109581CAE1C.jpg?v=1762874239,13,"",,,,,,,,,,,,,,,,,,https://cdn.shopify.com/s/files/1/0908/5508/0263/files/D216ABF6-541B-4501-AC1E-8109581CAE1C.jpg?v=1762874239,kg,,,
sans-titre-11nov-_15-57,,,,,,,,,Boucles d’oreille collection : Cœur 16,,,,,,,,,0.0,shopify,1,deny,manual,18.00,,true,true,,,,,,https://cdn.shopify.com/s/files/1/0908/5508/0263/files/265809D6-AB7C-47AE-A00B-C2D530017D78.jpg?v=1762874319,14,"",,,,,,,,,,,,,,,,,,https://cdn.shopify.com/s/files/1/0908/5508/0263/files/265809D6-AB7C-47AE-A00B-C2D530017D78.jpg?v=1762874319,kg,,,
sans-titre-11nov-_15-57,,,,,,,,,Boucles d’oreille collection : Cœur 17,,,,,,,,,0.0,shopify,1,deny,manual,18.00,,true,true,,,,,,https://cdn.shopify.com/s/files/1/0908/5508/0263/files/C857E882-21E0-4894-8931-497735B02C77.jpg?v=1762874363,15,"",,,,,,,,,,,,,,,,,,https://cdn.shopify.com/s/files/1/0908/5508/0263/files/C857E882-21E0-4894-8931-497735B02C77.jpg?v=1762874363,kg,,,
sans-titre-11nov-_15-57,,,,,,,,,Boucles d’oreille collection : Cœur 18,,,,,,,,,0.0,shopify,1,deny,manual,18.00,,true,true,,,,,,https://cdn.shopify.com/s/files/1/0908/5508/0263/files/EE439926-50CF-4162-8806-F58D2C59B1B6.jpg?v=1762874443,16,"",,,,,,,,,,,,,,,,,,https://cdn.shopify.com/s/files/1/0908/5508/0263/files/EE439926-50CF-4162-8806-F58D2C59B1B6.jpg?v=1762874443,kg,,,
sans-titre-11nov-_15-57,,,,,,,,,Boucles d’oreille collection : Cœur 19,,,,,,,,,0.0,shopify,1,deny,manual,18.00,,true,true,,,,,,https://cdn.shopify.com/s/files/1/0908/5508/0263/files/7880F9C1-40B0-4BD9-BA7A-5DA1E4DC60F4.jpg?v=1762874491,17,"",,,,,,,,,,,,,,,,,,https://cdn.shopify.com/s/files/1/0908/5508/0263/files/7880F9C1-40B0-4BD9-BA7A-5DA1E4DC60F4.jpg?v=1762874491,kg,,,
sans-titre-11nov-_15-57,,,,,,,,,Boucles d’oreille collection : Cœur 20,,,,,,,,,0.0,shopify,1,deny,manual,18.00,,true,true,,,,,,https://cdn.shopify.com/s/files/1/0908/5508/0263/files/3C5DC01A-FCE1-443B-94A1-B9C3108F478C.jpg?v=1762874538,18,"",,,,,,,,,,,,,,,,,,https://cdn.shopify.com/s/files/1/0908/5508/0263/files/3C5DC01A-FCE1-443B-94A1-B9C3108F478C.jpg?v=1762874538,kg,,,
sans-titre-11nov-_15-57,,,,,,,,,Boucles d’oreille collection : Cœur 21,,,,,,,,,0.0,shopify,1,deny,manual,18.00,,true,true,,,,,,https://cdn.shopify.com/s/files/1/0908/5508/0263/files/E9FEFB91-C010-4900-B75F-2A5D8E4FC5B2.jpg?v=1762874582,19,"",,,,,,,,,,,,,,,,,,https://cdn.shopify.com/s/files/1/0908/5508/0263/files/E9FEFB91-C010-4900-B75F-2A5D8E4FC5B2.jpg?v=1762874582,kg,,,
sans-titre-11nov-_15-57,,,,,,,,,Boucles d’oreille collection : Cœur 22,,,,,,,,,0.0,shopify,1,deny,manual,18.00,,true,true,,,,,,https://cdn.shopify.com/s/files/1/0908/5508/0263/files/26939A32-4C3F-4727-9D2E-A0D5E422F703.jpg?v=1762874629,20,"",,,,,,,,,,,,,,,,,,https://cdn.shopify.com/s/files/1/0908/5508/0263/files/26939A32-4C3F-4727-9D2E-A0D5E422F703.jpg?v=1762874629,kg,,,
sans-titre-11nov-_15-57,,,,,,,,,Boucles d’oreille collection : Cœur 23,,,,,,,,,0.0,shopify,1,deny,manual,16.00,,true,true,,,,,,https://cdn.shopify.com/s/files/1/0908/5508/0263/files/D397F64E-E761-422A-9045-B7F2ED10EAD5.jpg?v=1762874684,21,"",,,,,,,,,,,,,,,,,,https://cdn.shopify.com/s/files/1/0908/5508/0263/files/D397F64E-E761-422A-9045-B7F2ED10EAD5.jpg?v=1762874684,kg,,,
sans-titre-11nov-_15-57,,,,,,,,,Boucles d’oreille collection : Cœur 24,,,,,,,,,0.0,shopify,1,deny,manual,16.00,,true,true,,,,,,https://cdn.shopify.com/s/files/1/0908/5508/0263/files/99B47139-80EF-4D4B-8352-24A48434C4AF.jpg?v=1762874740,22,"",,,,,,,,,,,,,,,,,,https://cdn.shopify.com/s/files/1/0908/5508/0263/files/99B47139-80EF-4D4B-8352-24A48434C4AF.jpg?v=1762874740,kg,,,
sans-titre-11nov-_15-57,,,,,,,,,Boucles d’oreille collection : Cœur 25,,,,,,,,,0.0,shopify,1,deny,manual,18.00,,true,true,,,,,,https://cdn.shopify.com/s/files/1/0908/5508/0263/files/23FCE4A0-E1DA-4050-A4E6-7F3C40E02F6D.jpg?v=1762874777,23,"",,,,,,,,,,,,,,,,,,https://cdn.shopify.com/s/files/1/0908/5508/0263/files/23FCE4A0-E1DA-4050-A4E6-7F3C40E02F6D.jpg?v=1762874777,kg,,,
sans-titre-11nov-_15-57,,,,,,,,,Boucles d’oreille collection : Cœur 26,,,,,,,,,0.0,shopify,1,deny,manual,18.00,,true,true,,,,,,https://cdn.shopify.com/s/files/1/0908/5508/0263/files/0DC28E81-EA85-43E6-B64D-5DDA93504905.jpg?v=1762874854,24,"",,,,,,,,,,,,,,,,,,https://cdn.shopify.com/s/files/1/0908/5508/0263/files/0DC28E81-EA85-43E6-B64D-5DDA93504905.jpg?v=1762874854,kg,,,
sans-titre-11nov-_15-57,,,,,,,,,Boucles d’oreille collection : Cœur 27,,,,,,,,,0.0,shopify,1,deny,manual,18.00,,true,true,,,,,,https://cdn.shopify.com/s/files/1/0908/5508/0263/files/92F36B8C-D530-4E07-BE8E-7E2EEDEEA4F8.jpg?v=1762875893,25,"",,,,,,,,,,,,,,,,,,https://cdn.shopify.com/s/files/1/0908/5508/0263/files/92F36B8C-D530-4E07-BE8E-7E2EEDEEA4F8.jpg?v=1762875893,kg,,,
sans-titre-11nov-_15-57,,,,,,,,,Boucles d’oreille collection : Cœur 28,,,,,,,,,0.0,shopify,1,deny,manual,18.00,,true,true,,,,,,https://cdn.shopify.com/s/files/1/0908/5508/0263/files/F0287FBD-9EC3-4327-B23F-CD1B87369355.jpg?v=1762876004,26,"",,,,,,,,,,,,,,,,,,https://cdn.shopify.com/s/files/1/0908/5508/0263/files/F0287FBD-9EC3-4327-B23F-CD1B87369355.jpg?v=1762876004,kg,,,
sans-titre-11nov-_15-57,,,,,,,,,Boucles d’oreille collection : Cœur 1,,,,,,,,,0.0,shopify,1,deny,manual,18.00,,true,true,,,,,,https://cdn.shopify.com/s/files/1/0908/5508/0263/files/F91C73DF-80E4-454A-82BA-F26667AEDC8F.jpg?v=1762876220,27,"",,,,,,,,,,,,,,,,,,https://cdn.shopify.com/s/files/1/0908/5508/0263/files/F91C73DF-80E4-454A-82BA-F26667AEDC8F.jpg?v=1762876220,kg,,,
boucles-d-oreille-collection-les-originales-1,Boucles d’oreille collection :             Les originales,"<p><span>Collection Originales: </span></p>
<p><span>Formes modernes, détails étonnants et finitions lumineuses : une sélection de pièces créatives, pensées pour attirer le regard et révéler votre personnalité.</span></p>
<p class=""p1""><span class=""s1"">Chaque pièce est fabriquée à la main en pâte polymère, certaine sont recouverte de résine.</span></p>
<p class=""p1""><span class=""s1"">Un matériau très délicat, léger et confortable.</span></p>
<p class=""p1""><span class=""s1"">En raison de la nature artisanale de mes produits, aucun produit ne peut être recréé exactement à l'identique. Vous obtiendrez toujours un modèle fait main unique qui correspond à votre style.</span></p>
<p class=""p1""><span class=""s1"">Conseils d'entretien : à conserver dans un endroit propre et sec. Tenir à l'écart des huiles, crèmes, parfums, etc. Ne pas porter dans l'eau. Peut se briser en cas de chute ou de torsion. Pour nettoyer la pâte polymère, frottez doucement avec un chiffon doux.</span></p>
<p class=""p1""><span class=""s1""> </span></p>",JOLANANAS,Apparel & Accessories > Jewelry > Earrings,Boucle d’oreille,"",true,Boucles d’oreille collection : Les originales 2,Boucles d’oreille collection : Les originales 2,,,,,,,,,0.0,shopify,1,deny,manual,18.00,,true,true,,,,,,https://cdn.shopify.com/s/files/1/0908/5508/0263/files/95A00525-1A66-4E86-B084-2124964CA147.jpg?v=1762871752,1,"",false,,,,,,multicolore,,,,polymere; acier-inoxydable,bijoux-pate-polymere,,,,,,https://cdn.shopify.com/s/files/1/0908/5508/0263/files/ED75EBCF-4E96-454B-8DB4-830E83F3D9F5.jpg?v=1762871934,kg,,,active
boucles-d-oreille-collection-les-originales-1,,,,,,,,,Boucles d’oreille collection : Les originales 3,,,,,,,,,0.0,shopify,1,deny,manual,18.00,,true,true,,,,,,https://cdn.shopify.com/s/files/1/0908/5508/0263/files/ED75EBCF-4E96-454B-8DB4-830E83F3D9F5.jpg?v=1762871934,2,"",,,,,,,,,,,,,,,,,,https://cdn.shopify.com/s/files/1/0908/5508/0263/files/CFC32121-1852-4F01-ABC9-EB448C074680.jpg?v=1762872025,kg,,,
boucles-d-oreille-collection-les-originales-1,,,,,,,,,Boucles d’oreille collection : Les originales 4,,,,,,,,,0.0,shopify,1,deny,manual,18.00,,true,true,,,,,,https://cdn.shopify.com/s/files/1/0908/5508/0263/files/CFC32121-1852-4F01-ABC9-EB448C074680.jpg?v=1762872025,3,"",,,,,,,,,,,,,,,,,,https://cdn.shopify.com/s/files/1/0908/5508/0263/files/817CFAB8-2FF5-43A5-8FC5-1FF8F72279F2.jpg?v=1762872074,kg,,,
boucles-d-oreille-collection-les-originales-1,,,,,,,,,Boucles d’oreille collection : Les originales 5,,,,,,,,,0.0,shopify,1,deny,manual,18.00,,true,true,,,,,,https://cdn.shopify.com/s/files/1/0908/5508/0263/files/817CFAB8-2FF5-43A5-8FC5-1FF8F72279F2.jpg?v=1762872074,4,"",,,,,,,,,,,,,,,,,,https://cdn.shopify.com/s/files/1/0908/5508/0263/files/5ADA1977-FB85-47C4-823A-C7813D374200.jpg?v=1762872153,kg,,,
boucles-d-oreille-collection-les-originales-1,,,,,,,,,Boucles d’oreille collection : Les originales 6,,,,,,,,,0.0,shopify,1,deny,manual,18.00,,true,true,,,,,,https://cdn.shopify.com/s/files/1/0908/5508/0263/files/5ADA1977-FB85-47C4-823A-C7813D374200.jpg?v=1762872153,5,"",,,,,,,,,,,,,,,,,,https://cdn.shopify.com/s/files/1/0908/5508/0263/files/3BAB020C-1BA0-413E-B87E-63CB64B3C750.jpg?v=1762872224,kg,,,
boucles-d-oreille-collection-les-originales-1,,,,,,,,,Boucles d’oreille collection : Les originales 7,,,,,,,,,0.0,shopify,1,deny,manual,18.00,,true,true,,,,,,https://cdn.shopify.com/s/files/1/0908/5508/0263/files/3BAB020C-1BA0-413E-B87E-63CB64B3C750.jpg?v=1762872224,6,"",,,,,,,,,,,,,,,,,,https://cdn.shopify.com/s/files/1/0908/5508/0263/files/7FF1FD34-F349-427C-89A6-1460517E69A5.jpg?v=1762872296,kg,,,
boucles-d-oreille-collection-les-originales-1,,,,,,,,,Boucles d’oreille collection : Les originales 8,,,,,,,,,0.0,shopify,1,deny,manual,18.00,,true,true,,,,,,https://cdn.shopify.com/s/files/1/0908/5508/0263/files/7FF1FD34-F349-427C-89A6-1460517E69A5.jpg?v=1762872296,7,"",,,,,,,,,,,,,,,,,,https://cdn.shopify.com/s/files/1/0908/5508/0263/files/134AD5B9-E92D-448E-BE3C-B1A7C1AEEF65.jpg?v=1762872382,kg,,,
boucles-d-oreille-collection-les-originales-1,,,,,,,,,Boucles d’oreille collection : Les originales 9,,,,,,,,,0.0,shopify,1,deny,manual,18.00,,true,true,,,,,,https://cdn.shopify.com/s/files/1/0908/5508/0263/files/134AD5B9-E92D-448E-BE3C-B1A7C1AEEF65.jpg?v=1762872382,8,"",,,,,,,,,,,,,,,,,,https://cdn.shopify.com/s/files/1/0908/5508/0263/files/58C9E722-5F1D-4CE4-A2E8-191665334261.jpg?v=1762872436,kg,,,
boucles-d-oreille-collection-les-originales-1,,,,,,,,,Boucles d’oreille collection : Les originales 10,,,,,,,,,0.0,shopify,1,deny,manual,18.00,,true,true,,,,,,https://cdn.shopify.com/s/files/1/0908/5508/0263/files/58C9E722-5F1D-4CE4-A2E8-191665334261.jpg?v=1762872436,9,"",,,,,,,,,,,,,,,,,,https://cdn.shopify.com/s/files/1/0908/5508/0263/files/1087621F-180C-4BAB-92BE-58020223130D.jpg?v=1762872535,kg,,,
boucles-d-oreille-collection-les-originales-1,,,,,,,,,Boucles d’oreille collection : Les originales 11,,,,,,,,,0.0,shopify,1,deny,manual,18.00,,true,true,,,,,,https://cdn.shopify.com/s/files/1/0908/5508/0263/files/1087621F-180C-4BAB-92BE-58020223130D.jpg?v=1762872535,10,"",,,,,,,,,,,,,,,,,,https://cdn.shopify.com/s/files/1/0908/5508/0263/files/9F7CC17D-27A6-45A3-B13E-CE9C01517F28.jpg?v=1762872591,kg,,,
boucles-d-oreille-collection-les-originales-1,,,,,,,,,Boucles d’oreille collection : Les originales 17,,,,,,,,,0.0,shopify,1,deny,manual,18.00,,true,true,,,,,,https://cdn.shopify.com/s/files/1/0908/5508/0263/files/9F7CC17D-27A6-45A3-B13E-CE9C01517F28.jpg?v=1762872591,11,"",,,,,,,,,,,,,,,,,,https://cdn.shopify.com/s/files/1/0908/5508/0263/files/1FEFAE7D-DCFC-46EB-AC7E-18166FBBB81E.jpg?v=1762872702,kg,,,
boucles-d-oreille-collection-les-originales-1,,,,,,,,,Boucles d’oreille collection : Les originales 19,,,,,,,,,0.0,shopify,1,deny,manual,18.00,,true,true,,,,,,https://cdn.shopify.com/s/files/1/0908/5508/0263/files/1FEFAE7D-DCFC-46EB-AC7E-18166FBBB81E.jpg?v=1762872702,12,"",,,,,,,,,,,,,,,,,,https://cdn.shopify.com/s/files/1/0908/5508/0263/files/1F102869-EE1D-43FC-8F31-EAC59FAA0C58.jpg?v=1762872780,kg,,,
boucles-d-oreille-collection-les-originales-1,,,,,,,,,Boucles d’oreilles collection : Les originales 1,,,,,,,,,0.0,shopify,1,deny,manual,18.00,,true,true,,,,,,https://cdn.shopify.com/s/files/1/0908/5508/0263/files/1F102869-EE1D-43FC-8F31-EAC59FAA0C58.jpg?v=1762872780,13,"",,,,,,,,,,,,,,,,,,https://cdn.shopify.com/s/files/1/0908/5508/0263/files/95A00525-1A66-4E86-B084-2124964CA147.jpg?v=1762871752,kg,,,
black-white-pampilles-avec-ou-sans-creoles-n1,🖤Black & White 🤍,"<p><span>Collection Black &amp; White</span></p>
<p><span>Un style minimaliste et élégant : noir profond, blanc éclatant et motifs contrastés. Une collection graphique et intemporelle qui sublime toutes les tenues, du quotidien aux soirées.</span></p>
<p class=""p1""><span class=""s1"">Chaque pièce est fabriquée à la main en pâte polymère, certaine sont recouverte de résine.</span></p>
<p class=""p1""><span class=""s1"">Un matériau très délicat, léger et confortable.</span></p>
<p class=""p1""><span class=""s1"">En raison de la nature artisanale de mes produits, aucun produit ne peut être recréé exactement à l'identique. Vous obtiendrez toujours un modèle fait main unique qui correspond à votre style.</span></p>
<p class=""p1""><span class=""s1"">Conseils d'entretien : à conserver dans un endroit propre et sec. Tenir à l'écart des huiles, crèmes, parfums, etc. Ne pas porter dans l'eau. Peut se briser en cas de chute ou de torsion. Pour nettoyer la pâte polymère, frottez doucement avec un chiffon doux.</span></p>
<p class=""p1""><span class=""s1"">Vous pouvez acheter que la paire de pampilles seule au tarifs de 8€ merci de le préciser à la commande.</span></p>
<p class=""p1""> </p>",JOLANANAS,Apparel & Accessories > Jewelry > Earrings,"","",true,Black & White 🖤🤍,Black & White N2,,,,,,,,,0.0,shopify,1,deny,manual,8.00,,true,true,,,,,,https://cdn.shopify.com/s/files/1/0908/5508/0263/files/D9B7DB36-7F75-4186-A0D5-2BBDC1463D2E.jpg?v=1762870544,1,"",false,,,adultes,,,noir; blanc,diminue,,,,bijoux-pate-polymere,,,,feminin,,https://cdn.shopify.com/s/files/1/0908/5508/0263/files/17C1E6B5-8867-4019-B847-64A000E01EF3.jpg?v=1762870951,kg,,,active
black-white-pampilles-avec-ou-sans-creoles-n1,,,,,,,,,Black & White N4,,,,,,,,,0.0,shopify,1,deny,manual,8.00,,true,true,,,,,,https://cdn.shopify.com/s/files/1/0908/5508/0263/files/17C1E6B5-8867-4019-B847-64A000E01EF3.jpg?v=1762870951,2,"",,,,,,,,,,,,,,,,,,https://cdn.shopify.com/s/files/1/0908/5508/0263/files/EC109977-2423-427B-B98F-68C31783E912.jpg?v=1762871104,kg,,,
black-white-pampilles-avec-ou-sans-creoles-n1,,,,,,,,,Black & White N5,,,,,,,,,0.0,shopify,1,deny,manual,8.00,,true,true,,,,,,https://cdn.shopify.com/s/files/1/0908/5508/0263/files/EC109977-2423-427B-B98F-68C31783E912.jpg?v=1762871104,3,"",,,,,,,,,,,,,,,,,,https://cdn.shopify.com/s/files/1/0908/5508/0263/files/A2B6FBB1-B0EA-4853-ABC9-AF553116640F.jpg?v=1762871183,kg,,,
black-white-pampilles-avec-ou-sans-creoles-n1,,,,,,,,,Black & White N6,,,,,,,,,0.0,shopify,1,deny,manual,8.00,,true,true,,,,,,https://cdn.shopify.com/s/files/1/0908/5508/0263/files/A2B6FBB1-B0EA-4853-ABC9-AF553116640F.jpg?v=1762871183,4,"",,,,,,,,,,,,,,,,,,https://cdn.shopify.com/s/files/1/0908/5508/0263/files/33C9DB2C-0EF4-4478-A9E7-3A972CDD57AD.jpg?v=1762871256,kg,,,
black-white-pampilles-avec-ou-sans-creoles-n1,,,,,,,,,Black & White N7,,,,,,,,,0.0,shopify,1,deny,manual,8.00,,true,true,,,,,,https://cdn.shopify.com/s/files/1/0908/5508/0263/files/33C9DB2C-0EF4-4478-A9E7-3A972CDD57AD.jpg?v=1762871256,5,"",,,,,,,,,,,,,,,,,,https://cdn.shopify.com/s/files/1/0908/5508/0263/files/72EA6A6F-7E6D-4302-A6AC-5D12F965C0E4.jpg?v=1762871320,kg,,,
black-white-pampilles-avec-ou-sans-creoles-n1,,,,,,,,,Black & White,,,,,,,,,0.0,shopify,1,deny,manual,8.00,,true,true,,,,,,https://cdn.shopify.com/s/files/1/0908/5508/0263/files/72EA6A6F-7E6D-4302-A6AC-5D12F965C0E4.jpg?v=1762871320,6,"",,,,,,,,,,,,,,,,,,https://cdn.shopify.com/s/files/1/0908/5508/0263/files/D9B7DB36-7F75-4186-A0D5-2BBDC1463D2E.jpg?v=1762870544,kg,,,
black-white-pampilles-avec-ou-sans-creoles-n1,,,,,,,,,Black & White N8,,,,,,,,,0.0,shopify,1,deny,manual,8.00,,true,true,,,,,,https://cdn.shopify.com/s/files/1/0908/5508/0263/files/F1AB9601-9722-43B7-9990-5FED303D50C7.jpg?v=1763131975,7,"",,,,,,,,,,,,,,,,,,https://cdn.shopify.com/s/files/1/0908/5508/0263/files/F1AB9601-9722-43B7-9990-5FED303D50C7.jpg?v=1763131975,kg,,,
sans-titre-10nov-_23-08,Collection Lunaire N1,"<p><span>Collection Lunaire — gris, marbre &amp; argent doré</span></p>
<ul>
<li><span>tons froids</span></li>
<li><span>argent,  doré ,nacre</span></li>
<li><span>reflets pailletés comme la nuit</span></li>
<li><span>marbrures comme des cratères ou de la pierre</span></li>
</ul>
<p>Des créations élégantes inspirées des teintes douces de la lune : gris marbré, blanc nacré et éclats argentés ou doré. Une collection moderne, chic et facile à porter au quotidien.</p>
<p><span>Chaque pièce est fabriquée à la main en pâte polymère, certaine sont recouverte de résine.</span></p>
<p><span>Un matériau très délicat, léger et confortable.</span></p>
<p><span>En raison de la nature artisanale de mes produits, aucun produit ne peut être recréé exactement à l'identique. Vous obtiendrez toujours un modèle fait main unique qui correspond à votre style.</span></p>
<p><span>Conseils d'entretien : à conserver dans un endroit propre et sec. Tenir à l'écart des huiles, crèmes, parfums, etc. Ne pas porter dans l'eau. Peut se briser en cas de chute ou de torsion. Pour nettoyer la pâte polymère, frottez doucement avec un chiffon doux.  <br><br></span></p>
<p> <span>Créoles non incluses.</span></p>
<p><span>Les créoles peuvent être choisies et commandées séparément afin de personnaliser votre bijou.</span></p>",JOLANANAS,Apparel & Accessories > Jewelry > Earrings,"","",true,Les Lunaires,Les lunaires N4,,,,,,,,,0.0,shopify,1,deny,manual,8.00,,true,true,,,,,,https://cdn.shopify.com/s/files/1/0908/5508/0263/files/7AE2086E-0D98-4DF6-8634-C7DD9AFB6E66.jpg?v=1762856392,1,"",false,,,,,,argent; or; gris,,,,acier-inoxydable; resine; polymere,bijoux-pate-polymere,,,,,,https://cdn.shopify.com/s/files/1/0908/5508/0263/files/1E81FD43-5FF7-40B2-9296-7B792598009F.jpg?v=1762858495,kg,,,active
sans-titre-10nov-_23-08,,,,,,,,,Les lunaires N2,,,,,,,,,0.0,shopify,1,deny,manual,8.00,,true,true,,,,,,https://cdn.shopify.com/s/files/1/0908/5508/0263/files/AC62E871-4043-4451-A674-10CAD3432D93.jpg?v=1762857139,2,"",,,,,,,,,,,,,,,,,,https://cdn.shopify.com/s/files/1/0908/5508/0263/files/AC62E871-4043-4451-A674-10CAD3432D93.jpg?v=1762857139,kg,,,
sans-titre-10nov-_23-08,,,,,,,,,Les lunaires N5,,,,,,,,,0.0,shopify,1,deny,manual,8.00,,true,true,,,,,,https://cdn.shopify.com/s/files/1/0908/5508/0263/files/1E81FD43-5FF7-40B2-9296-7B792598009F.jpg?v=1762858495,3,"",,,,,,,,,,,,,,,,,,https://cdn.shopify.com/s/files/1/0908/5508/0263/files/757FF1C9-8F8F-461C-9CAA-FA04B8E46381.jpg?v=1762865670,kg,,,
sans-titre-10nov-_23-08,,,,,,,,,Les lunaires N6,,,,,,,,,0.0,shopify,1,deny,manual,8.00,,true,true,,,,,,https://cdn.shopify.com/s/files/1/0908/5508/0263/files/757FF1C9-8F8F-461C-9CAA-FA04B8E46381.jpg?v=1762865670,4,"",,,,,,,,,,,,,,,,,,https://cdn.shopify.com/s/files/1/0908/5508/0263/files/154E2EA3-6307-4082-9A20-D4FA709608C3.jpg?v=1762865754,kg,,,
sans-titre-10nov-_23-08,,,,,,,,,Les lunaires N7,,,,,,,,,0.0,shopify,1,deny,manual,8.00,,true,true,,,,,,https://cdn.shopify.com/s/files/1/0908/5508/0263/files/154E2EA3-6307-4082-9A20-D4FA709608C3.jpg?v=1762865754,5,"",,,,,,,,,,,,,,,,,,https://cdn.shopify.com/s/files/1/0908/5508/0263/files/1EFAA664-6550-46E2-8900-B06941D73FD8.jpg?v=1762865815,kg,,,
sans-titre-10nov-_23-08,,,,,,,,,Les lunaires N8,,,,,,,,,0.0,shopify,1,deny,manual,8.00,,true,true,,,,,,https://cdn.shopify.com/s/files/1/0908/5508/0263/files/1EFAA664-6550-46E2-8900-B06941D73FD8.jpg?v=1762865815,6,"",,,,,,,,,,,,,,,,,,https://cdn.shopify.com/s/files/1/0908/5508/0263/files/7483923F-E229-425E-9A5A-7F0A9F0E55B0.jpg?v=1762865947,kg,,,
sans-titre-10nov-_23-08,,,,,,,,,Les lunaires N9,,,,,,,,,0.0,shopify,1,deny,manual,8.00,,true,true,,,,,,https://cdn.shopify.com/s/files/1/0908/5508/0263/files/7483923F-E229-425E-9A5A-7F0A9F0E55B0.jpg?v=1762865947,7,"",,,,,,,,,,,,,,,,,,https://cdn.shopify.com/s/files/1/0908/5508/0263/files/88581A8B-BCBA-4634-B80B-E87459151A61.jpg?v=1762866180,kg,,,
sans-titre-10nov-_23-08,,,,,,,,,Les lunaires N10,,,,,,,,,0.0,shopify,1,deny,manual,8.00,,true,true,,,,,,https://cdn.shopify.com/s/files/1/0908/5508/0263/files/88581A8B-BCBA-4634-B80B-E87459151A61.jpg?v=1762866180,8,"",,,,,,,,,,,,,,,,,,https://cdn.shopify.com/s/files/1/0908/5508/0263/files/87C0D487-3EB0-4488-A471-FC2794F7634E.jpg?v=1762866232,kg,,,
sans-titre-10nov-_23-08,,,,,,,,,Les lunaires N11,,,,,,,,,0.0,shopify,1,deny,manual,8.00,,true,true,,,,,,https://cdn.shopify.com/s/files/1/0908/5508/0263/files/87C0D487-3EB0-4488-A471-FC2794F7634E.jpg?v=1762866232,9,"",,,,,,,,,,,,,,,,,,https://cdn.shopify.com/s/files/1/0908/5508/0263/files/2063D199-51D2-4049-8096-F86FCD67A3B9.jpg?v=1762866340,kg,,,
sans-titre-10nov-_23-08,,,,,,,,,Les lunaires N1,,,,,,,,,0.0,shopify,1,deny,manual,8.00,,true,true,,,,,,https://cdn.shopify.com/s/files/1/0908/5508/0263/files/2063D199-51D2-4049-8096-F86FCD67A3B9.jpg?v=1762866340,10,"",,,,,,,,,,,,,,,,,,https://cdn.shopify.com/s/files/1/0908/5508/0263/files/5ABBE099-23C4-4A27-8A2C-16076DFCC845.jpg?v=1762866551,kg,,,
sans-titre-10nov-_23-08,,,,,,,,,Les lunaires N15,,,,,,,,,0.0,shopify,1,deny,manual,8.00,,true,true,,,,,,https://cdn.shopify.com/s/files/1/0908/5508/0263/files/5ABBE099-23C4-4A27-8A2C-16076DFCC845.jpg?v=1762866551,11,"",,,,,,,,,,,,,,,,,,https://cdn.shopify.com/s/files/1/0908/5508/0263/files/10EF8E0E-717B-49F5-8D93-C299841F7EBF.jpg?v=1762866628,kg,,,
sans-titre-10nov-_23-08,,,,,,,,,Les lunaires N16,,,,,,,,,0.0,shopify,1,deny,manual,8.00,,true,true,,,,,,https://cdn.shopify.com/s/files/1/0908/5508/0263/files/10EF8E0E-717B-49F5-8D93-C299841F7EBF.jpg?v=1762866628,12,"",,,,,,,,,,,,,,,,,,https://cdn.shopify.com/s/files/1/0908/5508/0263/files/1B8CCFCA-F68B-478D-A016-0C56C56645EB.jpg?v=1762866796,kg,,,
sans-titre-10nov-_23-08,,,,,,,,,Les lunaires N,,,,,,,,,0.0,shopify,1,deny,manual,8.00,,true,true,,,,,,https://cdn.shopify.com/s/files/1/0908/5508/0263/files/1B8CCFCA-F68B-478D-A016-0C56C56645EB.jpg?v=1762866796,13,"",,,,,,,,,,,,,,,,,,https://cdn.shopify.com/s/files/1/0908/5508/0263/files/7AE2086E-0D98-4DF6-8634-C7DD9AFB6E66.jpg?v=1762856392,kg,,,
sans-titre-10nov-_23-08,,,,,,,,,Les Lunaires argenté,,,,,,,,,0.0,shopify,1,deny,manual,8.00,,true,true,,,,,,https://cdn.shopify.com/s/files/1/0908/5508/0263/files/B61C13C8-CF31-4831-A9D1-DDD558AC3645.jpg?v=1766491486,14,"",,,,,,,,,,,,,,,,,,https://cdn.shopify.com/s/files/1/0908/5508/0263/files/B61C13C8-CF31-4831-A9D1-DDD558AC3645.jpg?v=1766491486,kg,,,
sans-titre-10nov-_23-08,,,,,,,,,Les lunaires feuilles d’or argent,,,,,,,,,0.0,shopify,1,deny,manual,8.00,,true,true,,,,,,https://cdn.shopify.com/s/files/1/0908/5508/0263/files/4BA0AC21-4FBB-4559-8B41-816AECFDC5B2.jpg?v=1766491543,15,"",,,,,,,,,,,,,,,,,,https://cdn.shopify.com/s/files/1/0908/5508/0263/files/4BA0AC21-4FBB-4559-8B41-816AECFDC5B2.jpg?v=1766491543,kg,,,
sans-titre-10nov-_23-08,,,,,,,,,Les lunaires ronde,,,,,,,,,0.0,shopify,1,deny,manual,8.00,,true,true,,,,,,https://cdn.shopify.com/s/files/1/0908/5508/0263/files/BCD51869-A4DE-4D50-81AC-BDD48E7F7657.jpg?v=1766491604,16,"",,,,,,,,,,,,,,,,,,https://cdn.shopify.com/s/files/1/0908/5508/0263/files/BCD51869-A4DE-4D50-81AC-BDD48E7F7657.jpg?v=1766491604,kg,,,
sans-titre-10nov-_23-08,,,,,,,,,Les lunaires 🌸,,,,,,,,,0.0,shopify,1,deny,manual,8.00,,true,true,,,,,,https://cdn.shopify.com/s/files/1/0908/5508/0263/files/5002D3BA-78D4-4F02-ADD0-4A3FF2652B5F.jpg?v=1766491669,17,"",,,,,,,,,,,,,,,,,,https://cdn.shopify.com/s/files/1/0908/5508/0263/files/5002D3BA-78D4-4F02-ADD0-4A3FF2652B5F.jpg?v=1766491669,kg,,,
sans-titre-10nov-_23-08,,,,,,,,,Les lunaires 🔲,,,,,,,,,0.0,shopify,1,deny,manual,8.00,,true,true,,,,,,https://cdn.shopify.com/s/files/1/0908/5508/0263/files/57848D9E-7C8A-4CD9-A6DD-D37B7580AC90.jpg?v=1766491737,18,"",,,,,,,,,,,,,,,,,,https://cdn.shopify.com/s/files/1/0908/5508/0263/files/57848D9E-7C8A-4CD9-A6DD-D37B7580AC90.jpg?v=1766491737,kg,,,
sans-titre-10nov-_23-08,,,,,,,,,Lunaire 17,,,,,,,,,0.0,shopify,1,deny,manual,8.00,,true,true,,,,,,https://cdn.shopify.com/s/files/1/0908/5508/0263/files/96EE28D2-83FD-40B7-8E75-5A4FE5BBD77F.jpg?v=1771251964,19,"",,,,,,,,,,,,,,,,,,https://cdn.shopify.com/s/files/1/0908/5508/0263/files/96EE28D2-83FD-40B7-8E75-5A4FE5BBD77F.jpg?v=1771251964,kg,,,
boucles-d-oreilles-collection-feuillage-1,Boucles d’oreilles – Collection Feuillage,"<p><span>Ces belles boucles d'oreilles ne manqueront pas de se démarquer ! Chaque pièce est fabriquée à la main en pâte polymère.</span></p>
<p><span>Un matériau très délicat, léger et confortable.</span></p>
<p><span>En raison de la nature artisanale de mes produits, aucun produit ne peut être recréé exactement à l'identique. Vous obtiendrez toujours un modèle fait main unique qui correspond à votre style.</span></p>
<p><span>Conseils d'entretien : à conserver dans un endroit propre et sec. Tenir à l'écart des huiles, crèmes, parfums, etc. Ne pas porter dans l'eau. Peut se briser en cas de chute ou de torsion. Pour nettoyer la pâte polymère, frottez doucement avec un chiffon doux.</span></p>",JOLANANAS,Apparel & Accessories > Jewelry > Earrings,Boucle d’oreille,"",true,Boucles d’oreilles – Collection Feuillage N*2,Boucles d’oreilles – Collection Feuillage N*2,,,,,,,,,0.0,shopify,1,deny,manual,18.00,,true,true,,,,,,https://cdn.shopify.com/s/files/1/0908/5508/0263/files/3DCF409E-0199-4F92-89BE-3B9FCA5DEB8C.jpg?v=1762797355,1,"",false,,,adultes,,,floral,diminue,,,,bijoux-pate-polymere,,,,feminin,,https://cdn.shopify.com/s/files/1/0908/5508/0263/files/3A83A269-4284-468A-B4F6-3F632C767202.jpg?v=1762797807,kg,,,active
boucles-d-oreilles-collection-feuillage-1,,,,,,,,,Boucles d’oreilles – Collection Feuillage N*3,,,,,,,,,0.0,shopify,1,deny,manual,18.00,,true,true,,,,,,https://cdn.shopify.com/s/files/1/0908/5508/0263/files/3A83A269-4284-468A-B4F6-3F632C767202.jpg?v=1762797807,2,"",,,,,,,,,,,,,,,,,,https://cdn.shopify.com/s/files/1/0908/5508/0263/files/0E11FFC2-A179-4955-8F0F-B3E64C34DB73.jpg?v=1762797914,kg,,,
boucles-d-oreilles-collection-feuillage-1,,,,,,,,,Boucles d’oreilles – Collection Feuillage N*4,,,,,,,,,0.0,shopify,1,deny,manual,18.00,,true,true,,,,,,https://cdn.shopify.com/s/files/1/0908/5508/0263/files/0E11FFC2-A179-4955-8F0F-B3E64C34DB73.jpg?v=1762797914,3,"",,,,,,,,,,,,,,,,,,https://cdn.shopify.com/s/files/1/0908/5508/0263/files/88AA789E-7799-4FFB-B91A-755D2A2A0DFB.jpg?v=1762798015,kg,,,
boucles-d-oreilles-collection-feuillage-1,,,,,,,,,Boucles d’oreilles – Collection Feuillage N*5,,,,,,,,,0.0,shopify,1,deny,manual,18.00,,true,true,,,,,,https://cdn.shopify.com/s/files/1/0908/5508/0263/files/88AA789E-7799-4FFB-B91A-755D2A2A0DFB.jpg?v=1762798015,4,"",,,,,,,,,,,,,,,,,,https://cdn.shopify.com/s/files/1/0908/5508/0263/files/FE534E10-39E6-48FF-BA83-33A8343CB553.jpg?v=1762798136,kg,,,
boucles-d-oreilles-collection-feuillage-1,,,,,,,,,Boucles d’oreilles – Collection Feuillage N*7,,,,,,,,,0.0,shopify,1,deny,manual,18.00,,true,true,,,,,,https://cdn.shopify.com/s/files/1/0908/5508/0263/files/FE534E10-39E6-48FF-BA83-33A8343CB553.jpg?v=1762798136,5,"",,,,,,,,,,,,,,,,,,https://cdn.shopify.com/s/files/1/0908/5508/0263/files/09AC95D7-DDCF-485A-ADD8-9052559371D9.jpg?v=1762798261,kg,,,
boucles-d-oreilles-collection-feuillage-1,,,,,,,,,Boucles d’oreilles – Collection Feuillage *8,,,,,,,,,0.0,shopify,1,deny,manual,18.00,,true,true,,,,,,https://cdn.shopify.com/s/files/1/0908/5508/0263/files/09AC95D7-DDCF-485A-ADD8-9052559371D9.jpg?v=1762798261,6,"",,,,,,,,,,,,,,,,,,https://cdn.shopify.com/s/files/1/0908/5508/0263/files/C081470B-EC3A-4FE0-AA83-DC7D7CED5640.jpg?v=1762798347,kg,,,
boucles-d-oreilles-collection-feuillage-1,,,,,,,,,Boucles d’oreilles – Collection Feuillage N*9,,,,,,,,,0.0,shopify,1,deny,manual,18.00,,true,true,,,,,,https://cdn.shopify.com/s/files/1/0908/5508/0263/files/C081470B-EC3A-4FE0-AA83-DC7D7CED5640.jpg?v=1762798347,7,"",,,,,,,,,,,,,,,,,,https://cdn.shopify.com/s/files/1/0908/5508/0263/files/B1B64CF3-709F-4E55-82A4-13D6020DC581.jpg?v=1762798500,kg,,,
boucles-d-oreilles-collection-feuillage-1,,,,,,,,,Boucles d’oreilles – Collection Feuillage N*10,,,,,,,,,0.0,shopify,1,deny,manual,18.00,,true,true,,,,,,https://cdn.shopify.com/s/files/1/0908/5508/0263/files/B1B64CF3-709F-4E55-82A4-13D6020DC581.jpg?v=1762798500,8,"",,,,,,,,,,,,,,,,,,https://cdn.shopify.com/s/files/1/0908/5508/0263/files/5F486A78-49B5-430F-8FD3-430A815781B2.jpg?v=1762798587,kg,,,
boucles-d-oreilles-collection-feuillage-1,,,,,,,,,Boucles d’oreilles – Collection Feuillage N*11,,,,,,,,,0.0,shopify,1,deny,manual,18.00,,true,true,,,,,,https://cdn.shopify.com/s/files/1/0908/5508/0263/files/5F486A78-49B5-430F-8FD3-430A815781B2.jpg?v=1762798587,9,"",,,,,,,,,,,,,,,,,,https://cdn.shopify.com/s/files/1/0908/5508/0263/files/58A5EAA1-108B-4DEE-BD91-FDA636316787.jpg?v=1762798881,kg,,,
boucles-d-oreilles-collection-feuillage-1,,,,,,,,,Boucles d’oreilles – Collection Feuillage N*13,,,,,,,,,0.0,shopify,1,deny,manual,18.00,,true,true,,,,,,https://cdn.shopify.com/s/files/1/0908/5508/0263/files/58A5EAA1-108B-4DEE-BD91-FDA636316787.jpg?v=1762798881,10,"",,,,,,,,,,,,,,,,,,https://cdn.shopify.com/s/files/1/0908/5508/0263/files/CE83516C-AA1D-4BF4-AEAD-695C27B35796.jpg?v=1762799007,kg,,,
boucles-d-oreilles-collection-feuillage-1,,,,,,,,,Boucles d’oreilles – Collection Feuillage N*14,,,,,,,,,0.0,shopify,1,deny,manual,18.00,,true,true,,,,,,https://cdn.shopify.com/s/files/1/0908/5508/0263/files/CE83516C-AA1D-4BF4-AEAD-695C27B35796.jpg?v=1762799007,11,"",,,,,,,,,,,,,,,,,,https://cdn.shopify.com/s/files/1/0908/5508/0263/files/C628F97D-413F-4067-980C-F2001A0F2445.jpg?v=1762799063,kg,,,
boucles-d-oreilles-collection-feuillage-1,,,,,,,,,Boucles d’oreilles – Collection Feuillage N*15,,,,,,,,,0.0,shopify,1,deny,manual,18.00,,true,true,,,,,,https://cdn.shopify.com/s/files/1/0908/5508/0263/files/C628F97D-413F-4067-980C-F2001A0F2445.jpg?v=1762799063,12,"",,,,,,,,,,,,,,,,,,https://cdn.shopify.com/s/files/1/0908/5508/0263/files/414D1C24-9F29-45F9-9529-6A4929E7B429.jpg?v=1762799130,kg,,,
boucles-d-oreilles-collection-feuillage-1,,,,,,,,,Boucles d’oreilles – Collection Feuillage N*16,,,,,,,,,0.0,shopify,1,deny,manual,18.00,,true,true,,,,,,https://cdn.shopify.com/s/files/1/0908/5508/0263/files/414D1C24-9F29-45F9-9529-6A4929E7B429.jpg?v=1762799130,13,"",,,,,,,,,,,,,,,,,,https://cdn.shopify.com/s/files/1/0908/5508/0263/files/50ABB4B0-D89C-4A6E-B420-3C10DD22A4AD.jpg?v=1762799201,kg,,,
boucles-d-oreilles-collection-feuillage-1,,,,,,,,,Boucles d’oreilles Collection Feuillage N*1,,,,,,,,,0.0,shopify,1,deny,manual,18.00,,true,true,,,,,,https://cdn.shopify.com/s/files/1/0908/5508/0263/files/50ABB4B0-D89C-4A6E-B420-3C10DD22A4AD.jpg?v=1762799201,14,"",,,,,,,,,,,,,,,,,,https://cdn.shopify.com/s/files/1/0908/5508/0263/files/3DCF409E-0199-4F92-89BE-3B9FCA5DEB8C.jpg?v=1762797355,kg,,,
bracelet-reglable-coulissant-fruits,Bracelet réglable coulissant fruits,"<p>Découvrez notre bracelet réglable coulissant orné de délicieux fruits en résine. Parfait pour ajouter une touche colorée et ludique à votre poignet, ce bracelet s'adapte à tous les poignets grâce à son système de coulisse pratique. Les détails fruités apportent une note estivale et joyeuse à votre style quotidien. Idéal comme cadeau original ou pour vous faire plaisir, ce bracelet combine confort et fantaisie. À porter seul ou en accumulation pour un look tendance et personnalisé.</p>
<p> </p>",Jolananas,Apparel & Accessories > Jewelry > Bracelets,Bracelet,"",true,Fruits,🥑,,,,,,,,,0.0,shopify,1,deny,manual,1.50,,true,true,,,,,"",https://cdn.shopify.com/s/files/1/0908/5508/0263/files/FAECC69E-E15C-45F7-A08F-CB34D642E42C.jpg?v=1754899178,1,"",false,,,,,corde,multicolore,,,,,,,,,,,https://cdn.shopify.com/s/files/1/0908/5508/0263/files/FAECC69E-E15C-45F7-A08F-CB34D642E42C.jpg?v=1754899178,kg,,,active
bracelet-reglable-coulissant-fruits,,,,,,,,,🍎,,,,,,,,,0.0,shopify,1,deny,manual,1.50,,true,true,,,,,"",,,,,,,,,,,,,,,,,,,,,https://cdn.shopify.com/s/files/1/0908/5508/0263/files/FAECC69E-E15C-45F7-A08F-CB34D642E42C.jpg?v=1754899178,kg,,,
bracelet-reglable-coulissant-fruits,,,,,,,,,🍍,,,,,,,,,0.0,shopify,1,deny,manual,1.50,,true,true,,,,,"",,,,,,,,,,,,,,,,,,,,,https://cdn.shopify.com/s/files/1/0908/5508/0263/files/FAECC69E-E15C-45F7-A08F-CB34D642E42C.jpg?v=1754899178,kg,,,
bracelet-reglable-coulissant-fruits,,,,,,,,,🍋,,,,,,,,,0.0,shopify,1,deny,manual,1.50,,true,true,,,,,"",,,,,,,,,,,,,,,,,,,,,https://cdn.shopify.com/s/files/1/0908/5508/0263/files/FAECC69E-E15C-45F7-A08F-CB34D642E42C.jpg?v=1754899178,kg,,,
bracelet-reglable-coulissant-fruits,,,,,,,,,🐉 (fruit du dragon),,,,,,,,,0.0,shopify,1,deny,manual,1.50,,true,true,,,,,"",,,,,,,,,,,,,,,,,,,,,https://cdn.shopify.com/s/files/1/0908/5508/0263/files/FAECC69E-E15C-45F7-A08F-CB34D642E42C.jpg?v=1754899178,kg,,,
bracelet-reglable-coulissant-fruits,,,,,,,,,🍇,,,,,,,,,0.0,shopify,1,deny,manual,1.50,,true,true,,,,,,,,,,,,,,,,,,,,,,,,,,https://cdn.shopify.com/s/files/1/0908/5508/0263/files/FAECC69E-E15C-45F7-A08F-CB34D642E42C.jpg?v=1754899178,kg,,,
bracelet-reglable-coulissant-fleur-🌸,Bracelet réglable coulissant fleur 🌸,<p>🌸 bracelet réglable coulissant fleur</p>,Jolananas,Apparel & Accessories > Jewelry > Bracelets,Bracelet,"",true,B,Rose,,,,,,,,,0.0,shopify,4,deny,manual,2.50,,true,true,,,,,,https://cdn.shopify.com/s/files/1/0908/5508/0263/files/2E71FEE3-D165-4E59-823A-98E2D0C88954.jpg?v=1766436171,1,"",false,,,tous-ages-1,,corde,floral,,,,,bijoux,,,,unisexe-1,,https://cdn.shopify.com/s/files/1/0908/5508/0263/files/2E71FEE3-D165-4E59-823A-98E2D0C88954.jpg?v=1766436171,kg,,,active
bracelet-reglable-coulissant-fleur-🌸,,,,,,,,,Noir,,,,,,,,,0.0,shopify,2,deny,manual,2.50,,true,true,,,,,,https://cdn.shopify.com/s/files/1/0908/5508/0263/files/C3974E6A-3AC8-48CE-82D5-8604D543A28A.jpg?v=1766436217,2,"",,,,,,,,,,,,,,,,,,https://cdn.shopify.com/s/files/1/0908/5508/0263/files/C3974E6A-3AC8-48CE-82D5-8604D543A28A.jpg?v=1766436217,kg,,,
bracelet-reglable-coulissant-fleur-🌸,,,,,,,,,Blanc,,,,,,,,,0.0,shopify,3,deny,manual,2.50,,true,true,,,,,,https://cdn.shopify.com/s/files/1/0908/5508/0263/files/94941B89-8FBD-4371-9212-F61B0C47C8BA.jpg?v=1766436253,3,"",,,,,,,,,,,,,,,,,,https://cdn.shopify.com/s/files/1/0908/5508/0263/files/94941B89-8FBD-4371-9212-F61B0C47C8BA.jpg?v=1766436253,kg,,,
bracelet-reglable-coulissant-fleur-🌸,,,,,,,,,Bleu,,,,,,,,,0.0,shopify,2,deny,manual,2.50,,true,true,,,,,,https://cdn.shopify.com/s/files/1/0908/5508/0263/files/09170489-9CF6-4750-97D3-8C9C33B9F226.jpg?v=1766436323,4,"",,,,,,,,,,,,,,,,,,https://cdn.shopify.com/s/files/1/0908/5508/0263/files/09170489-9CF6-4750-97D3-8C9C33B9F226.jpg?v=1766436323,kg,,,
bracelet-reglable-coulissant-fleur-🌸,,,,,,,,,Jaune,,,,,,,,,0.0,shopify,2,deny,manual,2.50,,true,true,,,,,,https://cdn.shopify.com/s/files/1/0908/5508/0263/files/D46C2B22-0B4E-47E7-8F6E-A5A05D351942.jpg?v=1766436383,5,"",,,,,,,,,,,,,,,,,,https://cdn.shopify.com/s/files/1/0908/5508/0263/files/D46C2B22-0B4E-47E7-8F6E-A5A05D351942.jpg?v=1766436383,kg,,,
bracelet-reglable-coulissant-fleur-🌸,,,,,,,,,Rouge,,,,,,,,,0.0,shopify,2,deny,manual,2.50,,true,true,,,,,,https://cdn.shopify.com/s/files/1/0908/5508/0263/files/D0A2E57F-9E23-414C-A3C2-94DC858D7AC0.jpg?v=1766436450,6,"",,,,,,,,,,,,,,,,,,https://cdn.shopify.com/s/files/1/0908/5508/0263/files/D0A2E57F-9E23-414C-A3C2-94DC858D7AC0.jpg?v=1766436450,kg,,,
bracelet-reglable-coulissant-fleur-🌸,,,,,,,,,Turquoise,,,,,,,,,0.0,shopify,2,deny,manual,2.50,,true,true,,,,,,https://cdn.shopify.com/s/files/1/0908/5508/0263/files/00774268-E776-4667-99BD-26F06A06331C.jpg?v=1766436496,7,"",,,,,,,,,,,,,,,,,,https://cdn.shopify.com/s/files/1/0908/5508/0263/files/00774268-E776-4667-99BD-26F06A06331C.jpg?v=1766436496,kg,,,
bracelet-reglable-coulissant-fleur-🌸,,,,,,,,,Rose fluo,,,,,,,,,0.0,shopify,2,deny,manual,2.50,,true,true,,,,,,https://cdn.shopify.com/s/files/1/0908/5508/0263/files/7DBC52FD-9ACB-4412-B3D5-CE2547EC0B8B.jpg?v=1766436531,8,"",,,,,,,,,,,,,,,,,,https://cdn.shopify.com/s/files/1/0908/5508/0263/files/7DBC52FD-9ACB-4412-B3D5-CE2547EC0B8B.jpg?v=1766436531,kg,,,
bracelet-reglable-coulissant-fleur-🌸,,,,,,,,,Bleu ciel,,,,,,,,,0.0,shopify,2,deny,manual,2.50,,true,true,,,,,,https://cdn.shopify.com/s/files/1/0908/5508/0263/files/04FD4E1A-7F63-4125-B5EE-76D68F4D9AEE.jpg?v=1766436593,9,"",,,,,,,,,,,,,,,,,,https://cdn.shopify.com/s/files/1/0908/5508/0263/files/04FD4E1A-7F63-4125-B5EE-76D68F4D9AEE.jpg?v=1766436593,kg,,,
bracelet-reglable-coulissant-fleur-🌸,,,,,,,,,Violet,,,,,,,,,0.0,shopify,2,deny,manual,2.50,,true,true,,,,,,https://cdn.shopify.com/s/files/1/0908/5508/0263/files/DE005F48-AC1E-4068-838B-0B09E1839118.jpg?v=1766436630,10,"",,,,,,,,,,,,,,,,,,https://cdn.shopify.com/s/files/1/0908/5508/0263/files/DE005F48-AC1E-4068-838B-0B09E1839118.jpg?v=1766436630,kg,,,
coquillage-et-pierre-r,Coquillage et pierre R,<p>Bracelet 🐚 et pierres réglable coulissant </p>,Jolananas,Apparel & Accessories > Jewelry > Bracelets,Bracelet,"",true,B,Blanc,,,,,,,,,0.0,shopify,1,deny,manual,3.00,,true,true,,,,,,https://cdn.shopify.com/s/files/1/0908/5508/0263/files/D08A4C8E-540E-4493-9361-98E7777D5848.jpg?v=1754898731,1,"",false,,,,,corde,multicolore,,,,,,,,,,,https://cdn.shopify.com/s/files/1/0908/5508/0263/files/D08A4C8E-540E-4493-9361-98E7777D5848.jpg?v=1754898731,kg,,,active
coquillage-et-pierre-r,,,,,,,,,Bleu clair,,,,,,,,,0.0,shopify,1,deny,manual,3.00,,true,true,,,,,,,,,,,,,,,,,,,,,,,,,,https://cdn.shopify.com/s/files/1/0908/5508/0263/files/D08A4C8E-540E-4493-9361-98E7777D5848.jpg?v=1754898731,kg,,,
coquillage-et-pierre-r,,,,,,,,,Violet,,,,,,,,,0.0,shopify,1,deny,manual,3.00,,true,true,,,,,,,,,,,,,,,,,,,,,,,,,,https://cdn.shopify.com/s/files/1/0908/5508/0263/files/D08A4C8E-540E-4493-9361-98E7777D5848.jpg?v=1754898731,kg,,,
coquillage-et-pierre-r,,,,,,,,,Bleu,,,,,,,,,0.0,shopify,1,deny,manual,3.00,,true,true,,,,,,,,,,,,,,,,,,,,,,,,,,https://cdn.shopify.com/s/files/1/0908/5508/0263/files/D08A4C8E-540E-4493-9361-98E7777D5848.jpg?v=1754898731,kg,,,
coquillage-et-pierre-r,,,,,,,,,Rose,,,,,,,,,0.0,shopify,1,deny,manual,3.00,,true,true,,,,,,,,,,,,,,,,,,,,,,,,,,https://cdn.shopify.com/s/files/1/0908/5508/0263/files/D08A4C8E-540E-4493-9361-98E7777D5848.jpg?v=1754898731,kg,,,
bracelet-mer-reglable-coulissant,Bracelet mer réglable coulissant,"<p>Bracelet réglable coulissant thème 🌊 </p>
<p>La couleur des perle peut être différente de la photo.</p>",Jolananas,Apparel & Accessories > Jewelry > Bracelets,Bracelet,"",true,Mer,Étoile de mer rose,,,,,,,,,0.0,shopify,2,deny,manual,3.00,,true,true,,,,,,https://cdn.shopify.com/s/files/1/0908/5508/0263/files/409FD2B4-8579-455C-827C-ED10628097A6.jpg?v=1754898427,1,"",false,,,,,corde,floral; rose; turquoise,,,,,,,,,,,https://cdn.shopify.com/s/files/1/0908/5508/0263/files/409FD2B4-8579-455C-827C-ED10628097A6.jpg?v=1754898427,kg,,,active
bracelet-mer-reglable-coulissant,,,,,,,,,Étoile de mer blanche,,,,,,,,,0.0,shopify,1,deny,manual,3.00,,true,true,,,,,,https://cdn.shopify.com/s/files/1/0908/5508/0263/files/2EA5FC5B-A077-40A2-B9E4-9D48711FE983.jpg?v=1754898460,2,"",,,,,,,,,,,,,,,,,,https://cdn.shopify.com/s/files/1/0908/5508/0263/files/2EA5FC5B-A077-40A2-B9E4-9D48711FE983.jpg?v=1754898460,kg,,,
bracelet-mer-reglable-coulissant,,,,,,,,,Étoile de mer bleu,,,,,,,,,0.0,shopify,1,deny,manual,3.00,,true,true,,,,,,https://cdn.shopify.com/s/files/1/0908/5508/0263/files/B22471C5-82AE-4D69-B197-B7BDBE918909.jpg?v=1754898505,3,"",,,,,,,,,,,,,,,,,,https://cdn.shopify.com/s/files/1/0908/5508/0263/files/B22471C5-82AE-4D69-B197-B7BDBE918909.jpg?v=1754898505,kg,,,
bracelet-mer-reglable-coulissant,,,,,,,,,Coquillage perle bleu rose,,,,,,,,,0.0,shopify,3,deny,manual,3.00,,true,true,,,,,,https://cdn.shopify.com/s/files/1/0908/5508/0263/files/4A45DED5-9189-45C3-A252-15D60D253DBF.jpg?v=1754898546,4,"",,,,,,,,,,,,,,,,,,https://cdn.shopify.com/s/files/1/0908/5508/0263/files/4A45DED5-9189-45C3-A252-15D60D253DBF.jpg?v=1754898546,kg,,,
bracelet-mer-reglable-coulissant,,,,,,,,,Coquillage étoile orange perle rouge blanche,,,,,,,,,0.0,shopify,1,deny,manual,3.00,,true,true,,,,,,https://cdn.shopify.com/s/files/1/0908/5508/0263/files/DF13C36C-6088-4675-998D-F3491B64AA91.jpg?v=1754898609,5,"",,,,,,,,,,,,,,,,,,https://cdn.shopify.com/s/files/1/0908/5508/0263/files/DF13C36C-6088-4675-998D-F3491B64AA91.jpg?v=1754898609,kg,,,
bracelet-mer-reglable-coulissant,,,,,,,,,Étoile de mer violette,,,,,,,,,0.0,shopify,2,deny,manual,3.00,,true,true,,,,,,https://cdn.shopify.com/s/files/1/0908/5508/0263/files/03771A24-1D73-4580-96B9-75DB5FB46359.jpg?v=1754898321,6,"",,,,,,,,,,,,,,,,,,https://cdn.shopify.com/s/files/1/0908/5508/0263/files/03771A24-1D73-4580-96B9-75DB5FB46359.jpg?v=1754898321,kg,,,
bracelet-papillon-reglable-coulissant,Bracelet papillon réglable coulissant,<p>🦋bracelet papillon coulissant réglable.</p>,Jolananas,Apparel & Accessories > Jewelry > Bracelets,Bracelet,"",false,P,Rose,,,,,,,,,0.0,shopify,1,deny,manual,2.50,,true,true,,,,,,https://cdn.shopify.com/s/files/1/0908/5508/0263/files/C57FD68E-C2E0-4064-981B-D89D82521CB6.jpg?v=1754898196,1,"",false,,,tous-ages-1,,perle; corde,rouge; rose; noir,,,,,,,,,unisexe-1,,https://cdn.shopify.com/s/files/1/0908/5508/0263/files/C57FD68E-C2E0-4064-981B-D89D82521CB6.jpg?v=1754898196,kg,,,archived
bracelet-papillon-reglable-coulissant,,,,,,,,,Noir,,,,,,,,,0.0,shopify,1,deny,manual,2.50,,true,true,,,,,,https://cdn.shopify.com/s/files/1/0908/5508/0263/files/A4B64210-BE92-4E2E-BFAC-CBDE27BD8559.jpg?v=1754898236,2,"",,,,,,,,,,,,,,,,,,https://cdn.shopify.com/s/files/1/0908/5508/0263/files/A4B64210-BE92-4E2E-BFAC-CBDE27BD8559.jpg?v=1754898236,kg,,,
bracelet-papillon-reglable-coulissant,,,,,,,,,,,,,,,,,,,,,,,,,,,,,,,,https://cdn.shopify.com/s/files/1/0908/5508/0263/files/D74FB17A-2570-40C9-B6DD-5646AF22CB88.jpg?v=1754898086,3,"",,,,,,,,,,,,,,,,,,,,,,
bracelet-fleur-reglable-coulissant,Bracelet fleur réglable coulissant,"<p> 🌼Bracelet fleur réglable coulissant.</p>
<p> </p>",Jolananas,Apparel & Accessories > Jewelry > Bracelets,Bracelet,"",true,Blanc,Blanc,,,,,,,,,0.0,shopify,1,deny,manual,2.50,,true,true,,,,,,https://cdn.shopify.com/s/files/1/0908/5508/0263/files/9304A877-EFA6-4D05-BA3D-037A002C5E98.jpg?v=1754897718,1,"",false,,,,,perle,floral,,,,,,,,,,,https://cdn.shopify.com/s/files/1/0908/5508/0263/files/9304A877-EFA6-4D05-BA3D-037A002C5E98.jpg?v=1754897718,kg,,,active
bracelet-fleur-reglable-coulissant,,,,,,,,,Bleu,,,,,,,,,0.0,shopify,1,deny,manual,2.50,,true,true,,,,,,https://cdn.shopify.com/s/files/1/0908/5508/0263/files/C9E84154-A647-4CA7-8097-D12845EBDDA2.jpg?v=1754897752,2,"",,,,,,,,,,,,,,,,,,https://cdn.shopify.com/s/files/1/0908/5508/0263/files/C9E84154-A647-4CA7-8097-D12845EBDDA2.jpg?v=1754897752,kg,,,
bracelet-fleur-reglable-coulissant,,,,,,,,,Rouge,,,,,,,,,0.0,shopify,1,deny,manual,2.50,,true,true,,,,,,https://cdn.shopify.com/s/files/1/0908/5508/0263/files/FD5EAF8A-EA3E-4B0F-8DCC-9A2F7D56215B.jpg?v=1754897813,3,"",,,,,,,,,,,,,,,,,,https://cdn.shopify.com/s/files/1/0908/5508/0263/files/FD5EAF8A-EA3E-4B0F-8DCC-9A2F7D56215B.jpg?v=1754897813,kg,,,
bracelet-fleur-reglable-coulissant,,,,,,,,,Noir,,,,,,,,,0.0,shopify,1,deny,manual,2.50,,true,true,,,,,,https://cdn.shopify.com/s/files/1/0908/5508/0263/files/51001F32-156F-4496-8968-2A0F9C27FBEF.jpg?v=1754897844,4,"",,,,,,,,,,,,,,,,,,https://cdn.shopify.com/s/files/1/0908/5508/0263/files/51001F32-156F-4496-8968-2A0F9C27FBEF.jpg?v=1754897844,kg,,,
bracelet-fleur-reglable-coulissant,,,,,,,,,Violet,,,,,,,,,0.0,shopify,1,deny,manual,2.50,,true,true,,,,,,https://cdn.shopify.com/s/files/1/0908/5508/0263/files/7763FAEF-F48A-464B-8421-073F31D30727.jpg?v=1754897870,5,"",,,,,,,,,,,,,,,,,,https://cdn.shopify.com/s/files/1/0908/5508/0263/files/7763FAEF-F48A-464B-8421-073F31D30727.jpg?v=1754897870,kg,,,
bracelet-fleur-reglable-coulissant,,,,,,,,,Orange,,,,,,,,,0.0,shopify,1,deny,manual,2.50,,true,true,,,,,,https://cdn.shopify.com/s/files/1/0908/5508/0263/files/FC4627FB-3054-4513-9661-8B8F4BC90A31.jpg?v=1771324961,6,"",,,,,,,,,,,,,,,,,,https://cdn.shopify.com/s/files/1/0908/5508/0263/files/FC4627FB-3054-4513-9661-8B8F4BC90A31.jpg?v=1771324961,kg,,,
bracelet-fleur-reglable-coulissant,,,,,,,,,Rose fluo,,,,,,,,,0.0,shopify,1,deny,manual,2.50,,true,true,,,,,,https://cdn.shopify.com/s/files/1/0908/5508/0263/files/DBD951A8-2720-44CB-B59E-B920F065549C.jpg?v=1771325007,7,"",,,,,,,,,,,,,,,,,,https://cdn.shopify.com/s/files/1/0908/5508/0263/files/DBD951A8-2720-44CB-B59E-B920F065549C.jpg?v=1771325007,kg,,,
bracelet-fleur-reglable-coulissant,,,,,,,,,Jaune multicolores,,,,,,,,,0.0,shopify,1,deny,manual,2.50,,true,true,,,,,,https://cdn.shopify.com/s/files/1/0908/5508/0263/files/78EDC310-5FBC-4469-8BAA-09BFF036D9AD.jpg?v=1771325056,8,"",,,,,,,,,,,,,,,,,,https://cdn.shopify.com/s/files/1/0908/5508/0263/files/78EDC310-5FBC-4469-8BAA-09BFF036D9AD.jpg?v=1771325056,kg,,,
barrette-en-resine-fleur-et-feuille-d-or,🌸Barrette en résine fleurs séchées et feuille d’or,"<p>💥 Apportez une touche unique à vos coiffures avec les barrettes faites main en résine.<br> L’accessoire idéal pour ajouter de l’élégance à vos cheveux.</p>
<p>Elles sont parfaites pour toutes les occasions, que ce soit pour un look casual ou une sortie plus habillée. 🌸</p>
<p><br>Chaque modèle est entièrement réalisé à la main avec soin et passion.<br>Chaque barrette  est unique : la disposition des fleurs, la densité  peut légèrement varier. <br><br></p>
<p><span>𝖱𝖤𝖬𝖠𝖱𝖰𝖴𝖤𝖲:</span></p>
<p><span>- Les barrettes sont faits mains.   <br> <br>- Chaque barrettes est unique car chaque fleur est différente.  <br></span></p>
<p><span>- Il peut y avoir quelques imperfections mineurs comme des bulles d’air, mais cela leurs donnent du charme.</span></p>
<p><span><br>🌿 Conseils d’entretien :</span></p>
<p><span>- Nettoie-les délicatement avec un chiffon doux et sec.</span></p>
<p><span><br>Un bijou délicat que je crée avec amour.<br></span></p>",Jolananas,Apparel & Accessories > Clothing Accessories > Hair Accessories > Hair Forks & Sticks,Barrette résine cheveux,"",true,U,Fleur séchées ton bleu violet et feuille d’or 2,,,,,,,,,0.0,shopify,1,deny,manual,8.00,,true,true,,,,,,https://cdn.shopify.com/s/files/1/0908/5508/0263/files/25216979-9D90-4C2A-B39B-57F6DFB654A5.jpg?v=1763323941,1,"",false,,,enfants; adultes; adolescents,,,floral,,,,,,,,,feminin,,https://cdn.shopify.com/s/files/1/0908/5508/0263/files/8DC9FFA5-FEE6-474F-B5C9-1BEAE34B6669.jpg?v=1763324583,kg,,,active
barrette-en-resine-fleur-et-feuille-d-or,,,,,,,,,Fleurs séchées rouge et feuille d’or 3,,,,,,,,,0.0,shopify,1,deny,manual,8.00,,true,true,,,,,,https://cdn.shopify.com/s/files/1/0908/5508/0263/files/480E5BB9-7D69-4721-A3D3-F9A000BAA043.jpg?v=1763324126,2,"",,,,,,,,,,,,,,,,,,https://cdn.shopify.com/s/files/1/0908/5508/0263/files/480E5BB9-7D69-4721-A3D3-F9A000BAA043.jpg?v=1763324126,kg,,,
barrette-en-resine-fleur-et-feuille-d-or,,,,,,,,,Fleur séché tranche d’orange et feuille d’or (21),,,,,,,,,0.0,shopify,1,deny,manual,8.00,,true,true,,,,,,https://cdn.shopify.com/s/files/1/0908/5508/0263/files/8DC9FFA5-FEE6-474F-B5C9-1BEAE34B6669.jpg?v=1763324583,3,"",,,,,,,,,,,,,,,,,,https://cdn.shopify.com/s/files/1/0908/5508/0263/files/25216979-9D90-4C2A-B39B-57F6DFB654A5.jpg?v=1763323941,kg,,,
barrette-en-resine-fleur-et-feuille-d-or,,,,,,,,,Fleurs séchées rose et jaune (13),,,,,,,,,0.0,shopify,1,deny,manual,8.00,,true,true,,,,,,https://cdn.shopify.com/s/files/1/0908/5508/0263/files/07197DC7-F109-4605-A5D2-ED3AE04D8B11.jpg?v=1763324720,4,"",,,,,,,,,,,,,,,,,,https://cdn.shopify.com/s/files/1/0908/5508/0263/files/07197DC7-F109-4605-A5D2-ED3AE04D8B11.jpg?v=1763324720,kg,,,
barrette-en-resine-fleur-et-feuille-d-or,,,,,,,,,Fleurs séchées verte et feuille d’or,,,,,,,,,0.0,shopify,1,deny,manual,8.00,,true,true,,,,,,https://cdn.shopify.com/s/files/1/0908/5508/0263/files/ECAB0E9F-3E7B-493F-A5CA-501D1E8E2570.jpg?v=1763324862,5,"",,,,,,,,,,,,,,,,,,https://cdn.shopify.com/s/files/1/0908/5508/0263/files/ECAB0E9F-3E7B-493F-A5CA-501D1E8E2570.jpg?v=1763324862,kg,,,
barrette-en-resine-fleur-et-feuille-d-or,,,,,,,,,Fleurs séchées bleu et blanche / feuille d’or (32),,,,,,,,,0.0,shopify,1,deny,manual,8.00,,true,true,,,,,,https://cdn.shopify.com/s/files/1/0908/5508/0263/files/3E0A07E9-1F99-48A4-9C78-EF87DE7391CE.jpg?v=1763324947,6,"",,,,,,,,,,,,,,,,,,https://cdn.shopify.com/s/files/1/0908/5508/0263/files/3E0A07E9-1F99-48A4-9C78-EF87DE7391CE.jpg?v=1763324947,kg,,,
barrette-en-resine-fleur-et-feuille-d-or,,,,,,,,,Fleurs séchées bleu et feuille d’or,,,,,,,,,0.0,shopify,1,deny,manual,8.00,,true,true,,,,,,https://cdn.shopify.com/s/files/1/0908/5508/0263/files/EBF30B68-62D1-44CE-BFDA-FE777E24ED66.jpg?v=1771325601,7,"",,,,,,,,,,,,,,,,,,https://cdn.shopify.com/s/files/1/0908/5508/0263/files/EBF30B68-62D1-44CE-BFDA-FE777E24ED66.jpg?v=1771325601,kg,,,
barrette-en-resine-fleur-et-feuille-d-or,,,,,,,,,Fleurs séchées violette et feuille d’or,,,,,,,,,0.0,shopify,1,deny,manual,8.00,,true,true,,,,,,https://cdn.shopify.com/s/files/1/0908/5508/0263/files/B21ED224-6476-4F49-82CE-BFBAA0C034A2.jpg?v=1771325675,8,"",,,,,,,,,,,,,,,,,,https://cdn.shopify.com/s/files/1/0908/5508/0263/files/B21ED224-6476-4F49-82CE-BFBAA0C034A2.jpg?v=1771325675,kg,,,
pince-fleur-orange,Pince fleur orange,"<p>🌸 Pince fleur mate - L’accessoire de l'été qui sublime vos cheveux 🌞ou l’hiver pour donner un côté coloré.Ajoutez une touche de douceur et d'exotisme à votre coiffure. Pratique et tendance, elle s'adapte à toutes vos chevelures et toutes les occasions.</p>
<p>🎁 A offrir ou à s'offrir : un petit accessoire qui fait toujours plaisir !</p>",Jolananas,"Apparel & Accessories > Clothing Accessories > Hair Accessories > Hair Pins, Claws & Clips",Accessoires cheveux,"",true,R,Pince fleur rose mate,,,,,,,,,0.0,shopify,1,deny,manual,2.50,,true,true,,,,,,https://cdn.shopify.com/s/files/1/0908/5508/0263/files/IMG_4382.jpg?v=1753018272,1,"",false,,,,,,orange,,,,,,,,,,,https://cdn.shopify.com/s/files/1/0908/5508/0263/files/A8397EF2-C2BD-4144-A693-3A5519F301F8.jpg?v=1763215024,kg,,,active
pince-fleur-orange,,,,,,,,,Pince fleur oranger,,,,,,,,,0.0,shopify,1,deny,manual,2.50,,true,true,,,,,,https://cdn.shopify.com/s/files/1/0908/5508/0263/files/A8397EF2-C2BD-4144-A693-3A5519F301F8.jpg?v=1763215024,2,"",,,,,,,,,,,,,,,,,,https://cdn.shopify.com/s/files/1/0908/5508/0263/files/IMG_4382.jpg?v=1753018272,kg,,,
pince-fleur-orange,,,,,,,,,Pince fleur rose violet mate,,,,,,,,,0.0,shopify,1,deny,manual,2.50,,true,true,,,,,,https://cdn.shopify.com/s/files/1/0908/5508/0263/files/69F3E357-620C-4505-A29C-3E6439FBD3D2.jpg?v=1763215189,3,"",,,,,,,,,,,,,,,,,,https://cdn.shopify.com/s/files/1/0908/5508/0263/files/69F3E357-620C-4505-A29C-3E6439FBD3D2.jpg?v=1763215189,kg,,,
pince-fleur-orange,,,,,,,,,Pince fleur violette dégradé de rose,,,,,,,,,0.0,shopify,1,deny,manual,2.50,,true,true,,,,,,https://cdn.shopify.com/s/files/1/0908/5508/0263/files/70151D14-6C50-4F9A-BCD5-87BA20BEA92B.jpg?v=1763215238,4,"",,,,,,,,,,,,,,,,,,https://cdn.shopify.com/s/files/1/0908/5508/0263/files/70151D14-6C50-4F9A-BCD5-87BA20BEA92B.jpg?v=1763215238,kg,,,
pince-fleur-orange,,,,,,,,,Pince fleur violine très clair,,,,,,,,,0.0,shopify,1,deny,manual,2.50,,true,true,,,,,,https://cdn.shopify.com/s/files/1/0908/5508/0263/files/84D8F0A4-98E8-4408-BFAF-09B34D0DED16.jpg?v=1763215293,5,"",,,,,,,,,,,,,,,,,,https://cdn.shopify.com/s/files/1/0908/5508/0263/files/84D8F0A4-98E8-4408-BFAF-09B34D0DED16.jpg?v=1763215293,kg,,,
pince-fleur-rose-clair,Pince fleur marguerite rose clair,"<p>🌸 Pince fleur marguerite  - L’accessoire de l'été qui sublime vos cheveux 🌞ou l’hiver pour donner un côté coloré.Ajoutez une touche de douceur et d'exotisme à votre coiffure. Pratique et tendance, elle s'adapte à toutes vos chevelures et toutes les occasions.</p>
<p>🎁 A offrir ou à s'offrir : un petit accessoire qui fait toujours plaisir !</p>",Jolananas,"Apparel & Accessories > Clothing Accessories > Hair Accessories > Hair Pins, Claws & Clips",Accessoires cheveux,"",true,T,Pince fleur bleu clair,,,,,,,,,0.0,shopify,1,deny,manual,2.50,,true,true,,,,,,https://cdn.shopify.com/s/files/1/0908/5508/0263/files/IMG_4405.jpg?v=1753019997,1,"",false,,,tous-ages-1,,,rose,,,,,,,,,feminin,,https://cdn.shopify.com/s/files/1/0908/5508/0263/files/991D8314-43F8-4616-8687-E50DBF39E833.jpg?v=1763213842,kg,,,active
pince-fleur-rose-clair,,,,,,,,,Pince fleur grise,,,,,,,,,0.0,shopify,1,deny,manual,2.50,,true,true,,,,,,https://cdn.shopify.com/s/files/1/0908/5508/0263/files/991D8314-43F8-4616-8687-E50DBF39E833.jpg?v=1763213842,2,"",,,,,,,,,,,,,,,,,,https://cdn.shopify.com/s/files/1/0908/5508/0263/files/353F7E5F-490C-4248-9284-3BA4C34C04D2.jpg?v=1763213898,kg,,,
pince-fleur-rose-clair,,,,,,,,,Pince fleur blanc cassé,,,,,,,,,0.0,shopify,1,deny,manual,2.50,,true,true,,,,,,https://cdn.shopify.com/s/files/1/0908/5508/0263/files/353F7E5F-490C-4248-9284-3BA4C34C04D2.jpg?v=1763213898,3,"",,,,,,,,,,,,,,,,,,https://cdn.shopify.com/s/files/1/0908/5508/0263/files/8669D12E-15A6-4F6A-AE93-65966A3A116C.jpg?v=1763213935,kg,,,
pince-fleur-rose-clair,,,,,,,,,Pince fleur rose,,,,,,,,,0.0,shopify,1,deny,manual,2.50,,true,true,,,,,,https://cdn.shopify.com/s/files/1/0908/5508/0263/files/8669D12E-15A6-4F6A-AE93-65966A3A116C.jpg?v=1763213935,4,"",,,,,,,,,,,,,,,,,,https://cdn.shopify.com/s/files/1/0908/5508/0263/files/5433F3B2-3B23-4DE3-8C36-20BC2B71B3FE.jpg?v=1763213970,kg,,,
pince-fleur-rose-clair,,,,,,,,,Pince fleur turquoise,,,,,,,,,0.0,shopify,1,deny,manual,2.50,,true,true,,,,,,https://cdn.shopify.com/s/files/1/0908/5508/0263/files/5433F3B2-3B23-4DE3-8C36-20BC2B71B3FE.jpg?v=1763213970,5,"",,,,,,,,,,,,,,,,,,https://cdn.shopify.com/s/files/1/0908/5508/0263/files/C8C4CDD9-E2D6-43C8-A85A-F84D076B69D2.jpg?v=1763214004,kg,,,
pince-fleur-rose-clair,,,,,,,,,Pince fleur kaki gris,,,,,,,,,0.0,shopify,1,deny,manual,2.50,,true,true,,,,,,https://cdn.shopify.com/s/files/1/0908/5508/0263/files/C8C4CDD9-E2D6-43C8-A85A-F84D076B69D2.jpg?v=1763214004,6,"",,,,,,,,,,,,,,,,,,https://cdn.shopify.com/s/files/1/0908/5508/0263/files/7AF084B9-4E8C-49D2-878C-93590CEF1B59.jpg?v=1763214042,kg,,,
pince-fleur-rose-clair,,,,,,,,,Pince fleur verte,,,,,,,,,0.0,shopify,1,deny,manual,2.50,,true,true,,,,,,https://cdn.shopify.com/s/files/1/0908/5508/0263/files/7AF084B9-4E8C-49D2-878C-93590CEF1B59.jpg?v=1763214042,7,"",,,,,,,,,,,,,,,,,,https://cdn.shopify.com/s/files/1/0908/5508/0263/files/A22785B6-BD8E-41FD-A2C0-C76147FA8F86.jpg?v=1763214103,kg,,,
pince-fleur-rose-clair,,,,,,,,,Pince fleur marron,,,,,,,,,0.0,shopify,1,deny,manual,2.50,,true,true,,,,,,https://cdn.shopify.com/s/files/1/0908/5508/0263/files/A22785B6-BD8E-41FD-A2C0-C76147FA8F86.jpg?v=1763214103,8,"",,,,,,,,,,,,,,,,,,https://cdn.shopify.com/s/files/1/0908/5508/0263/files/D8D22ED4-C7E5-43C0-B724-BC39C67CA690.jpg?v=1763214134,kg,,,
pince-fleur-rose-clair,,,,,,,,,Pince fleur bleu,,,,,,,,,0.0,shopify,1,deny,manual,2.50,,true,true,,,,,,https://cdn.shopify.com/s/files/1/0908/5508/0263/files/D8D22ED4-C7E5-43C0-B724-BC39C67CA690.jpg?v=1763214134,9,"",,,,,,,,,,,,,,,,,,https://cdn.shopify.com/s/files/1/0908/5508/0263/files/C0737A80-E102-4870-8769-12F7EECA903A.jpg?v=1763214183,kg,,,
pince-fleur-rose-clair,,,,,,,,,Pince fleur violette,,,,,,,,,0.0,shopify,1,deny,manual,2.50,,true,true,,,,,,https://cdn.shopify.com/s/files/1/0908/5508/0263/files/C0737A80-E102-4870-8769-12F7EECA903A.jpg?v=1763214183,10,"",,,,,,,,,,,,,,,,,,https://cdn.shopify.com/s/files/1/0908/5508/0263/files/D19C57B2-C3DE-4139-A00F-98045A9B5061.jpg?v=1763214218,kg,,,
pince-fleur-rose-clair,,,,,,,,,Pince fleur orange foncé,,,,,,,,,0.0,shopify,1,deny,manual,2.50,,true,true,,,,,,https://cdn.shopify.com/s/files/1/0908/5508/0263/files/D19C57B2-C3DE-4139-A00F-98045A9B5061.jpg?v=1763214218,11,"",,,,,,,,,,,,,,,,,,https://cdn.shopify.com/s/files/1/0908/5508/0263/files/058C6AC9-1BB2-4225-AD56-F3AE8D74AA81.jpg?v=1763214247,kg,,,
pince-fleur-rose-clair,,,,,,,,,Pince fleur rose clair,,,,,,,,,0.0,shopify,1,deny,manual,2.50,,true,true,,,,,,https://cdn.shopify.com/s/files/1/0908/5508/0263/files/058C6AC9-1BB2-4225-AD56-F3AE8D74AA81.jpg?v=1763214247,12,"",,,,,,,,,,,,,,,,,,https://cdn.shopify.com/s/files/1/0908/5508/0263/files/IMG_4405.jpg?v=1753019997,kg,,,
pince-fleur-rose-clair,,,,,,,,,Pince fleur noire,,,,,,,,,0.0,shopify,1,deny,manual,2.50,,true,true,,,,,,https://cdn.shopify.com/s/files/1/0908/5508/0263/files/80736F61-26D7-4430-8A2D-65F4C464B055.jpg?v=1763215973,13,"",,,,,,,,,,,,,,,,,,https://cdn.shopify.com/s/files/1/0908/5508/0263/files/80736F61-26D7-4430-8A2D-65F4C464B055.jpg?v=1763215973,kg,,,
pince-fleur-nacre-degrade-rose-poudre,Pince fleur nacré dégradé rose corail,"<p>🌸 Pince fleur nacré dégradé</p>
<p>- L’accessoire de l'été qui sublime vos cheveux 🌞 ou en hiver pour donner une touche coloré.Ajoutez une touche de douceur et d'exotisme à votre coiffure. Pratique et tendance, elle s'adapte à toutes vos chevelures et toutes les occasions.</p>
<p>🎁 A offrir ou à s'offrir : un petit accessoire qui fait toujours plaisir !</p>",Jolananas,"Apparel & Accessories > Clothing Accessories > Hair Accessories > Hair Pins, Claws & Clips",Accessoires cheveux,"",true,T,Pince fleur nacré dégradé gris bleuté blanc,,,,,,,,,0.0,shopify,1,deny,manual,2.50,,true,true,,,,,,https://cdn.shopify.com/s/files/1/0908/5508/0263/files/IMG_4416.jpg?v=1753019828,1,"",false,,,tous-ages-1; enfants; adultes; adolescents,,,rose; vert; blanc; gris; violet,,,,,,,,,feminin,,https://cdn.shopify.com/s/files/1/0908/5508/0263/files/1EE19631-4541-4CDA-A95E-530393D61524.jpg?v=1763213298,kg,,,active
pince-fleur-nacre-degrade-rose-poudre,,,,,,,,,Pince fleur nacré dégradé verte,,,,,,,,,0.0,shopify,1,deny,manual,2.50,,true,true,,,,,,https://cdn.shopify.com/s/files/1/0908/5508/0263/files/1EE19631-4541-4CDA-A95E-530393D61524.jpg?v=1763213298,2,"",,,,,,,,,,,,,,,,,,https://cdn.shopify.com/s/files/1/0908/5508/0263/files/8123BFFD-CB78-4C79-9350-5A49FE101E38.jpg?v=1763213406,kg,,,
pince-fleur-nacre-degrade-rose-poudre,,,,,,,,,Pince fleur nacré dégradé violette,,,,,,,,,0.0,shopify,1,deny,manual,2.50,,true,true,,,,,,https://cdn.shopify.com/s/files/1/0908/5508/0263/files/8123BFFD-CB78-4C79-9350-5A49FE101E38.jpg?v=1763213406,3,"",,,,,,,,,,,,,,,,,,https://cdn.shopify.com/s/files/1/0908/5508/0263/files/5A0DCEF1-9F7E-4BBF-80C3-17074598B742.jpg?v=1763213430,kg,,,
pince-fleur-nacre-degrade-rose-poudre,,,,,,,,,Pince fleur nacré dégradé rose,,,,,,,,,0.0,shopify,1,deny,manual,2.50,,true,true,,,,,,https://cdn.shopify.com/s/files/1/0908/5508/0263/files/5A0DCEF1-9F7E-4BBF-80C3-17074598B742.jpg?v=1763213430,4,"",,,,,,,,,,,,,,,,,,https://cdn.shopify.com/s/files/1/0908/5508/0263/files/A2BEA21E-6E2D-4996-A311-FBC7C065BC05.jpg?v=1763213474,kg,,,
pince-fleur-nacre-degrade-rose-poudre,,,,,,,,,Pince fleur nacré dégradé rose clair,,,,,,,,,0.0,shopify,1,deny,manual,2.50,,true,true,,,,,,https://cdn.shopify.com/s/files/1/0908/5508/0263/files/A2BEA21E-6E2D-4996-A311-FBC7C065BC05.jpg?v=1763213474,5,"",,,,,,,,,,,,,,,,,,https://cdn.shopify.com/s/files/1/0908/5508/0263/files/0947FAFC-AE0D-4444-8083-D365187B8D2E.jpg?v=1763213530,kg,,,
pince-fleur-nacre-degrade-rose-poudre,,,,,,,,,Pince fleur nacré dégradé rose corail,,,,,,,,,0.0,shopify,1,deny,manual,2.50,,true,true,,,,,,https://cdn.shopify.com/s/files/1/0908/5508/0263/files/0947FAFC-AE0D-4444-8083-D365187B8D2E.jpg?v=1763213530,6,"",,,,,,,,,,,,,,,,,,https://cdn.shopify.com/s/files/1/0908/5508/0263/files/IMG_4416.jpg?v=1753019828,kg,,,
🌸-trio-de-pinces-fleurs-blanche-orange,🌸 Trio de pinces fleurs,"<p>🌸 Trio de pinces fleurs . L’accessoire de l'été qui sublime vos cheveux 🌞  ou de l’hiver pour une touche coloré.Ajoutez une touche de douceur et d'exotisme à votre coiffure. Pratique et tendance, elle s'adapte à toutes vos chevelures et toutes les occasions. 🎁 A offrir ou à s'offrir :un petit accessoire qui fait toujours plaisir !</p>
<p>1 grosse pince avec 2moyenne pince </p>",Jolananas,"Apparel & Accessories > Clothing Accessories > Hair Accessories > Hair Pins, Claws & Clips",Accessoires cheveux,"",true,G,Trio de pinces fleurs orangé,,,,,,,,,0.0,shopify,1,deny,manual,5.00,,true,true,,,,,,https://cdn.shopify.com/s/files/1/0908/5508/0263/files/IMG_4422.jpg?v=1753020186,1,"",false,,,,,,orange,,,,,,,,,,,https://cdn.shopify.com/s/files/1/0908/5508/0263/files/B267B774-A175-408B-88B4-FD8007084491.jpg?v=1763212492,kg,,,active
🌸-trio-de-pinces-fleurs-blanche-orange,,,,,,,,,Trio de pinces fleurs jaune,,,,,,,,,0.0,shopify,1,deny,manual,5.00,,true,true,,,,,,https://cdn.shopify.com/s/files/1/0908/5508/0263/files/B267B774-A175-408B-88B4-FD8007084491.jpg?v=1763212492,2,"",,,,,,,,,,,,,,,,,,https://cdn.shopify.com/s/files/1/0908/5508/0263/files/2C416D8B-8462-4AD3-AF95-092996EE0893.jpg?v=1763212588,kg,,,
🌸-trio-de-pinces-fleurs-blanche-orange,,,,,,,,,Trio de pinces fleurs turquoise/verte,,,,,,,,,0.0,shopify,1,deny,manual,5.00,,true,true,,,,,,https://cdn.shopify.com/s/files/1/0908/5508/0263/files/2C416D8B-8462-4AD3-AF95-092996EE0893.jpg?v=1763212588,3,"",,,,,,,,,,,,,,,,,,https://cdn.shopify.com/s/files/1/0908/5508/0263/files/43525F9D-DCDD-4DDF-940D-12DF6ED804B5.jpg?v=1763212647,kg,,,
🌸-trio-de-pinces-fleurs-blanche-orange,,,,,,,,,Trio de pinces fleurs blanche et orange,,,,,,,,,0.0,shopify,1,deny,manual,5.00,,true,true,,,,,,https://cdn.shopify.com/s/files/1/0908/5508/0263/files/43525F9D-DCDD-4DDF-940D-12DF6ED804B5.jpg?v=1763212647,4,"",,,,,,,,,,,,,,,,,,https://cdn.shopify.com/s/files/1/0908/5508/0263/files/IMG_4422.jpg?v=1753020186,kg,,,
petite-pince-fleur-rose,Petite pince fleur coloré nacré,"<p>🌸 Petite pince fleur rose (lot de 2) - L’accessoire de l'été qui sublime vos cheveux 🌞 ou en hiver pour donner un côté coloré.Ajoutez une touche de douceur et d'exotisme à votre coiffure. Pratique et tendance, elle s'adapte à toutes vos chevelures et toutes les occasions. 🎁 A offrir ou à s'offrir :un petit accessoire qui fait toujours plaisir !</p>",Jolananas,"Apparel & Accessories > Clothing Accessories > Hair Accessories > Hair Pins, Claws & Clips",Accessoires cheveux,"",true,Couleurs,Petite pince violette nacré x2,,,,,,,,,0.0,shopify,1,deny,manual,1.60,,true,true,,,,,"",https://cdn.shopify.com/s/files/1/0908/5508/0263/files/IMG_4426.jpg?v=1753020320,1,"",false,,,enfants; adultes; tous-ages-1,,,rose; bleu; violet; orange; vert,,,,,,,,,feminin,,https://cdn.shopify.com/s/files/1/0908/5508/0263/files/46ECE89F-945F-40CE-8D59-A2FD48126902.jpg?v=1763212911,kg,,,active
petite-pince-fleur-rose,,,,,,,,,Petite pince orange nacré x2,,,,,,,,,0.0,shopify,1,deny,manual,1.60,,true,true,,,,,,https://cdn.shopify.com/s/files/1/0908/5508/0263/files/46ECE89F-945F-40CE-8D59-A2FD48126902.jpg?v=1763212911,2,"",,,,,,,,,,,,,,,,,,https://cdn.shopify.com/s/files/1/0908/5508/0263/files/1566E583-493C-4664-9800-1807500DCD33.jpg?v=1763212984,kg,,,
petite-pince-fleur-rose,,,,,,,,,Petite pince bleu nacré x2,,,,,,,,,0.0,shopify,1,deny,manual,1.60,,true,true,,,,,,https://cdn.shopify.com/s/files/1/0908/5508/0263/files/1566E583-493C-4664-9800-1807500DCD33.jpg?v=1763212984,3,"",,,,,,,,,,,,,,,,,,https://cdn.shopify.com/s/files/1/0908/5508/0263/files/2D7AE96F-86E2-4679-B72A-65E96F31ABE9.jpg?v=1763213036,kg,,,
petite-pince-fleur-rose,,,,,,,,,Petite pince vert nacré x2,,,,,,,,,0.0,shopify,1,deny,manual,1.60,,true,true,,,,,,https://cdn.shopify.com/s/files/1/0908/5508/0263/files/2D7AE96F-86E2-4679-B72A-65E96F31ABE9.jpg?v=1763213036,4,"",,,,,,,,,,,,,,,,,,https://cdn.shopify.com/s/files/1/0908/5508/0263/files/4DBF33E1-FA96-45E6-A039-3A4B8E4C7338.jpg?v=1763213076,kg,,,
petite-pince-fleur-rose,,,,,,,,,Petite pince rose nacré x2,,,,,,,,,0.0,shopify,1,deny,manual,1.60,,true,true,,,,,,https://cdn.shopify.com/s/files/1/0908/5508/0263/files/4DBF33E1-FA96-45E6-A039-3A4B8E4C7338.jpg?v=1763213076,5,"",,,,,,,,,,,,,,,,,,https://cdn.shopify.com/s/files/1/0908/5508/0263/files/IMG_4426.jpg?v=1753020320,kg,,,
